pmid,disease_name,pathway_name,disease_id,pathway_id,category,reference_title,reference_journal,matched_recon3d_pathway,match_method,match_score
18852343,Friedreich ataxia,Porphyrin metabolism,H00067,hsa00860,Neurodegenerative disease,Friedreich ataxia.,Arch Neurol 65:1296-303 (2008),Heme degradation,kegg_id_crossref,1.0
17596984,Friedreich ataxia,Porphyrin metabolism,H00067,hsa00860,Neurodegenerative disease,Advancements in the pathophysiology of Friedreich's Ataxia and new prospects for treatments.,Mol Genet Metab 92:23-35 (2007),Heme degradation,kegg_id_crossref,1.0
16942541,Friedreich ataxia,Porphyrin metabolism,H00067,hsa00860,Neurodegenerative disease,Central nervous system manifestations of mitochondrial disorders.,Acta Neurol Scand 114:217-38 (2006),Heme degradation,kegg_id_crossref,1.0
16805775,Friedreich ataxia,Porphyrin metabolism,H00067,hsa00860,Neurodegenerative disease,The role of mitochondria in inherited neurodegenerative diseases.,J Neurochem 97:1659-75 (2006),Heme degradation,kegg_id_crossref,1.0
15896810,Friedreich ataxia,Porphyrin metabolism,H00067,hsa00860,Neurodegenerative disease,"Oxidative stress, mitochondrial dysfunction and cellular stress response in Friedreich's ataxia.",J Neurol Sci 233:145-62 (2005),Heme degradation,kegg_id_crossref,1.0
19001017,Leber hereditary optic atrophy,Oxidative phosphorylation,H00068,hsa00190,Nervous system disease,Inherited mitochondrial optic neuropathies.,J Med Genet 46:145-58 (2009),Oxidative phosphorylation,name_exact,1.0
16829155,Leber hereditary optic atrophy,Oxidative phosphorylation,H00068,hsa00190,Nervous system disease,Leber's hereditary optic neuropathy: a multifactorial disease.,Prog Retin Eye Res 25:381-96 (2006),Oxidative phosphorylation,name_exact,1.0
16942541,Leber hereditary optic atrophy,Oxidative phosphorylation,H00068,hsa00190,Nervous system disease,Central nervous system manifestations of mitochondrial disorders.,Acta Neurol Scand 114:217-38 (2006),Oxidative phosphorylation,name_exact,1.0
15513454,Leber hereditary optic atrophy,Oxidative phosphorylation,H00068,hsa00190,Nervous system disease,Treatment of Leber's hereditary optic neuropathy: theory to practice.,Semin Ophthalmol 17:33-8 (2002),Oxidative phosphorylation,name_exact,1.0
12464728,Leber hereditary optic atrophy,Oxidative phosphorylation,H00068,hsa00190,Nervous system disease,From genotype to phenotype in Leber hereditary optic neuropathy: still more questions than answers.,J Neuroophthalmol 22:257-61 (2002),Oxidative phosphorylation,name_exact,1.0
8755941,Leber hereditary optic atrophy,Oxidative phosphorylation,H00068,hsa00190,Nervous system disease,Primary pathogenic mtDNA mutations in multigeneration pedigrees with Leber hereditary optic neuropathy.,Am J Hum Genet 59:481-5 (1996),Oxidative phosphorylation,name_exact,1.0
8240102,Leber hereditary optic atrophy,Oxidative phosphorylation,H00068,hsa00190,Nervous system disease,Heteroplasmy in Leber's hereditary optic neuropathy.,Arch Ophthalmol 111:1486-90 (1993),Oxidative phosphorylation,name_exact,1.0
7760326,Leber hereditary optic atrophy,Oxidative phosphorylation,H00068,hsa00190,Nervous system disease,Leber's hereditary optic neuropathy: the clinical relevance of different mitochondrial DNA mutations.,J Med Genet 32:81-7 (1995),Oxidative phosphorylation,name_exact,1.0
3201231,Leber hereditary optic atrophy,Oxidative phosphorylation,H00068,hsa00190,Nervous system disease,Mitochondrial DNA mutation associated with Leber's hereditary optic neuropathy.,Science 242:1427-30 (1988),Oxidative phosphorylation,name_exact,1.0
1634041,Leber hereditary optic atrophy,Oxidative phosphorylation,H00068,hsa00190,Nervous system disease,Leber's hereditary optic neuropathy: a model for mitochondrial neurodegenerative diseases.,FASEB J 6:2791-9 (1992),Oxidative phosphorylation,name_exact,1.0
17552001,Glycogen storage disease,Starch and sucrose metabolism,H00069,hsa00500(N00713+N00718+N00720),Inherited metabolic disorder,Glycogen storage diseases: new perspectives.,World J Gastroenterol 13:2541-53 (2007),Starch and sucrose metabolism,kegg_id_crossref,0.875
17027861,Glycogen storage disease,Starch and sucrose metabolism,H00069,hsa00500(N00713+N00718+N00720),Inherited metabolic disorder,"Glycogen storage disease: clinical, biochemical, and molecular heterogeneity.",Semin Pediatr Neurol 13:115-20 (2006),Starch and sucrose metabolism,kegg_id_crossref,0.875
11949931,Glycogen storage disease,Starch and sucrose metabolism,H00069,hsa00500(N00713+N00718+N00720),Inherited metabolic disorder,Type I glycogen storage diseases: disorders of the glucose-6-phosphatase complex.,Curr Mol Med 2:121-43 (2002),Starch and sucrose metabolism,kegg_id_crossref,0.875
11949932,Glycogen storage disease,Starch and sucrose metabolism,H00069,hsa00500(N00713+N00718+N00720),Inherited metabolic disorder,"Acid alpha-glucosidase deficiency (glycogenosis type II, Pompe disease).",Curr Mol Med 2:145-66 (2002),Starch and sucrose metabolism,kegg_id_crossref,0.875
11949933,Glycogen storage disease,Starch and sucrose metabolism,H00069,hsa00500(N00713+N00718+N00720),Inherited metabolic disorder,Molecular characterization of glycogen storage disease type III.,Curr Mol Med 2:167-75 (2002),Starch and sucrose metabolism,kegg_id_crossref,0.875
11949934,Glycogen storage disease,Starch and sucrose metabolism,H00069,hsa00500(N00713+N00718+N00720),Inherited metabolic disorder,"The variable presentations of glycogen storage disease type IV: a review of clinical, enzymatic and molecular studies.",Curr Mol Med 2:177-88 (2002),Starch and sucrose metabolism,kegg_id_crossref,0.875
11949935,Glycogen storage disease,Starch and sucrose metabolism,H00069,hsa00500(N00713+N00718+N00720),Inherited metabolic disorder,Myophosphorylase deficiency (glycogenosis type V; McArdle disease).,Curr Mol Med 2:189-96 (2002),Starch and sucrose metabolism,kegg_id_crossref,0.875
8655128,Glycogen storage disease,Starch and sucrose metabolism,H00069,hsa00500(N00713+N00718+N00720),Inherited metabolic disorder,Genetic deficiencies of the glycogen phosphorylase system.,Hum Genet 97:551-6 (1996),Starch and sucrose metabolism,kegg_id_crossref,0.875
11949937,Glycogen storage disease,Starch and sucrose metabolism,H00069,hsa00500(N00713+N00718+N00720),Inherited metabolic disorder,Fanconi-Bickel syndrome--a congenital defect of facilitative glucose transport.,Curr Mol Med 2:213-27 (2002),Starch and sucrose metabolism,kegg_id_crossref,0.875
16337419,Glycogen storage disease,Starch and sucrose metabolism,H00069,hsa00500(N00713+N00718+N00720),Inherited metabolic disorder,Hepatic glycogen synthase deficiency: an infrequently recognized cause of ketotic hypoglycemia.,Mol Genet Metab 87:284-8 (2006),Starch and sucrose metabolism,kegg_id_crossref,0.875
8447317,Glycogen storage disease,Starch and sucrose metabolism,H00069,hsa00500(N00713+N00718+N00720),Inherited metabolic disorder,The molecular genetic basis of muscle phosphoglycerate mutase (PGAM) deficiency.,Am J Hum Genet 52:472-7 (1993),Starch and sucrose metabolism,kegg_id_crossref,0.875
2334430,Glycogen storage disease,Starch and sucrose metabolism,H00069,hsa00500(N00713+N00718+N00720),Inherited metabolic disorder,Molecular characterization of genetic mutation in human lactate dehydrogenase-A (M) deficiency.,Biochem Biophys Res Commun 168:677-82 (1990),Starch and sucrose metabolism,kegg_id_crossref,0.875
8598869,Glycogen storage disease,Starch and sucrose metabolism,H00069,hsa00500(N00713+N00718+N00720),Inherited metabolic disorder,Brief report: inherited metabolic myopathy and hemolysis due to a mutation in aldolase A.,N Engl J Med 334:1100-4 (1996),Starch and sucrose metabolism,kegg_id_crossref,0.875
11506403,Glycogen storage disease,Starch and sucrose metabolism,H00069,hsa00500(N00713+N00718+N00720),Inherited metabolic disorder,"Beta-enolase deficiency, a new metabolic myopathy of distal glycolysis.",Ann Neurol 50:202-7 (2001),Starch and sucrose metabolism,kegg_id_crossref,0.875
19625727,Glycogen storage disease,Starch and sucrose metabolism,H00069,hsa00500(N00713+N00718+N00720),Inherited metabolic disorder,Muscle glycogenosis due to phosphoglucomutase 1 deficiency.,N Engl J Med 361:425-7 (2009),Starch and sucrose metabolism,kegg_id_crossref,0.875
20357282,Glycogen storage disease,Starch and sucrose metabolism,H00069,hsa00500(N00713+N00718+N00720),Inherited metabolic disorder,Glycogenin-1 deficiency and inactivated priming of glycogen synthesis.,N Engl J Med 362:1203-10 (2010),Starch and sucrose metabolism,kegg_id_crossref,0.875
15877279,Glycogen storage disease,Starch and sucrose metabolism,H00069,hsa00500(N00713+N00718+N00720),Inherited metabolic disorder,"Fatal congenital heart glycogenosis caused by a recurrent activating R531Q mutation in the gamma 2-subunit of AMP-activated protein kinase (PRKAG2), not by phosphorylase kinase deficiency.",Am J Hum Genet 76:1034-49 (2005),Starch and sucrose metabolism,kegg_id_crossref,0.875
17552001,Glycogen storage disease,Glycolysis / Gluconeogenesis,H00069,hsa00010(N00731),Inherited metabolic disorder,Glycogen storage diseases: new perspectives.,World J Gastroenterol 13:2541-53 (2007),Glycolysis/gluconeogenesis,kegg_id_crossref,0.731
17027861,Glycogen storage disease,Glycolysis / Gluconeogenesis,H00069,hsa00010(N00731),Inherited metabolic disorder,"Glycogen storage disease: clinical, biochemical, and molecular heterogeneity.",Semin Pediatr Neurol 13:115-20 (2006),Glycolysis/gluconeogenesis,kegg_id_crossref,0.731
11949931,Glycogen storage disease,Glycolysis / Gluconeogenesis,H00069,hsa00010(N00731),Inherited metabolic disorder,Type I glycogen storage diseases: disorders of the glucose-6-phosphatase complex.,Curr Mol Med 2:121-43 (2002),Glycolysis/gluconeogenesis,kegg_id_crossref,0.731
11949932,Glycogen storage disease,Glycolysis / Gluconeogenesis,H00069,hsa00010(N00731),Inherited metabolic disorder,"Acid alpha-glucosidase deficiency (glycogenosis type II, Pompe disease).",Curr Mol Med 2:145-66 (2002),Glycolysis/gluconeogenesis,kegg_id_crossref,0.731
11949933,Glycogen storage disease,Glycolysis / Gluconeogenesis,H00069,hsa00010(N00731),Inherited metabolic disorder,Molecular characterization of glycogen storage disease type III.,Curr Mol Med 2:167-75 (2002),Glycolysis/gluconeogenesis,kegg_id_crossref,0.731
11949934,Glycogen storage disease,Glycolysis / Gluconeogenesis,H00069,hsa00010(N00731),Inherited metabolic disorder,"The variable presentations of glycogen storage disease type IV: a review of clinical, enzymatic and molecular studies.",Curr Mol Med 2:177-88 (2002),Glycolysis/gluconeogenesis,kegg_id_crossref,0.731
11949935,Glycogen storage disease,Glycolysis / Gluconeogenesis,H00069,hsa00010(N00731),Inherited metabolic disorder,Myophosphorylase deficiency (glycogenosis type V; McArdle disease).,Curr Mol Med 2:189-96 (2002),Glycolysis/gluconeogenesis,kegg_id_crossref,0.731
8655128,Glycogen storage disease,Glycolysis / Gluconeogenesis,H00069,hsa00010(N00731),Inherited metabolic disorder,Genetic deficiencies of the glycogen phosphorylase system.,Hum Genet 97:551-6 (1996),Glycolysis/gluconeogenesis,kegg_id_crossref,0.731
11949937,Glycogen storage disease,Glycolysis / Gluconeogenesis,H00069,hsa00010(N00731),Inherited metabolic disorder,Fanconi-Bickel syndrome--a congenital defect of facilitative glucose transport.,Curr Mol Med 2:213-27 (2002),Glycolysis/gluconeogenesis,kegg_id_crossref,0.731
16337419,Glycogen storage disease,Glycolysis / Gluconeogenesis,H00069,hsa00010(N00731),Inherited metabolic disorder,Hepatic glycogen synthase deficiency: an infrequently recognized cause of ketotic hypoglycemia.,Mol Genet Metab 87:284-8 (2006),Glycolysis/gluconeogenesis,kegg_id_crossref,0.731
8447317,Glycogen storage disease,Glycolysis / Gluconeogenesis,H00069,hsa00010(N00731),Inherited metabolic disorder,The molecular genetic basis of muscle phosphoglycerate mutase (PGAM) deficiency.,Am J Hum Genet 52:472-7 (1993),Glycolysis/gluconeogenesis,kegg_id_crossref,0.731
2334430,Glycogen storage disease,Glycolysis / Gluconeogenesis,H00069,hsa00010(N00731),Inherited metabolic disorder,Molecular characterization of genetic mutation in human lactate dehydrogenase-A (M) deficiency.,Biochem Biophys Res Commun 168:677-82 (1990),Glycolysis/gluconeogenesis,kegg_id_crossref,0.731
8598869,Glycogen storage disease,Glycolysis / Gluconeogenesis,H00069,hsa00010(N00731),Inherited metabolic disorder,Brief report: inherited metabolic myopathy and hemolysis due to a mutation in aldolase A.,N Engl J Med 334:1100-4 (1996),Glycolysis/gluconeogenesis,kegg_id_crossref,0.731
11506403,Glycogen storage disease,Glycolysis / Gluconeogenesis,H00069,hsa00010(N00731),Inherited metabolic disorder,"Beta-enolase deficiency, a new metabolic myopathy of distal glycolysis.",Ann Neurol 50:202-7 (2001),Glycolysis/gluconeogenesis,kegg_id_crossref,0.731
19625727,Glycogen storage disease,Glycolysis / Gluconeogenesis,H00069,hsa00010(N00731),Inherited metabolic disorder,Muscle glycogenosis due to phosphoglucomutase 1 deficiency.,N Engl J Med 361:425-7 (2009),Glycolysis/gluconeogenesis,kegg_id_crossref,0.731
20357282,Glycogen storage disease,Glycolysis / Gluconeogenesis,H00069,hsa00010(N00731),Inherited metabolic disorder,Glycogenin-1 deficiency and inactivated priming of glycogen synthesis.,N Engl J Med 362:1203-10 (2010),Glycolysis/gluconeogenesis,kegg_id_crossref,0.731
15877279,Glycogen storage disease,Glycolysis / Gluconeogenesis,H00069,hsa00010(N00731),Inherited metabolic disorder,"Fatal congenital heart glycogenosis caused by a recurrent activating R531Q mutation in the gamma 2-subunit of AMP-activated protein kinase (PRKAG2), not by phosphorylase kinase deficiency.",Am J Hum Genet 76:1034-49 (2005),Glycolysis/gluconeogenesis,kegg_id_crossref,0.731
17001680,Galactosemia,Galactose metabolism,H00070,hsa00052(N00847),Inherited metabolic disorder,"Galactosemia: the good, the bad, and the unknown.",J Cell Physiol 209:701-5 (2006),Galactose metabolism,kegg_id_crossref,1.0
16838075,Galactosemia,Galactose metabolism,H00070,hsa00052(N00847),Inherited metabolic disorder,Classical galactosaemia revisited.,J Inherit Metab Dis 29:516-25 (2006),Galactose metabolism,kegg_id_crossref,1.0
9012409,Galactosemia,Galactose metabolism,H00070,hsa00052(N00847),Inherited metabolic disorder,Molecular basis for Duarte and Los Angeles variant galactosemia.,Am J Hum Genet 60:366-72 (1997),Galactose metabolism,kegg_id_crossref,1.0
7670469,Galactosemia,Galactose metabolism,H00070,hsa00052(N00847),Inherited metabolic disorder,Cloning of the galactokinase cDNA and identification of mutations in two families with cataracts.,Nat Genet 10:307-12 (1995),Galactose metabolism,kegg_id_crossref,1.0
9973283,Galactosemia,Galactose metabolism,H00070,hsa00052(N00847),Inherited metabolic disorder,"Identification and characterization of a mutation, in the human UDP-galactose-4-epimerase gene, associated with generalized epimerase-deficiency galactosemia.",Am J Hum Genet 64:462-70 (1999),Galactose metabolism,kegg_id_crossref,1.0
30451973,Galactosemia,Galactose metabolism,H00070,hsa00052(N00847),Inherited metabolic disorder,Biallelic GALM pathogenic variants cause a novel type of galactosemia.,Genet Med 21:1286-1294 (2019),Galactose metabolism,kegg_id_crossref,1.0
16086449,Hereditary fructose intolerance,Fructose and mannose metabolism,H00071,hsa00051,Inherited metabolic disorder,Hereditary fructose intolerance.,Mol Genet Metab 85:165-7 (2005),Fructose and mannose metabolism,kegg_id_crossref,1.0
9610797,Hereditary fructose intolerance,Fructose and mannose metabolism,H00071,hsa00051,Inherited metabolic disorder,Hereditary fructose intolerance.,J Med Genet 35:353-65 (1998),Fructose and mannose metabolism,kegg_id_crossref,1.0
16086449,Hereditary fructose intolerance,Glycolysis / Gluconeogenesis,H00071,hsa00010,Inherited metabolic disorder,Hereditary fructose intolerance.,Mol Genet Metab 85:165-7 (2005),Glycolysis/gluconeogenesis,kegg_id_crossref,0.731
9610797,Hereditary fructose intolerance,Glycolysis / Gluconeogenesis,H00071,hsa00010,Inherited metabolic disorder,Hereditary fructose intolerance.,J Med Genet 35:353-65 (1998),Glycolysis/gluconeogenesis,kegg_id_crossref,0.731
16854608,Pyruvate dehydrogenase complex deficiency,Pyruvate metabolism,H00072,hsa00620,Inherited metabolic disorder,Lactic acidemia and mitochondrial disease.,Mol Genet Metab 89:3-13 (2006),Pyruvate metabolism,kegg_id_crossref,0.833
16156009,Pyruvate dehydrogenase complex deficiency,Pyruvate metabolism,H00072,hsa00620,Inherited metabolic disorder,Disorders of pyruvate metabolism and the tricarboxylic acid cycle.,Mol Genet Metab 85:243-6 (2005),Pyruvate metabolism,kegg_id_crossref,0.833
7853374,Pyruvate dehydrogenase complex deficiency,Pyruvate metabolism,H00072,hsa00620,Inherited metabolic disorder,Pyruvate dehydrogenase deficiency.,J Med Genet 31:875-9 (1994),Pyruvate metabolism,kegg_id_crossref,0.833
16574315,Pyruvate dehydrogenase complex deficiency,Pyruvate metabolism,H00072,hsa00620,Inherited metabolic disorder,Pyruvate dehydrogenase phosphatase deficiency: orphan disease or an under-diagnosed condition?,Mol Cell Endocrinol 249:1-9 (2006),Pyruvate metabolism,kegg_id_crossref,0.833
2537010,Pyruvate dehydrogenase complex deficiency,Pyruvate metabolism,H00072,hsa00620,Inherited metabolic disorder,Defective gene in lactic acidosis: abnormal pyruvate dehydrogenase E1 alpha-subunit caused by a frame shift.,Am J Hum Genet 44:358-64 (1989),Pyruvate metabolism,kegg_id_crossref,0.833
15138885,Pyruvate dehydrogenase complex deficiency,Pyruvate metabolism,H00072,hsa00620,Inherited metabolic disorder,Mutations in the gene for the E1beta subunit: a novel cause of pyruvate dehydrogenase deficiency.,Hum Genet 115:123-7 (2004),Pyruvate metabolism,kegg_id_crossref,0.833
16049940,Pyruvate dehydrogenase complex deficiency,Pyruvate metabolism,H00072,hsa00620,Inherited metabolic disorder,Clinical and genetic spectrum of pyruvate dehydrogenase deficiency: dihydrolipoamide acetyltransferase (E2) deficiency.,Ann Neurol 58:234-41 (2005),Pyruvate metabolism,kegg_id_crossref,0.833
15855260,Pyruvate dehydrogenase complex deficiency,Pyruvate metabolism,H00072,hsa00620,Inherited metabolic disorder,Pyruvate dehydrogenase phosphatase deficiency: identification of the first mutation in two brothers and restoration of activity by protein complementation.,J Clin Endocrinol Metab 90:4101-7 (2005),Pyruvate metabolism,kegg_id_crossref,0.833
9399911,Pyruvate dehydrogenase complex deficiency,Pyruvate metabolism,H00072,hsa00620,Inherited metabolic disorder,"Mutations in PDX1, the human lipoyl-containing component X of the pyruvate dehydrogenase-complex gene on chromosome 11p1, in congenital lactic acidosis.",Am J Hum Genet 61:1318-26 (1997),Pyruvate metabolism,kegg_id_crossref,0.833
8506365,Pyruvate dehydrogenase complex deficiency,Pyruvate metabolism,H00072,hsa00620,Inherited metabolic disorder,Identification of two missense mutations in a dihydrolipoamide dehydrogenase-deficient patient.,Proc Natl Acad Sci U S A 90:5186-90 (1993),Pyruvate metabolism,kegg_id_crossref,0.833
16854608,Pyruvate dehydrogenase complex deficiency,Glycolysis / Gluconeogenesis,H00072,hsa00010,Inherited metabolic disorder,Lactic acidemia and mitochondrial disease.,Mol Genet Metab 89:3-13 (2006),Glycolysis/gluconeogenesis,kegg_id_crossref,0.731
16156009,Pyruvate dehydrogenase complex deficiency,Glycolysis / Gluconeogenesis,H00072,hsa00010,Inherited metabolic disorder,Disorders of pyruvate metabolism and the tricarboxylic acid cycle.,Mol Genet Metab 85:243-6 (2005),Glycolysis/gluconeogenesis,kegg_id_crossref,0.731
7853374,Pyruvate dehydrogenase complex deficiency,Glycolysis / Gluconeogenesis,H00072,hsa00010,Inherited metabolic disorder,Pyruvate dehydrogenase deficiency.,J Med Genet 31:875-9 (1994),Glycolysis/gluconeogenesis,kegg_id_crossref,0.731
16574315,Pyruvate dehydrogenase complex deficiency,Glycolysis / Gluconeogenesis,H00072,hsa00010,Inherited metabolic disorder,Pyruvate dehydrogenase phosphatase deficiency: orphan disease or an under-diagnosed condition?,Mol Cell Endocrinol 249:1-9 (2006),Glycolysis/gluconeogenesis,kegg_id_crossref,0.731
2537010,Pyruvate dehydrogenase complex deficiency,Glycolysis / Gluconeogenesis,H00072,hsa00010,Inherited metabolic disorder,Defective gene in lactic acidosis: abnormal pyruvate dehydrogenase E1 alpha-subunit caused by a frame shift.,Am J Hum Genet 44:358-64 (1989),Glycolysis/gluconeogenesis,kegg_id_crossref,0.731
15138885,Pyruvate dehydrogenase complex deficiency,Glycolysis / Gluconeogenesis,H00072,hsa00010,Inherited metabolic disorder,Mutations in the gene for the E1beta subunit: a novel cause of pyruvate dehydrogenase deficiency.,Hum Genet 115:123-7 (2004),Glycolysis/gluconeogenesis,kegg_id_crossref,0.731
16049940,Pyruvate dehydrogenase complex deficiency,Glycolysis / Gluconeogenesis,H00072,hsa00010,Inherited metabolic disorder,Clinical and genetic spectrum of pyruvate dehydrogenase deficiency: dihydrolipoamide acetyltransferase (E2) deficiency.,Ann Neurol 58:234-41 (2005),Glycolysis/gluconeogenesis,kegg_id_crossref,0.731
15855260,Pyruvate dehydrogenase complex deficiency,Glycolysis / Gluconeogenesis,H00072,hsa00010,Inherited metabolic disorder,Pyruvate dehydrogenase phosphatase deficiency: identification of the first mutation in two brothers and restoration of activity by protein complementation.,J Clin Endocrinol Metab 90:4101-7 (2005),Glycolysis/gluconeogenesis,kegg_id_crossref,0.731
9399911,Pyruvate dehydrogenase complex deficiency,Glycolysis / Gluconeogenesis,H00072,hsa00010,Inherited metabolic disorder,"Mutations in PDX1, the human lipoyl-containing component X of the pyruvate dehydrogenase-complex gene on chromosome 11p1, in congenital lactic acidosis.",Am J Hum Genet 61:1318-26 (1997),Glycolysis/gluconeogenesis,kegg_id_crossref,0.731
8506365,Pyruvate dehydrogenase complex deficiency,Glycolysis / Gluconeogenesis,H00072,hsa00010,Inherited metabolic disorder,Identification of two missense mutations in a dihydrolipoamide dehydrogenase-deficient patient.,Proc Natl Acad Sci U S A 90:5186-90 (1993),Glycolysis/gluconeogenesis,kegg_id_crossref,0.731
18676167,Pyruvate carboxylase deficiency,Pyruvate metabolism,H00073,hsa00620,Inherited metabolic disorder,The molecular basis of pyruvate carboxylase deficiency: mosaicism correlates with prolonged survival.,Mol Genet Metab 95:31-8 (2008),Pyruvate metabolism,kegg_id_crossref,0.833
16156009,Pyruvate carboxylase deficiency,Pyruvate metabolism,H00073,hsa00620,Inherited metabolic disorder,Disorders of pyruvate metabolism and the tricarboxylic acid cycle.,Mol Genet Metab 85:243-6 (2005),Pyruvate metabolism,kegg_id_crossref,0.833
12597053,Pyruvate carboxylase deficiency,Pyruvate metabolism,H00073,hsa00620,Inherited metabolic disorder,Defects of pyruvate metabolism and the Krebs cycle.,J Child Neurol 17 Suppl 3:3S26-33; discussion 3S33-4 (2002),Pyruvate metabolism,kegg_id_crossref,0.833
9585612,Pyruvate carboxylase deficiency,Pyruvate metabolism,H00073,hsa00620,Inherited metabolic disorder,Amerindian pyruvate carboxylase deficiency is associated with two distinct missense mutations.,Am J Hum Genet 62:1312-9 (1998),Pyruvate metabolism,kegg_id_crossref,0.833
18676167,Pyruvate carboxylase deficiency,Citrate cycle (TCA cycle),H00073,hsa00020,Inherited metabolic disorder,The molecular basis of pyruvate carboxylase deficiency: mosaicism correlates with prolonged survival.,Mol Genet Metab 95:31-8 (2008),Citric acid cycle,kegg_id_crossref,0.588
16156009,Pyruvate carboxylase deficiency,Citrate cycle (TCA cycle),H00073,hsa00020,Inherited metabolic disorder,Disorders of pyruvate metabolism and the tricarboxylic acid cycle.,Mol Genet Metab 85:243-6 (2005),Citric acid cycle,kegg_id_crossref,0.588
12597053,Pyruvate carboxylase deficiency,Citrate cycle (TCA cycle),H00073,hsa00020,Inherited metabolic disorder,Defects of pyruvate metabolism and the Krebs cycle.,J Child Neurol 17 Suppl 3:3S26-33; discussion 3S33-4 (2002),Citric acid cycle,kegg_id_crossref,0.588
9585612,Pyruvate carboxylase deficiency,Citrate cycle (TCA cycle),H00073,hsa00020,Inherited metabolic disorder,Amerindian pyruvate carboxylase deficiency is associated with two distinct missense mutations.,Am J Hum Genet 62:1312-9 (1998),Citric acid cycle,kegg_id_crossref,0.588
19319678,Canavan disease,"Alanine, aspartate and glutamate metabolism",H00074,hsa00250,Inherited metabolic disorder,Are astrocytes the missing link between lack of brain aspartoacylase activity and the spongiform leukodystrophy in Canavan disease?,Neurochem Res 34:1523-34 (2009),Alanine and aspartate metabolism,kegg_id_crossref,0.923
17391648,Canavan disease,"Alanine, aspartate and glutamate metabolism",H00074,hsa00250,Inherited metabolic disorder,Mutational analysis of aspartoacylase: implications for Canavan disease.,Brain Res 1148:1-14 (2007),Alanine and aspartate metabolism,kegg_id_crossref,0.923
16807907,Canavan disease,"Alanine, aspartate and glutamate metabolism",H00074,hsa00250,Inherited metabolic disorder,Canavan disease: a white matter disorder.,Ment Retard Dev Disabil Res Rev 12:157-65 (2006),Alanine and aspartate metabolism,kegg_id_crossref,0.923
16647192,Canavan disease,"Alanine, aspartate and glutamate metabolism",H00074,hsa00250,Inherited metabolic disorder,Canavan disease and the role of N-acetylaspartate in myelin synthesis.,Mol Cell Endocrinol 252:216-23 (2006),Alanine and aspartate metabolism,kegg_id_crossref,0.923
14567959,Canavan disease,"Alanine, aspartate and glutamate metabolism",H00074,hsa00250,Inherited metabolic disorder,Canavan disease: a monogenic trait with complex genomic interaction.,Mol Genet Metab 80:74-80 (2003),Alanine and aspartate metabolism,kegg_id_crossref,0.923
12638939,Canavan disease,"Alanine, aspartate and glutamate metabolism",H00074,hsa00250,Inherited metabolic disorder,Identification and characterization of novel mutations of the aspartoacylase gene in non-Jewish patients with Canavan disease.,J Inherit Metab Dis 25:557-70 (2002),Alanine and aspartate metabolism,kegg_id_crossref,0.923
8252036,Canavan disease,"Alanine, aspartate and glutamate metabolism",H00074,hsa00250,Inherited metabolic disorder,Cloning of the human aspartoacylase cDNA and a common missense mutation in Canavan disease.,Nat Genet 5:118-23 (1993),Alanine and aspartate metabolism,kegg_id_crossref,0.923
11058677,Other humoral immunodeficiencies,Cysteine and methionine metabolism,H00087,hsa00270,Immune system disease,Primary immunodeficiency diseases due to defects in lymphocytes.,N Engl J Med 343:1313-24 (2000),Methionine and cysteine metabolism,kegg_id_crossref,0.75
17162365,Other humoral immunodeficiencies,Cysteine and methionine metabolism,H00087,hsa00270,Immune system disease,Current perspectives on primary immunodeficiency diseases.,Clin Dev Immunol 13:223-59 (2006),Methionine and cysteine metabolism,kegg_id_crossref,0.75
15096561,Other humoral immunodeficiencies,Cysteine and methionine metabolism,H00087,hsa00270,Immune system disease,The molecular pathology of primary immunodeficiencies.,J Mol Diagn 6:59-83 (2004),Methionine and cysteine metabolism,kegg_id_crossref,0.75
17952897,Other humoral immunodeficiencies,Cysteine and methionine metabolism,H00087,hsa00270,Immune system disease,Primary immunodeficiency diseases: an update from the International Union of Immunological Societies Primary Immunodeficiency Diseases Classification Committee.,J Allergy Clin Immunol 120:776-94 (2007),Methionine and cysteine metabolism,kegg_id_crossref,0.75
8884571,"Fructose-1,6-bisphosphatase deficiency",Fructose and mannose metabolism,H00114,hsa00051,Inherited metabolic disorder,Disorders of gluconeogenesis.,J Inherit Metab Dis 19:470-7 (1996),Fructose and mannose metabolism,kegg_id_crossref,1.0
8884571,"Fructose-1,6-bisphosphatase deficiency",Glycolysis / Gluconeogenesis,H00114,hsa00010,Inherited metabolic disorder,Disorders of gluconeogenesis.,J Inherit Metab Dis 19:470-7 (1996),Glycolysis/gluconeogenesis,kegg_id_crossref,0.731
16329100,Congenital sucrase-isomaltase deficiency,Starch and sucrose metabolism,H00115,hsa00500,Inherited metabolic disorder,Novel mutations in the human sucrase-isomaltase gene (SI) that cause congenital carbohydrate malabsorption.,Hum Mutat 27:119 (2006),Starch and sucrose metabolism,kegg_id_crossref,0.875
16329100,Congenital sucrase-isomaltase deficiency,Galactose metabolism,H00115,hsa00052,Inherited metabolic disorder,Novel mutations in the human sucrase-isomaltase gene (SI) that cause congenital carbohydrate malabsorption.,Hum Mutat 27:119 (2006),Galactose metabolism,kegg_id_crossref,1.0
16400612,Congenital lactase deficiency,Galactose metabolism,H00116,hsa00052,Inherited metabolic disorder,Mutations in the translated region of the lactase gene (LCT) underlie congenital lactase deficiency.,Am J Hum Genet 78:339-44 (2006),Galactose metabolism,kegg_id_crossref,1.0
14616060,Congenital lactase deficiency,Galactose metabolism,H00116,hsa00052,Inherited metabolic disorder,Genetics of lactase persistence and lactose intolerance.,Annu Rev Genet 37:197-219 (2003),Galactose metabolism,kegg_id_crossref,1.0
17027096,Primary hyperoxaluria,Glyoxylate and dicarboxylate metabolism,H00117,hsa00630,Inherited metabolic disorder,Primary hyperoxaluria type 1: AGT mistargeting highlights the fundamental differences between the peroxisomal and mitochondrial protein import pathways.,Biochim Biophys Acta 1763:1776-84 (2006),ROS detoxification,kegg_id_crossref,1.0
11518794,Primary hyperoxaluria,Glyoxylate and dicarboxylate metabolism,H00117,hsa00630,Inherited metabolic disorder,The primary hyperoxalurias.,J Am Soc Nephrol 12:1986-93 (2001),ROS detoxification,kegg_id_crossref,1.0
9243228,Primary hyperoxaluria,Glyoxylate and dicarboxylate metabolism,H00117,hsa00630,Inherited metabolic disorder,Primary hyperoxaluria type 2.,Eur J Pediatr 156:509-12 (1997),ROS detoxification,kegg_id_crossref,1.0
2039493,Primary hyperoxaluria,Glyoxylate and dicarboxylate metabolism,H00117,hsa00630,Inherited metabolic disorder,Primary hyperoxaluria type I due to a point mutation of T to C in the coding region of the serine:pyruvate aminotransferase gene.,Biochem Biophys Res Commun 176:1093-9 (1991),ROS detoxification,kegg_id_crossref,1.0
10484776,Primary hyperoxaluria,Glyoxylate and dicarboxylate metabolism,H00117,hsa00630,Inherited metabolic disorder,The gene encoding hydroxypyruvate reductase (GRHPR) is mutated in patients with primary hyperoxaluria type II.,Hum Mol Genet 8:2063-9 (1999),ROS detoxification,kegg_id_crossref,1.0
27561601,Primary hyperoxaluria,Glyoxylate and dicarboxylate metabolism,H00117,hsa00630,Inherited metabolic disorder,HOGA1 Gene Mutations of Primary Hyperoxaluria Type 3 in Tunisian Patients.,J Clin Lab Anal 31:e22053 (2017),ROS detoxification,kegg_id_crossref,1.0
18367479,Multiple exostoses,Glycosaminoglycan biosynthesis - heparan sulfate / heparin,H00122,hsa00534(N01582),Inherited metabolic disorder,Heparan sulphate biosynthesis and disease.,J Biochem 144:7-14 (2008),Chondroitin synthesis,kegg_id_crossref,1.0
10679937,Multiple exostoses,Glycosaminoglycan biosynthesis - heparan sulfate / heparin,H00122,hsa00534(N01582),Inherited metabolic disorder,Molecular basis of multiple exostoses: mutations in the EXT1 and EXT2 genes.,Hum Mutat 15:220-7 (2000),Chondroitin synthesis,kegg_id_crossref,1.0
18708002,Fabry disease,Sphingolipid metabolism,H00125,hsa00600(N00644),"Inherited metabolic disorder, Lysosomal disease",Current strategies in the management of lysosomal storage diseases.,Semin Pediatr Neurol 15:119-26 (2008),Sphingolipid metabolism,kegg_id_crossref,0.714
18940466,Fabry disease,Sphingolipid metabolism,H00125,hsa00600(N00644),"Inherited metabolic disorder, Lysosomal disease",Fabry's disease.,Lancet 372:1427-35 (2008),Sphingolipid metabolism,kegg_id_crossref,0.714
16854371,Fabry disease,Sphingolipid metabolism,H00125,hsa00600(N00644),"Inherited metabolic disorder, Lysosomal disease",Sphingolipid metabolism diseases.,Biochim Biophys Acta 1758:2057-79 (2006),Sphingolipid metabolism,kegg_id_crossref,0.714
12633142,Fabry disease,Sphingolipid metabolism,H00125,hsa00600(N00644),"Inherited metabolic disorder, Lysosomal disease",Insights into the diagnosis and treatment of lysosomal storage diseases.,Arch Neurol 60:322-8 (2003),Sphingolipid metabolism,kegg_id_crossref,0.714
19318041,Fabry disease,Sphingolipid metabolism,H00125,hsa00600(N00644),"Inherited metabolic disorder, Lysosomal disease",Fabry disease.,Pharmacol Ther 122:65-77 (2009),Sphingolipid metabolism,kegg_id_crossref,0.714
17279083,Fabry disease,Sphingolipid metabolism,H00125,hsa00600(N00644),"Inherited metabolic disorder, Lysosomal disease",Neurological manifestations in Fabry's disease.,Nat Clin Pract Neurol 3:95-106 (2007),Sphingolipid metabolism,kegg_id_crossref,0.714
18708002,Gaucher disease,Sphingolipid metabolism,H00126,hsa00600(N00640+N00642),"Inherited metabolic disorder, Lysosomal disease",Current strategies in the management of lysosomal storage diseases.,Semin Pediatr Neurol 15:119-26 (2008),Sphingolipid metabolism,kegg_id_crossref,0.714
17644022,Gaucher disease,Sphingolipid metabolism,H00126,hsa00600(N00640+N00642),"Inherited metabolic disorder, Lysosomal disease",Gaucher disease.,Curr Opin Chem Biol 11:412-8 (2007),Sphingolipid metabolism,kegg_id_crossref,0.714
15464415,Gaucher disease,Sphingolipid metabolism,H00126,hsa00600(N00640+N00642),"Inherited metabolic disorder, Lysosomal disease","Gaucher disease: complexity in a ""simple"" disorder.",Mol Genet Metab 83:6-15 (2004),Sphingolipid metabolism,kegg_id_crossref,0.714
12633142,Gaucher disease,Sphingolipid metabolism,H00126,hsa00600(N00640+N00642),"Inherited metabolic disorder, Lysosomal disease",Insights into the diagnosis and treatment of lysosomal storage diseases.,Arch Neurol 60:322-8 (2003),Sphingolipid metabolism,kegg_id_crossref,0.714
23400823,Gaucher disease,Sphingolipid metabolism,H00126,hsa00600(N00640+N00642),"Inherited metabolic disorder, Lysosomal disease",Velaglucerase alfa enzyme replacement therapy compared with imiglucerase in patients with Gaucher disease.,Am J Hematol 88:179-84 (2013),Sphingolipid metabolism,kegg_id_crossref,0.714
15813845,Gaucher disease,Sphingolipid metabolism,H00126,hsa00600(N00640+N00642),"Inherited metabolic disorder, Lysosomal disease",Gaucher disease: pathological mechanisms and modern management.,Br J Haematol 129:178-88 (2005),Sphingolipid metabolism,kegg_id_crossref,0.714
2060627,Gaucher disease,Sphingolipid metabolism,H00126,hsa00600(N00640+N00642),"Inherited metabolic disorder, Lysosomal disease",Mutation in the sphingolipid activator protein 2 in a patient with a variant of Gaucher disease.,FEBS Lett 284:57-9 (1991),Sphingolipid metabolism,kegg_id_crossref,0.714
18708002,Metachromatic leukodystrophy,Sphingolipid metabolism,H00127,hsa00600(N00647),"Inherited metabolic disorder, Lysosomal disease",Current strategies in the management of lysosomal storage diseases.,Semin Pediatr Neurol 15:119-26 (2008),Sphingolipid metabolism,kegg_id_crossref,0.714
18465098,Metachromatic leukodystrophy,Sphingolipid metabolism,H00127,hsa00600(N00647),"Inherited metabolic disorder, Lysosomal disease",The role and metabolism of sulfatide in the nervous system.,Mol Neurobiol 37:93-103 (2008),Sphingolipid metabolism,kegg_id_crossref,0.714
16854371,Metachromatic leukodystrophy,Sphingolipid metabolism,H00127,hsa00600(N00647),"Inherited metabolic disorder, Lysosomal disease",Sphingolipid metabolism diseases.,Biochim Biophys Acta 1758:2057-79 (2006),Sphingolipid metabolism,kegg_id_crossref,0.714
17347913,Metachromatic leukodystrophy,Sphingolipid metabolism,H00127,hsa00600(N00647),"Inherited metabolic disorder, Lysosomal disease","Enzyme, cell and gene-based therapies for metachromatic leukodystrophy.",J Inherit Metab Dis 30:175-83 (2007),Sphingolipid metabolism,kegg_id_crossref,0.714
1670590,Metachromatic leukodystrophy,Sphingolipid metabolism,H00127,hsa00600(N00647),"Inherited metabolic disorder, Lysosomal disease",Molecular basis of different forms of metachromatic leukodystrophy.,N Engl J Med 324:18-22 (1991),Sphingolipid metabolism,kegg_id_crossref,0.714
19267410,Metachromatic leukodystrophy,Sphingolipid metabolism,H00127,hsa00600(N00647),"Inherited metabolic disorder, Lysosomal disease",Prosaposin deficiency and saposin B deficiency (activator-deficient metachromatic leukodystrophy): report on two patients detected by analysis of urinary sphingolipids and carrying novel PSAP gene mutations.,Am J Med Genet A 149A:613-21 (2009),Sphingolipid metabolism,kegg_id_crossref,0.714
15561802,X-linked ichthyosis,Steroid hormone biosynthesis,H00134,hsa00140,Congenital malformation,"Steroid sulfatase: molecular biology, regulation, and inhibition.",Endocr Rev 26:171-202 (2005),Steroid metabolism,kegg_id_crossref,1.0
9252398,X-linked ichthyosis,Steroid hormone biosynthesis,H00134,hsa00140,Congenital malformation,Characterization of point mutations in patients with X-linked ichthyosis. Effects on the structure and function of the steroid sulfatase protein.,J Biol Chem 272:20756-63 (1997),Steroid metabolism,kegg_id_crossref,1.0
18413370,X-linked ichthyosis,Steroid hormone biosynthesis,H00134,hsa00140,Congenital malformation,"X-linked ichthyosis (steroid sulfatase deficiency) is associated with increased risk of attention deficit hyperactivity disorder, autism and social communication deficits.",J Med Genet 45:519-24 (2008),Steroid metabolism,kegg_id_crossref,1.0
18708002,Krabbe disease,Sphingolipid metabolism,H00135,hsa00600(N00644),"Inherited metabolic disorder, Lysosomal disease",Current strategies in the management of lysosomal storage diseases.,Semin Pediatr Neurol 15:119-26 (2008),Sphingolipid metabolism,kegg_id_crossref,0.714
16854371,Krabbe disease,Sphingolipid metabolism,H00135,hsa00600(N00644),"Inherited metabolic disorder, Lysosomal disease",Sphingolipid metabolism diseases.,Biochim Biophys Acta 1758:2057-79 (2006),Sphingolipid metabolism,kegg_id_crossref,0.714
10833326,Krabbe disease,Sphingolipid metabolism,H00135,hsa00600(N00644),"Inherited metabolic disorder, Lysosomal disease",Krabbe disease: genetic aspects and progress toward therapy.,Mol Genet Metab 70:1-9 (2000),Sphingolipid metabolism,kegg_id_crossref,0.714
8297359,Krabbe disease,Sphingolipid metabolism,H00135,hsa00600(N00644),"Inherited metabolic disorder, Lysosomal disease",Krabbe disease: isolation and characterization of a full-length cDNA for human galactocerebrosidase.,Biochem Biophys Res Commun 198:485-91 (1994),Sphingolipid metabolism,kegg_id_crossref,0.714
15773042,Krabbe disease,Sphingolipid metabolism,H00135,hsa00600(N00644),"Inherited metabolic disorder, Lysosomal disease",A mutation in the saposin A coding region of the prosaposin gene in an infant presenting as Krabbe disease: first report of saposin A deficiency in humans.,Mol Genet Metab 84:160-6 (2005),Sphingolipid metabolism,kegg_id_crossref,0.714
18782459,Niemann-Pick disease type C,Cholesterol metabolism,H00136,hsa04979,"Inherited metabolic disorder, Lysosomal disease",The pathogenesis of Niemann-Pick type C disease: a role for autophagy?,Expert Rev Mol Med 10:e26 (2008),Cholesterol metabolism,name_exact,1.0
16797010,Niemann-Pick disease type C,Cholesterol metabolism,H00136,hsa04979,"Inherited metabolic disorder, Lysosomal disease","Lipid imbalance in the neurological disorder, Niemann-Pick C disease.",FEBS Lett 580:5518-24 (2006),Cholesterol metabolism,name_exact,1.0
15207834,Niemann-Pick disease type C,Cholesterol metabolism,H00136,hsa04979,"Inherited metabolic disorder, Lysosomal disease",Cellular pathology of Niemann-Pick type C disease.,Semin Cell Dev Biol 15:445-54 (2004),Cholesterol metabolism,name_exact,1.0
15465424,Niemann-Pick disease type C,Cholesterol metabolism,H00136,hsa04979,"Inherited metabolic disorder, Lysosomal disease",Lipid and cholesterol trafficking in NPC.,Biochim Biophys Acta 1685:28-37 (2004),Cholesterol metabolism,name_exact,1.0
15465426,Niemann-Pick disease type C,Cholesterol metabolism,H00136,hsa04979,"Inherited metabolic disorder, Lysosomal disease",Consequences of NPC1 and NPC2 loss of function in mammalian neurons.,Biochim Biophys Acta 1685:48-62 (2004),Cholesterol metabolism,name_exact,1.0
17689147,Niemann-Pick disease type C,Cholesterol metabolism,H00136,hsa04979,"Inherited metabolic disorder, Lysosomal disease",Miglustat for treatment of Niemann-Pick C disease: a randomised controlled study.,Lancet Neurol 6:765-72 (2007),Cholesterol metabolism,name_exact,1.0
18567738,Niemann-Pick disease type A/B,Sphingolipid metabolism,H00137,hsa00600(N00649),"Inherited metabolic disorder, Lysosomal disease",The unexpected role of acid sphingomyelinase in cell death and the pathophysiology of common diseases.,FASEB J 22:3419-31 (2008),Sphingolipid metabolism,kegg_id_crossref,0.714
18708002,Niemann-Pick disease type A/B,Sphingolipid metabolism,H00137,hsa00600(N00649),"Inherited metabolic disorder, Lysosomal disease",Current strategies in the management of lysosomal storage diseases.,Semin Pediatr Neurol 15:119-26 (2008),Sphingolipid metabolism,kegg_id_crossref,0.714
17632693,Niemann-Pick disease type A/B,Sphingolipid metabolism,H00137,hsa00600(N00649),"Inherited metabolic disorder, Lysosomal disease",The pathogenesis and treatment of acid sphingomyelinase-deficient Niemann-Pick disease.,J Inherit Metab Dis 30:654-63 (2007),Sphingolipid metabolism,kegg_id_crossref,0.714
10760463,Niemann-Pick disease type A/B,Sphingolipid metabolism,H00137,hsa00600(N00649),"Inherited metabolic disorder, Lysosomal disease",Interactions between metabolism and intracellular distribution of cholesterol and sphingomyelin.,Biochim Biophys Acta 1484:129-41 (2000),Sphingolipid metabolism,kegg_id_crossref,0.714
19944693,Niemann-Pick disease type A/B,Sphingolipid metabolism,H00137,hsa00600(N00649),"Inherited metabolic disorder, Lysosomal disease","Acid sphingomyelinase, cell membranes and human disease: lessons from Niemann-Pick disease.",FEBS Lett 584:1895-900 (2010),Sphingolipid metabolism,kegg_id_crossref,0.714
18708002,Farber lipogranulomatosis,Sphingolipid metabolism,H00138,hsa00600(N00649),"Inherited metabolic disorder, Lysosomal disease",Current strategies in the management of lysosomal storage diseases.,Semin Pediatr Neurol 15:119-26 (2008),Sphingolipid metabolism,kegg_id_crossref,0.714
17064658,Farber lipogranulomatosis,Sphingolipid metabolism,H00138,hsa00600(N00649),"Inherited metabolic disorder, Lysosomal disease",Acid ceramidase and human disease.,Biochim Biophys Acta 1758:2133-8 (2006),Sphingolipid metabolism,kegg_id_crossref,0.714
12633142,Farber lipogranulomatosis,Sphingolipid metabolism,H00138,hsa00600(N00649),"Inherited metabolic disorder, Lysosomal disease",Insights into the diagnosis and treatment of lysosomal storage diseases.,Arch Neurol 60:322-8 (2003),Sphingolipid metabolism,kegg_id_crossref,0.714
11241842,Farber lipogranulomatosis,Sphingolipid metabolism,H00138,hsa00600(N00649),"Inherited metabolic disorder, Lysosomal disease",Molecular analysis of acid ceramidase deficiency in patients with Farber disease.,Hum Mutat 17:199-209 (2001),Sphingolipid metabolism,kegg_id_crossref,0.714
18708002,Sialidosis,Sphingolipid metabolism,H00142,hsa00600,"Inherited metabolic disorder, Lysosomal disease",Current strategies in the management of lysosomal storage diseases.,Semin Pediatr Neurol 15:119-26 (2008),Sphingolipid metabolism,kegg_id_crossref,0.714
14517945,Sialidosis,Sphingolipid metabolism,H00142,hsa00600,"Inherited metabolic disorder, Lysosomal disease",Molecular pathology of NEU1 gene in sialidosis.,Hum Mutat 22:343-52 (2003),Sphingolipid metabolism,kegg_id_crossref,0.714
8985184,Sialidosis,Sphingolipid metabolism,H00142,hsa00600,"Inherited metabolic disorder, Lysosomal disease",Characterization of human lysosomal neuraminidase defines the molecular basis of the metabolic storage disorder sialidosis.,Genes Dev 10:3156-69 (1996),Sphingolipid metabolism,kegg_id_crossref,0.714
16712870,Sialidosis,Sphingolipid metabolism,H00142,hsa00600,"Inherited metabolic disorder, Lysosomal disease",First report of two Taiwanese siblings with sialidosis type I: a 10-year follow-up study.,J Neurol Sci 247:65-9 (2006),Sphingolipid metabolism,kegg_id_crossref,0.714
19568825,Sialidosis,Sphingolipid metabolism,H00142,hsa00600,"Inherited metabolic disorder, Lysosomal disease",Type II sialidosis: review of the clinical spectrum and identification of a new splicing defect with chitotriosidase assessment in two patients.,J Neurol 256:1911-5 (2009),Sphingolipid metabolism,kegg_id_crossref,0.714
10863944,Sialuria,Amino sugar and nucleotide sugar metabolism,H00147,hsa00520,"Inherited metabolic disorder, Lysosomal disease",Lysosomal transport disorders.,J Inherit Metab Dis 23:278-92 (2000),Nucleotide sugar metabolism,kegg_id_crossref,1.0
15172001,Sialuria,Amino sugar and nucleotide sugar metabolism,H00147,hsa00520,"Inherited metabolic disorder, Lysosomal disease","Clinical, biochemical, and molecular diagnosis of a free sialic acid storage disease patient of moderate severity.",Mol Genet Metab 82:137-43 (2004),Nucleotide sugar metabolism,kegg_id_crossref,1.0
17706199,Sialuria,Amino sugar and nucleotide sugar metabolism,H00147,hsa00520,"Inherited metabolic disorder, Lysosomal disease",Enhanced sialylation of EPO by overexpression of UDP-GlcNAc 2-epimerase/ManAc kinase containing a sialuria mutation in CHO cells.,FEBS Lett 581:4195-8 (2007),Nucleotide sugar metabolism,kegg_id_crossref,1.0
9705237,Lysosomal acid lipase deficiency,Cholesterol metabolism,H00148,hsa04979,"Inherited metabolic disorder, Lysosomal disease",Molecular and enzymatic analyses of lysosomal acid lipase in cholesteryl ester storage disease.,Mol Genet Metab 64:126-34 (1998),Cholesterol metabolism,name_exact,1.0
9367797,Lysosomal acid lipase deficiency,Cholesterol metabolism,H00148,hsa04979,"Inherited metabolic disorder, Lysosomal disease",Cholesteryl ester storage disease: relationship between molecular defects and in situ activity of lysosomal acid lipase.,Biochem Mol Med 62:42-9 (1997),Cholesterol metabolism,name_exact,1.0
18776925,Lysosomal acid lipase deficiency,Cholesterol metabolism,H00148,hsa04979,"Inherited metabolic disorder, Lysosomal disease","Long-term metabolic, endocrine, and neuropsychological outcome of hematopoietic cell transplantation for Wolman disease.",Bone Marrow Transplant 43:21-7 (2009),Cholesterol metabolism,name_exact,1.0
9705237,Lysosomal acid lipase deficiency,Steroid biosynthesis,H00148,hsa00100,"Inherited metabolic disorder, Lysosomal disease",Molecular and enzymatic analyses of lysosomal acid lipase in cholesteryl ester storage disease.,Mol Genet Metab 64:126-34 (1998),Cholesterol metabolism,kegg_id_crossref,0.312
9367797,Lysosomal acid lipase deficiency,Steroid biosynthesis,H00148,hsa00100,"Inherited metabolic disorder, Lysosomal disease",Cholesteryl ester storage disease: relationship between molecular defects and in situ activity of lysosomal acid lipase.,Biochem Mol Med 62:42-9 (1997),Cholesterol metabolism,kegg_id_crossref,0.312
18776925,Lysosomal acid lipase deficiency,Steroid biosynthesis,H00148,hsa00100,"Inherited metabolic disorder, Lysosomal disease","Long-term metabolic, endocrine, and neuropsychological outcome of hematopoietic cell transplantation for Wolman disease.",Bone Marrow Transplant 43:21-7 (2009),Cholesterol metabolism,kegg_id_crossref,0.312
16816916,Cerebrotendinous xanthomatosis,Primary bile acid biosynthesis,H00151,hsa00120(N00805),Inherited metabolic disorder,Clinical and molecular diagnosis of cerebrotendinous xanthomatosis with a review of the mutations in the CYP27A1 gene.,Neurol Sci 27:143-9 (2006),Bile acid synthesis,kegg_id_crossref,0.833
15061585,Cerebrotendinous xanthomatosis,Primary bile acid biosynthesis,H00151,hsa00120(N00805),Inherited metabolic disorder,"Cerebrotendinous xanthomatosis: clinical course, genotypes and metabolic backgrounds.",Clin Invest Med 27:42-50 (2004),Bile acid synthesis,kegg_id_crossref,0.833
15599566,Sitosterolemia,Cholesterol metabolism,H00152,hsa04979,Inherited metabolic disorder,Sitosterolemia--a rare disease. Are elevated plant sterols an additional risk factor?,Z Kardiol 93:921-8 (2004),Cholesterol metabolism,name_exact,1.0
11264985,Sitosterolemia,Cholesterol metabolism,H00152,hsa04979,Inherited metabolic disorder,Genetic basis of sitosterolemia.,Curr Opin Lipidol 12:141-9 (2001),Cholesterol metabolism,name_exact,1.0
18607183,Familial hypercholesterolemia,Cholesterol metabolism,H00155,hsa04979,Inherited metabolic disorder,What is the clinical utility of DNA testing in patients with familial hypercholesterolaemia?,Curr Opin Lipidol 19:362-8 (2008),Cholesterol metabolism,name_exact,1.0
15657617,Familial hypercholesterolemia,Cholesterol metabolism,H00155,hsa04979,Inherited metabolic disorder,Cascade testing in familial hypercholesterolaemia: how should family members be contacted?,Eur J Hum Genet 13:401-8 (2005),Cholesterol metabolism,name_exact,1.0
15990592,Familial hypercholesterolemia,Cholesterol metabolism,H00155,hsa04979,Inherited metabolic disorder,Implementation of cascade testing for the detection of familial hypercholesterolaemia.,Curr Opin Lipidol 16:428-33 (2005),Cholesterol metabolism,name_exact,1.0
11389828,Familial hypercholesterolemia,Cholesterol metabolism,H00155,hsa04979,Inherited metabolic disorder,A novel cellular phenotype for familial hypercholesterolemia due to a defect in polarized targeting of LDL receptor.,Cell 105:575-85 (2001),Cholesterol metabolism,name_exact,1.0
14673705,Familial hypercholesterolemia,Cholesterol metabolism,H00155,hsa04979,Inherited metabolic disorder,Soluble epoxide hydrolase variant (Glu287Arg) modifies plasma total cholesterol and triglyceride phenotype in familial hypercholesterolemia: intrafamilial association study in an eight-generation hyperlipidemic kindred.,J Hum Genet 49:29-34 (2004),Cholesterol metabolism,name_exact,1.0
12910492,Familial hypercholesterolemia,Cholesterol metabolism,H00155,hsa04979,Inherited metabolic disorder,Growth hormone receptor variant (L526I) modifies plasma HDL cholesterol phenotype in familial hypercholesterolemia: intra-familial association study in an eight-generation hyperlipidemic kindred.,Am J Med Genet A 121A:136-40 (2003),Cholesterol metabolism,name_exact,1.0
12955585,Familial hypercholesterolemia,Cholesterol metabolism,H00155,hsa04979,Inherited metabolic disorder,A promoter SNP (-1323T>C) in G-substrate gene (GSBS) correlates with hypercholesterolemia.,J Hum Genet 48:447-450 (2003),Cholesterol metabolism,name_exact,1.0
12522687,Familial hypercholesterolemia,Cholesterol metabolism,H00155,hsa04979,Inherited metabolic disorder,Interaction between the LDL-receptor gene bearing a novel mutation and a variant in the apolipoprotein A-II promoter: molecular study in a 1135-member familial hypercholesterolemia kindred.,J Hum Genet 47:656-64 (2002),Cholesterol metabolism,name_exact,1.0
10952765,Familial hypercholesterolemia,Cholesterol metabolism,H00155,hsa04979,Inherited metabolic disorder,Autosomal dominant type IIa hypercholesterolemia: evaluation of the respective contributions of LDLR and APOB gene defects as well as a third major group of defects.,Eur J Hum Genet 8:621-30 (2000),Cholesterol metabolism,name_exact,1.0
12730697,Familial hypercholesterolemia,Cholesterol metabolism,H00155,hsa04979,Inherited metabolic disorder,Mutations in PCSK9 cause autosomal dominant hypercholesterolemia.,Nat Genet 34:154-6 (2003),Cholesterol metabolism,name_exact,1.0
12016260,Familial hypercholesterolemia,Cholesterol metabolism,H00155,hsa04979,Inherited metabolic disorder,Mutation in the ARH gene and a chromosome 13q locus influence cholesterol levels in a new form of digenic-recessive familial hypercholesterolemia.,Circ Res 90:951-8 (2002),Cholesterol metabolism,name_exact,1.0
17593519,"Hyperlipoproteinemia, type III",Cholesterol metabolism,H00156,hsa04979,Inherited metabolic disorder,Lipoprotein glomerulopathy-like disease in a patient with type III hyperlipoproteinemia due to apolipoprotein E2 (Arg158 Cys)/3 heterozygosity.,Clin Exp Nephrol 11:174-9 (2007),Cholesterol metabolism,name_exact,1.0
15630634,"Hyperlipoproteinemia, type III",Cholesterol metabolism,H00156,hsa04979,Inherited metabolic disorder,"Apolipoprotein E and familial dysbetalipoproteinemia: clinical, biochemical, and genetic aspects.",Semin Vasc Med 4:249-57 (2004),Cholesterol metabolism,name_exact,1.0
16709953,Lecithin:cholesterol acyltransferase deficiency,Cholesterol metabolism,H00158,hsa04979,Inherited metabolic disorder,Lipoprotein metabolism: a well-tried tool to characterize dyslipidemic mechanisms.,Arterioscler Thromb Vasc Biol 26:1201-3 (2006),Cholesterol metabolism,name_exact,1.0
16543491,Lecithin:cholesterol acyltransferase deficiency,Cholesterol metabolism,H00158,hsa04979,Inherited metabolic disorder,Human lecithin:cholesterol acyltransferase deficiency: in vivo kinetics of low-density lipoprotein and lipoprotein-X.,Arterioscler Thromb Vasc Biol 26:1370-5 (2006),Cholesterol metabolism,name_exact,1.0
9162740,Lecithin:cholesterol acyltransferase deficiency,Cholesterol metabolism,H00158,hsa04979,Inherited metabolic disorder,The molecular pathology of lecithin:cholesterol acyltransferase (LCAT) deficiency syndromes.,J Lipid Res 38:191-205 (1997),Cholesterol metabolism,name_exact,1.0
16709953,Lecithin:cholesterol acyltransferase deficiency,Glycerophospholipid metabolism,H00158,hsa00564,Inherited metabolic disorder,Lipoprotein metabolism: a well-tried tool to characterize dyslipidemic mechanisms.,Arterioscler Thromb Vasc Biol 26:1201-3 (2006),Oxidative phosphorylation,kegg_id_crossref,1.0
16543491,Lecithin:cholesterol acyltransferase deficiency,Glycerophospholipid metabolism,H00158,hsa00564,Inherited metabolic disorder,Human lecithin:cholesterol acyltransferase deficiency: in vivo kinetics of low-density lipoprotein and lipoprotein-X.,Arterioscler Thromb Vasc Biol 26:1370-5 (2006),Oxidative phosphorylation,kegg_id_crossref,1.0
9162740,Lecithin:cholesterol acyltransferase deficiency,Glycerophospholipid metabolism,H00158,hsa00564,Inherited metabolic disorder,The molecular pathology of lecithin:cholesterol acyltransferase (LCAT) deficiency syndromes.,J Lipid Res 38:191-205 (1997),Oxidative phosphorylation,kegg_id_crossref,1.0
16235041,Tangier disease,Cholesterol metabolism,H00159,hsa04979,Inherited metabolic disorder,Tangier disease: still more questions than answers.,Cell Mol Life Sci 62:2150-60 (2005),Cholesterol metabolism,name_exact,1.0
11927274,Tangier disease,Cholesterol metabolism,H00159,hsa04979,Inherited metabolic disorder,Molecular basis of cholesterol homeostasis: lessons from Tangier disease and ABCA1.,Trends Mol Med 8:168-73 (2002),Cholesterol metabolism,name_exact,1.0
11111099,Tangier disease,Cholesterol metabolism,H00159,hsa04979,Inherited metabolic disorder,Tangier disease and ABCA1.,Biochim Biophys Acta 1529:321-30 (2000),Cholesterol metabolism,name_exact,1.0
18285838,Smith-Lemli-Opitz syndrome,Steroid biosynthesis,H00161,hsa00100,Inherited metabolic disorder,"Smith-Lemli-Opitz syndrome: pathogenesis, diagnosis and management.",Eur J Hum Genet 16:535-41 (2008),Cholesterol metabolism,kegg_id_crossref,0.312
16207203,Smith-Lemli-Opitz syndrome,Steroid biosynthesis,H00161,hsa00100,Inherited metabolic disorder,Recent insights into the Smith-Lemli-Opitz syndrome.,Clin Genet 68:383-91 (2005),Cholesterol metabolism,kegg_id_crossref,0.312
15670717,Smith-Lemli-Opitz syndrome,Steroid biosynthesis,H00161,hsa00100,Inherited metabolic disorder,3beta-hydroxysterol Delta7-reductase and the Smith-Lemli-Opitz syndrome.,Mol Genet Metab 84:112-26 (2005),Cholesterol metabolism,kegg_id_crossref,0.312
9634533,Smith-Lemli-Opitz syndrome,Steroid biosynthesis,H00161,hsa00100,Inherited metabolic disorder,Mutations in the human sterol delta7-reductase gene at 11q12-13 cause Smith-Lemli-Opitz syndrome.,Am J Hum Genet 63:55-62 (1998),Cholesterol metabolism,kegg_id_crossref,0.312
17254005,Sjogren-Larsson syndrome,Pantothenate and CoA biosynthesis,H00162,hsa00770,Inherited metabolic disorder,Sjogren-Larsson syndrome.,Dev Med Child Neurol 49:152-4 (2007),CoA synthesis,kegg_id_crossref,0.857
16996289,Sjogren-Larsson syndrome,Pantothenate and CoA biosynthesis,H00162,hsa00770,Inherited metabolic disorder,Sjogren-Larsson syndrome: molecular genetics and biochemical pathogenesis of fatty aldehyde dehydrogenase deficiency.,Mol Genet Metab 90:1-9 (2007),CoA synthesis,kegg_id_crossref,0.857
15931689,Sjogren-Larsson syndrome,Pantothenate and CoA biosynthesis,H00162,hsa00770,Inherited metabolic disorder,Sjogren-Larsson syndrome: diversity of mutations and polymorphisms in the fatty aldehyde dehydrogenase gene (ALDH3A2).,Hum Mutat 26:1-10 (2005),CoA synthesis,kegg_id_crossref,0.857
17254005,Sjogren-Larsson syndrome,Fatty acid degradation,H00162,hsa00071,Inherited metabolic disorder,Sjogren-Larsson syndrome.,Dev Med Child Neurol 49:152-4 (2007),Fatty acid oxidation,kegg_id_crossref,0.581
16996289,Sjogren-Larsson syndrome,Fatty acid degradation,H00162,hsa00071,Inherited metabolic disorder,Sjogren-Larsson syndrome: molecular genetics and biochemical pathogenesis of fatty aldehyde dehydrogenase deficiency.,Mol Genet Metab 90:1-9 (2007),Fatty acid oxidation,kegg_id_crossref,0.581
15931689,Sjogren-Larsson syndrome,Fatty acid degradation,H00162,hsa00071,Inherited metabolic disorder,Sjogren-Larsson syndrome: diversity of mutations and polymorphisms in the fatty aldehyde dehydrogenase gene (ALDH3A2).,Hum Mutat 26:1-10 (2005),Fatty acid oxidation,kegg_id_crossref,0.581
18336562,Alkaptonuria,Tyrosine metabolism,H00163,hsa00350(N00708),Inherited metabolic disorder,Alkaptonuria--a review of surgical and autopsy pathology.,Histopathology 53:503-12 (2008),Tyrosine metabolism,kegg_id_crossref,0.941
9529368,Alkaptonuria,Tyrosine metabolism,H00163,hsa00350(N00708),Inherited metabolic disorder,Are we ready to try to cure alkaptonuria?,Am J Hum Genet 62:765-7 (1998),Tyrosine metabolism,kegg_id_crossref,0.941
8782815,Alkaptonuria,Tyrosine metabolism,H00163,hsa00350(N00708),Inherited metabolic disorder,The molecular basis of alkaptonuria.,Nat Genet 14:19-24 (1996),Tyrosine metabolism,kegg_id_crossref,0.941
23430917,Alkaptonuria,Tyrosine metabolism,H00163,hsa00350(N00708),Inherited metabolic disorder,Alkaptonuria: leading to the treasure in exceptions.,JIMD Rep 5:49-57 (2012),Tyrosine metabolism,kegg_id_crossref,0.941
17310273,Carbamoyl phosphate synthetase I deficiency,Arginine biosynthesis,H00164,hsa00220(N00593),Inherited metabolic disorder,Molecular and clinical analyses of Japanese patients with carbamoylphosphate synthetase 1 (CPS1) deficiency.,J Hum Genet 52:349-54 (2007),Glutamate metabolism,kegg_id_crossref,0.429
9711878,Carbamoyl phosphate synthetase I deficiency,Arginine biosynthesis,H00164,hsa00220(N00593),Inherited metabolic disorder,Prenatal diagnosis of carbamoyl phosphate synthetase I deficiency by identification of a missense mutation in CPS1.,Hum Mutat 12:206-11 (1998),Glutamate metabolism,kegg_id_crossref,0.429
16602095,Tyrosinemia,Tyrosine metabolism,H00165,hsa00350(N00708),Inherited metabolic disorder,The genetic tyrosinemias.,Am J Med Genet C Semin Med Genet 142C:121-6 (2006),Tyrosine metabolism,kegg_id_crossref,0.941
15531838,Tyrosinemia,Tyrosine metabolism,H00165,hsa00350(N00708),Inherited metabolic disorder,Tyrosinemia type I: a clinico-laboratory case report.,Indian J Pediatr 71:929-32 (2004),Tyrosine metabolism,kegg_id_crossref,0.941
18422479,Tyrosinemia,Tyrosine metabolism,H00165,hsa00350(N00708),Inherited metabolic disorder,Experience of nitisinone for the pharmacological treatment of hereditary tyrosinaemia type 1.,Expert Opin Pharmacother 9:1229-36 (2008),Tyrosine metabolism,kegg_id_crossref,0.941
1401056,Tyrosinemia,Tyrosine metabolism,H00165,hsa00350(N00708),Inherited metabolic disorder,Type 1 hereditary tyrosinemia. Evidence for molecular heterogeneity and identification of a causal mutation in a French Canadian patient.,J Clin Invest 90:1185-92 (1992),Tyrosine metabolism,kegg_id_crossref,0.941
1357662,Tyrosinemia,Tyrosine metabolism,H00165,hsa00350(N00708),Inherited metabolic disorder,Point mutations in the tyrosine aminotransferase gene in tyrosinemia type II.,Proc Natl Acad Sci U S A 89:9297-301 (1992),Tyrosine metabolism,kegg_id_crossref,0.941
10942115,Tyrosinemia,Tyrosine metabolism,H00165,hsa00350(N00708),Inherited metabolic disorder,Mutations in the 4-hydroxyphenylpyruvate dioxygenase gene (HPD) in patients with tyrosinemia type III.,Hum Genet 106:654-62 (2000),Tyrosine metabolism,kegg_id_crossref,0.941
23430527,Phenylketonuria,Folate biosynthesis,H00167,hsa00790(N00700+N00702+N00705),Inherited metabolic disorder,A Systematic Review of BH4 (Sapropterin) for the Adjuvant Treatment of Phenylketonuria.,JIMD Rep 8:109-19 (2013),Tetrahydrobiopterin metabolism,kegg_id_crossref,0.8
18538294,Phenylketonuria,Folate biosynthesis,H00167,hsa00790(N00700+N00702+N00705),Inherited metabolic disorder,Loss of function in phenylketonuria is caused by impaired molecular motions and conformational instability.,Am J Hum Genet 83:5-17 (2008),Tetrahydrobiopterin metabolism,kegg_id_crossref,0.8
8178819,Phenylketonuria,Folate biosynthesis,H00167,hsa00790(N00700+N00702+N00705),Inherited metabolic disorder,Hyperphenylalaninemia due to defects in tetrahydrobiopterin metabolism: molecular characterization of mutations in 6-pyruvoyl-tetrahydropterin synthase.,Am J Hum Genet 54:782-92 (1994),Tetrahydrobiopterin metabolism,kegg_id_crossref,0.8
7869202,Phenylketonuria,Folate biosynthesis,H00167,hsa00790(N00700+N00702+N00705),Inherited metabolic disorder,A missense mutation in a patient with guanosine triphosphate cyclohydrolase I deficiency missed in the newborn screening program.,J Pediatr 126:401-5 (1995),Tetrahydrobiopterin metabolism,kegg_id_crossref,0.8
2116088,Phenylketonuria,Folate biosynthesis,H00167,hsa00790(N00700+N00702+N00705),Inherited metabolic disorder,Insertion of an extra codon for threonine is a cause of dihydropteridine reductase deficiency.,Am J Hum Genet 47:279-85 (1990),Tetrahydrobiopterin metabolism,kegg_id_crossref,0.8
8352282,Phenylketonuria,Folate biosynthesis,H00167,hsa00790(N00700+N00702+N00705),Inherited metabolic disorder,Mutation in the 4a-carbinolamine dehydratase gene leads to mild hyperphenylalaninemia with defective cofactor metabolism.,Am J Hum Genet 53:768-74 (1993),Tetrahydrobiopterin metabolism,kegg_id_crossref,0.8
28132689,Phenylketonuria,Folate biosynthesis,H00167,hsa00790(N00700+N00702+N00705),Inherited metabolic disorder,"Biallelic Mutations in DNAJC12 Cause Hyperphenylalaninemia, Dystonia, and Intellectual Disability.",Am J Hum Genet 100:257-266 (2017),Tetrahydrobiopterin metabolism,kegg_id_crossref,0.8
17980020,Oculocutaneous albinism,Tyrosine metabolism,H00168,hsa00350(N01552),Inherited metabolic disorder,Oculocutaneous albinism.,Orphanet J Rare Dis 2:43 (2007),Tyrosine metabolism,kegg_id_crossref,0.941
10094567,Oculocutaneous albinism,Tyrosine metabolism,H00168,hsa00350(N01552),Inherited metabolic disorder,Molecular basis of albinism: mutations and polymorphisms of pigmentation genes associated with albinism.,Hum Mutat 13:99-115 (1999),Tyrosine metabolism,kegg_id_crossref,0.941
2511845,Oculocutaneous albinism,Tyrosine metabolism,H00168,hsa00350(N01552),Inherited metabolic disorder,Human oculocutaneous albinism caused by single base insertion in the tyrosinase gene.,Biochem Biophys Res Commun 164:990-6 (1989),Tyrosine metabolism,kegg_id_crossref,0.941
18680187,Oculocutaneous albinism,Tyrosine metabolism,H00168,hsa00350(N01552),Inherited metabolic disorder,Synergistic interaction of the OCA2 and OCA3 genes in a family.,Am J Med Genet A 146A:2427-30 (2008),Tyrosine metabolism,kegg_id_crossref,0.941
11574907,Oculocutaneous albinism,Tyrosine metabolism,H00168,hsa00350(N01552),Inherited metabolic disorder,"Mutations in the human orthologue of the mouse underwhite gene (uw) underlie a new form of oculocutaneous albinism, OCA4.",Am J Hum Genet 69:981-8 (2001),Tyrosine metabolism,kegg_id_crossref,0.941
23985994,Oculocutaneous albinism,Tyrosine metabolism,H00168,hsa00350(N01552),Inherited metabolic disorder,SLC24A5 mutations are associated with non-syndromic oculocutaneous albinism.,J Invest Dermatol 134:568-571 (2014),Tyrosine metabolism,kegg_id_crossref,0.941
23395477,Oculocutaneous albinism,Tyrosine metabolism,H00168,hsa00350(N01552),Inherited metabolic disorder,"Mutations in c10orf11, a melanocyte-differentiation gene, cause autosomal-recessive albinism.",Am J Hum Genet 92:415-21 (2013),Tyrosine metabolism,kegg_id_crossref,0.941
33100333,Oculocutaneous albinism,Tyrosine metabolism,H00168,hsa00350(N01552),Inherited metabolic disorder,Dopachrome tautomerase variants in patients with oculocutaneous albinism.,Genet Med 23:479-487 (2021),Tyrosine metabolism,kegg_id_crossref,0.941
15806399,Histidinemia,Histidine metabolism,H00171,hsa00340,Inherited metabolic disorder,Molecular characterization of histidinemia: identification of four missense mutations in the histidase gene.,Hum Genet 116:340-6 (2005),Histidine metabolism,kegg_id_crossref,1.0
8463510,Histidinemia,Histidine metabolism,H00171,hsa00340,Inherited metabolic disorder,Histidinemia: a biochemical variant or a disease?,J Am Coll Nutr 12:115-24 (1993),Histidine metabolism,kegg_id_crossref,1.0
1943682,Histidinemia,Histidine metabolism,H00171,hsa00340,Inherited metabolic disorder,Histidase and histidinemia. Clinical and molecular considerations.,Mol Biol Med 8:101-16 (1991),Histidine metabolism,kegg_id_crossref,1.0
16365091,Maple syrup urine disease,"Valine, leucine and isoleucine degradation",H00172,hsa00280(N00832),Inherited metabolic disorder,Lessons from genetic disorders of branched-chain amino acid metabolism.,J Nutr 136:243S-9S (2006),"Valine, leucine, and isoleucine metabolism",kegg_id_crossref,0.85
9546032,Maple syrup urine disease,"Valine, leucine and isoleucine degradation",H00172,hsa00280(N00832),Inherited metabolic disorder,Maple syrup urine disease: it has come a long way.,J Pediatr 132:S17-23 (1998),"Valine, leucine, and isoleucine metabolism",kegg_id_crossref,0.85
9266218,Maple syrup urine disease,"Valine, leucine and isoleucine degradation",H00172,hsa00280(N00832),Inherited metabolic disorder,Metabolism of branched-chain amino acids in maple syrup urine disease.,Eur J Pediatr 156 Suppl 1:S62-6 (1997),"Valine, leucine, and isoleucine metabolism",kegg_id_crossref,0.85
2703538,Maple syrup urine disease,"Valine, leucine and isoleucine degradation",H00172,hsa00280(N00832),Inherited metabolic disorder,Evidence for both a regulatory mutation and a structural mutation in a family with maple syrup urine disease.,J Clin Invest 83:1425-9 (1989),"Valine, leucine, and isoleucine metabolism",kegg_id_crossref,0.85
2022752,Maple syrup urine disease,"Valine, leucine and isoleucine degradation",H00172,hsa00280(N00832),Inherited metabolic disorder,Maple syrup urine disease. Complete defect of the E1 beta subunit of the branched chain alpha-ketoacid dehydrogenase complex due to a deletion of an 11-bp repeat sequence which encodes a mitochondrial targeting leader peptide in a family with  the disease.,J Clin Invest 87:1862-6 (1991),"Valine, leucine, and isoleucine metabolism",kegg_id_crossref,0.85
1990841,Maple syrup urine disease,"Valine, leucine and isoleucine degradation",H00172,hsa00280(N00832),Inherited metabolic disorder,Molecular genetic basis of maple syrup urine disease in a family with two defective alleles for branched chain acyltransferase and localization of the gene  to human chromosome 1.,Am J Hum Genet 48:342-50 (1991),"Valine, leucine, and isoleucine metabolism",kegg_id_crossref,0.85
8506365,Maple syrup urine disease,"Valine, leucine and isoleucine degradation",H00172,hsa00280(N00832),Inherited metabolic disorder,Identification of two missense mutations in a dihydrolipoamide dehydrogenase-deficient patient.,Proc Natl Acad Sci U S A 90:5186-90 (1993),"Valine, leucine, and isoleucine metabolism",kegg_id_crossref,0.85
23086801,Maple syrup urine disease,"Valine, leucine and isoleucine degradation",H00172,hsa00280(N00832),Inherited metabolic disorder,A novel regulatory defect in the branched-chain alpha-keto acid dehydrogenase complex due to a mutation in the PPM1K gene causes a mild variant phenotype of maple syrup urine disease.,Hum Mutat 34:355-62 (2013),"Valine, leucine, and isoleucine metabolism",kegg_id_crossref,0.85
16602101,Isovaleric acidemia,"Valine, leucine and isoleucine degradation",H00173,hsa00280(N00851),Inherited metabolic disorder,Isovaleric acidemia: new aspects of genetic and phenotypic heterogeneity.,Am J Med Genet C Semin Med Genet 142C:95-103 (2006),"Valine, leucine, and isoleucine metabolism",kegg_id_crossref,0.85
15486829,Isovaleric acidemia,"Valine, leucine and isoleucine degradation",H00173,hsa00280(N00851),Inherited metabolic disorder,"A common mutation is associated with a mild, potentially asymptomatic phenotype in patients with isovaleric acidemia diagnosed by newborn screening.",Am J Hum Genet 75:1136-42 (2004),"Valine, leucine, and isoleucine metabolism",kegg_id_crossref,0.85
16602092,Methylmalonic aciduria,"Valine, leucine and isoleucine degradation",H00174,hsa00280(N00842),Inherited metabolic disorder,Methylmalonic and propionic aciduria.,Am J Med Genet C Semin Med Genet 142C:104-12 (2006),"Valine, leucine, and isoleucine metabolism",kegg_id_crossref,0.85
12069539,Methylmalonic aciduria,"Valine, leucine and isoleucine degradation",H00174,hsa00280(N00842),Inherited metabolic disorder,Branched-chain organic acidurias.,Semin Neonatol 7:65-74 (2002),"Valine, leucine, and isoleucine metabolism",kegg_id_crossref,0.85
1977311,Methylmalonic aciduria,"Valine, leucine and isoleucine degradation",H00174,hsa00280(N00842),Inherited metabolic disorder,Heterozygous mutations at the mut locus in fibroblasts with mut0 methylmalonic acidemia identified by polymerase-chain-reaction cDNA cloning.,Am J Hum Genet 47:808-14 (1990),"Valine, leucine, and isoleucine metabolism",kegg_id_crossref,0.85
12438653,Methylmalonic aciduria,"Valine, leucine and isoleucine degradation",H00174,hsa00280(N00842),Inherited metabolic disorder,Identification of the gene responsible for the cblA complementation group of vitamin B12-responsive methylmalonic acidemia based on analysis of prokaryotic gene arrangements.,Proc Natl Acad Sci U S A 99:15554-9 (2002),"Valine, leucine, and isoleucine metabolism",kegg_id_crossref,0.85
12471062,Methylmalonic aciduria,"Valine, leucine and isoleucine degradation",H00174,hsa00280(N00842),Inherited metabolic disorder,Identification of the gene responsible for the cblB complementation group of vitamin B12-dependent methylmalonic aciduria.,Hum Mol Genet 11:3361-9 (2002),"Valine, leucine, and isoleucine metabolism",kegg_id_crossref,0.85
18385497,Methylmalonic aciduria,"Valine, leucine and isoleucine degradation",H00174,hsa00280(N00842),Inherited metabolic disorder,Gene identification for the cblD defect of vitamin B12 metabolism.,N Engl J Med 358:1454-64 (2008),"Valine, leucine, and isoleucine metabolism",kegg_id_crossref,0.85
20524213,Methylmalonic aciduria,"Valine, leucine and isoleucine degradation",H00174,hsa00280(N00842),Inherited metabolic disorder,"Positive newborn screen for methylmalonic aciduria identifies the first mutation in TCblR/CD320, the gene for cellular uptake of transcobalamin-bound vitamin B(12).",Hum Mutat 31:924-9 (2010),"Valine, leucine, and isoleucine metabolism",kegg_id_crossref,0.85
16752391,Methylmalonic aciduria,"Valine, leucine and isoleucine degradation",H00174,hsa00280(N00842),Inherited metabolic disorder,A homozygous nonsense mutation in the methylmalonyl-CoA epimerase gene (MCEE) results in mild methylmalonic aciduria.,Hum Mutat 27:640-3 (2006),"Valine, leucine, and isoleucine metabolism",kegg_id_crossref,0.85
17951291,Propionic acidemia,"Valine, leucine and isoleucine degradation",H00175,hsa00280(N00842),Inherited metabolic disorder,Metabolomics identifies perturbations in human disorders of propionate metabolism.,Clin Chem 53:2169-76 (2007),"Valine, leucine, and isoleucine metabolism",kegg_id_crossref,0.85
16602092,Propionic acidemia,"Valine, leucine and isoleucine degradation",H00175,hsa00280(N00842),Inherited metabolic disorder,Methylmalonic and propionic aciduria.,Am J Med Genet C Semin Med Genet 142C:104-12 (2006),"Valine, leucine, and isoleucine metabolism",kegg_id_crossref,0.85
12069539,Propionic acidemia,"Valine, leucine and isoleucine degradation",H00175,hsa00280(N00842),Inherited metabolic disorder,Branched-chain organic acidurias.,Semin Neonatol 7:65-74 (2002),"Valine, leucine, and isoleucine metabolism",kegg_id_crossref,0.85
16368216,Glutaric acidemia,Fatty acid degradation,H00178,hsa00071,Inherited metabolic disorder,Glutaric aciduria types I and II.,Brain Dev 28:136-40 (2006),Fatty acid oxidation,kegg_id_crossref,0.581
10960496,Glutaric acidemia,Fatty acid degradation,H00178,hsa00071,Inherited metabolic disorder,"Glutaryl-CoA dehydrogenase deficiency in Spain: evidence of two groups of patients, genetically, and biochemically distinct.",Pediatr Res 48:315-22 (2000),Fatty acid oxidation,kegg_id_crossref,0.581
8617498,Glutaric acidemia,Fatty acid degradation,H00178,hsa00071,Inherited metabolic disorder,"Assignment of Etfdh, Etfb, and Etfa to chromosomes 3, 7, and 13: the mouse homologs of genes responsible for glutaric acidemia type II in human.",Genomics 33:131-4 (1996),Fatty acid oxidation,kegg_id_crossref,0.581
23893049,Glutaric acidemia,Fatty acid degradation,H00178,hsa00071,Inherited metabolic disorder,"C7orf10 encodes succinate-hydroxymethylglutarate CoA-transferase, the enzyme that converts glutarate to glutaryl-CoA.",J Inherit Metab Dis 37:13-9 (2014),Fatty acid oxidation,kegg_id_crossref,0.581
16368216,Glutaric acidemia,Tryptophan metabolism,H00178,hsa00380,Inherited metabolic disorder,Glutaric aciduria types I and II.,Brain Dev 28:136-40 (2006),Tryptophan metabolism,kegg_id_crossref,0.955
10960496,Glutaric acidemia,Tryptophan metabolism,H00178,hsa00380,Inherited metabolic disorder,"Glutaryl-CoA dehydrogenase deficiency in Spain: evidence of two groups of patients, genetically, and biochemically distinct.",Pediatr Res 48:315-22 (2000),Tryptophan metabolism,kegg_id_crossref,0.955
8617498,Glutaric acidemia,Tryptophan metabolism,H00178,hsa00380,Inherited metabolic disorder,"Assignment of Etfdh, Etfb, and Etfa to chromosomes 3, 7, and 13: the mouse homologs of genes responsible for glutaric acidemia type II in human.",Genomics 33:131-4 (1996),Tryptophan metabolism,kegg_id_crossref,0.955
23893049,Glutaric acidemia,Tryptophan metabolism,H00178,hsa00380,Inherited metabolic disorder,"C7orf10 encodes succinate-hydroxymethylglutarate CoA-transferase, the enzyme that converts glutarate to glutaryl-CoA.",J Inherit Metab Dis 37:13-9 (2014),Tryptophan metabolism,kegg_id_crossref,0.955
16368216,Glutaric acidemia,Lysine degradation,H00178,hsa00310,Inherited metabolic disorder,Glutaric aciduria types I and II.,Brain Dev 28:136-40 (2006),Lysine metabolism,kegg_id_crossref,0.929
10960496,Glutaric acidemia,Lysine degradation,H00178,hsa00310,Inherited metabolic disorder,"Glutaryl-CoA dehydrogenase deficiency in Spain: evidence of two groups of patients, genetically, and biochemically distinct.",Pediatr Res 48:315-22 (2000),Lysine metabolism,kegg_id_crossref,0.929
8617498,Glutaric acidemia,Lysine degradation,H00178,hsa00310,Inherited metabolic disorder,"Assignment of Etfdh, Etfb, and Etfa to chromosomes 3, 7, and 13: the mouse homologs of genes responsible for glutaric acidemia type II in human.",Genomics 33:131-4 (1996),Lysine metabolism,kegg_id_crossref,0.929
23893049,Glutaric acidemia,Lysine degradation,H00178,hsa00310,Inherited metabolic disorder,"C7orf10 encodes succinate-hydroxymethylglutarate CoA-transferase, the enzyme that converts glutarate to glutaryl-CoA.",J Inherit Metab Dis 37:13-9 (2014),Lysine metabolism,kegg_id_crossref,0.929
17692550,3-Hydroxy-3-methylglutaryl-CoA lyase deficiency,"Valine, leucine and isoleucine degradation",H00179,hsa00280(N00851),Inherited metabolic disorder,Molecular genetics of HMG-CoA lyase deficiency.,Mol Genet Metab 92:198-209 (2007),"Valine, leucine, and isoleucine metabolism",kegg_id_crossref,0.85
10371384,3-Hydroxy-3-methylglutaryl-CoA lyase deficiency,"Valine, leucine and isoleucine degradation",H00179,hsa00280(N00851),Inherited metabolic disorder,MRI and MRS in HMG-CoA lyase deficiency.,Pediatr Neurol 20:375-80 (1999),"Valine, leucine, and isoleucine metabolism",kegg_id_crossref,0.85
16134170,Holocarboxylase synthetase deficiency,Biotin metabolism,H00180,hsa00780,Inherited metabolic disorder,Mutations in the holocarboxylase synthetase gene HLCS.,Hum Mutat 26:285-90 (2005),Biotin metabolism,name_exact,1.0
12459313,Holocarboxylase synthetase deficiency,Biotin metabolism,H00180,hsa00780,Inherited metabolic disorder,Biotin in metabolism and its relationship to human disease.,Arch Med Res 33:439-47 (2002),Biotin metabolism,name_exact,1.0
16010683,3-Methylcrotonylglycinuria,"Valine, leucine and isoleucine degradation",H00181,hsa00280(N00851),Inherited metabolic disorder,"3-Methylcrotonyl-CoA carboxylase deficiency: mutation analysis in 28 probands, 9 symptomatic and 19 detected by newborn screening.",Hum Mutat 26:164 (2005),"Valine, leucine, and isoleucine metabolism",kegg_id_crossref,0.85
15868465,3-Methylcrotonylglycinuria,"Valine, leucine and isoleucine degradation",H00181,hsa00280(N00851),Inherited metabolic disorder,Molecular mechanism of dominant expression in 3-methylcrotonyl-CoA carboxylase deficiency.,J Inherit Metab Dis 28:301-9 (2005),"Valine, leucine, and isoleucine metabolism",kegg_id_crossref,0.85
11181649,3-Methylcrotonylglycinuria,"Valine, leucine and isoleucine degradation",H00181,hsa00280(N00851),Inherited metabolic disorder,The molecular basis of human 3-methylcrotonyl-CoA carboxylase deficiency.,J Clin Invest 107:495-504 (2001),"Valine, leucine, and isoleucine metabolism",kegg_id_crossref,0.85
16702350,Cystathioninuria,Cysteine and methionine metabolism,H00182,hsa00270,Inherited metabolic disorder,Inborn errors of sulfur-containing amino acid metabolism.,J Nutr 136:1750S-1754S (2006),Methionine and cysteine metabolism,kegg_id_crossref,0.75
12574942,Cystathioninuria,Cysteine and methionine metabolism,H00182,hsa00270,Inherited metabolic disorder,Genomic basis of cystathioninuria (MIM 219500) revealed by multiple mutations in cystathionine gamma-lyase (CTH).,Hum Genet 112:404-8 (2003),Methionine and cysteine metabolism,kegg_id_crossref,0.75
10338090,Homocystinuria,Cysteine and methionine metabolism,H00183,hsa00270,Inherited metabolic disorder,Cystathionine beta-synthase mutations in homocystinuria.,Hum Mutat 13:362-75 (1999),Methionine and cysteine metabolism,kegg_id_crossref,0.75
14739681,Homocystinuria,Cysteine and methionine metabolism,H00183,hsa00270,Inherited metabolic disorder,Homocystinuria due to cystathionine beta-synthase deficiency: novel biochemical findings and treatment efficacy.,J Inherit Metab Dis 26:761-73 (2003),Methionine and cysteine metabolism,kegg_id_crossref,0.75
9781030,Homocystinuria,Cysteine and methionine metabolism,H00183,hsa00270,Inherited metabolic disorder,Identification of four novel mutations in severe methylenetetrahydrofolate reductase deficiency.,Eur J Hum Genet 6:257-65 (1998),Methionine and cysteine metabolism,kegg_id_crossref,0.75
23430521,Homocystinuria,Cysteine and methionine metabolism,H00183,hsa00270,Inherited metabolic disorder,cblE-Type Homocystinuria Presenting with Features of Haemolytic-Uremic Syndrome in the Newborn Period.,JIMD Rep 8:57-62 (2013),Methionine and cysteine metabolism,kegg_id_crossref,0.75
12068375,Homocystinuria,Cysteine and methionine metabolism,H00183,hsa00270,Inherited metabolic disorder,"Hyperhomocysteinemia due to methionine synthase deficiency, cblG: structure of the MTR gene, genotype diversity, and recognition of a common mutation, P1173L.",Am J Hum Genet 71:143-53 (2002),Methionine and cysteine metabolism,kegg_id_crossref,0.75
22156578,Homocystinuria,Cysteine and methionine metabolism,H00183,hsa00270,Inherited metabolic disorder,Molecular mechanisms leading to three different phenotypes in the cblD defect of intracellular cobalamin metabolism.,Hum Mol Genet 21:1410-8 (2012),Methionine and cysteine metabolism,kegg_id_crossref,0.75
10338090,Homocystinuria,One carbon pool by folate,H00183,hsa00670,Inherited metabolic disorder,Cystathionine beta-synthase mutations in homocystinuria.,Hum Mutat 13:362-75 (1999),Folate metabolism,kegg_id_crossref,1.0
14739681,Homocystinuria,One carbon pool by folate,H00183,hsa00670,Inherited metabolic disorder,Homocystinuria due to cystathionine beta-synthase deficiency: novel biochemical findings and treatment efficacy.,J Inherit Metab Dis 26:761-73 (2003),Folate metabolism,kegg_id_crossref,1.0
9781030,Homocystinuria,One carbon pool by folate,H00183,hsa00670,Inherited metabolic disorder,Identification of four novel mutations in severe methylenetetrahydrofolate reductase deficiency.,Eur J Hum Genet 6:257-65 (1998),Folate metabolism,kegg_id_crossref,1.0
23430521,Homocystinuria,One carbon pool by folate,H00183,hsa00670,Inherited metabolic disorder,cblE-Type Homocystinuria Presenting with Features of Haemolytic-Uremic Syndrome in the Newborn Period.,JIMD Rep 8:57-62 (2013),Folate metabolism,kegg_id_crossref,1.0
12068375,Homocystinuria,One carbon pool by folate,H00183,hsa00670,Inherited metabolic disorder,"Hyperhomocysteinemia due to methionine synthase deficiency, cblG: structure of the MTR gene, genotype diversity, and recognition of a common mutation, P1173L.",Am J Hum Genet 71:143-53 (2002),Folate metabolism,kegg_id_crossref,1.0
22156578,Homocystinuria,One carbon pool by folate,H00183,hsa00670,Inherited metabolic disorder,Molecular mechanisms leading to three different phenotypes in the cblD defect of intracellular cobalamin metabolism.,Hum Mol Genet 21:1410-8 (2012),Folate metabolism,kegg_id_crossref,1.0
11145114,Hypermethioninemia,Cysteine and methionine metabolism,H00184,hsa00270,Inherited metabolic disorder,Isolated hypermethioninemia: measurements of S-adenosylmethionine and choline.,Metabolism 49:1542-7 (2000),Methionine and cysteine metabolism,kegg_id_crossref,0.75
21308989,Hypermethioninemia,Cysteine and methionine metabolism,H00184,hsa00270,Inherited metabolic disorder,Hypermethioninemias of genetic and non-genetic origin: A review.,Am J Med Genet C Semin Med Genet 157:3-32 (2011),Methionine and cysteine metabolism,kegg_id_crossref,0.75
9612070,Hypermethioninemia,Cysteine and methionine metabolism,H00184,hsa00270,Inherited metabolic disorder,[Molecular pathology and DNA diagnosis of phenylketonuria and hypermethioninemia].,Tanpakushitsu Kakusan Koso 43:762-9 (1998),Methionine and cysteine metabolism,kegg_id_crossref,0.75
7560086,Hypermethioninemia,Cysteine and methionine metabolism,H00184,hsa00270,Inherited metabolic disorder,Molecular mechanisms of an inborn error of methionine pathway. Methionine adenosyltransferase deficiency.,J Clin Invest 96:1943-7 (1995),Methionine and cysteine metabolism,kegg_id_crossref,0.75
15024124,Hypermethioninemia,Cysteine and methionine metabolism,H00184,hsa00270,Inherited metabolic disorder,S-adenosylhomocysteine hydrolase deficiency in a human: a genetic disorder of methionine metabolism.,Proc Natl Acad Sci U S A 101:4234-9 (2004),Methionine and cysteine metabolism,kegg_id_crossref,0.75
11810299,Hypermethioninemia,Cysteine and methionine metabolism,H00184,hsa00270,Inherited metabolic disorder,Mutations in human glycine N-methyltransferase give insights into its role in methionine metabolism.,Hum Genet 110:68-74 (2002),Methionine and cysteine metabolism,kegg_id_crossref,0.75
21963049,Hypermethioninemia,Cysteine and methionine metabolism,H00184,hsa00270,Inherited metabolic disorder,"Adenosine kinase deficiency disrupts the methionine cycle and causes hypermethioninemia, encephalopathy, and abnormal liver function.",Am J Hum Genet 89:507-15 (2011),Methionine and cysteine metabolism,kegg_id_crossref,0.75
11145114,Hypermethioninemia,"Glycine, serine and threonine metabolism",H00184,hsa00260,Inherited metabolic disorder,Isolated hypermethioninemia: measurements of S-adenosylmethionine and choline.,Metabolism 49:1542-7 (2000),"Glycine, serine, alanine, and threonine metabolism",kegg_id_crossref,0.929
21308989,Hypermethioninemia,"Glycine, serine and threonine metabolism",H00184,hsa00260,Inherited metabolic disorder,Hypermethioninemias of genetic and non-genetic origin: A review.,Am J Med Genet C Semin Med Genet 157:3-32 (2011),"Glycine, serine, alanine, and threonine metabolism",kegg_id_crossref,0.929
9612070,Hypermethioninemia,"Glycine, serine and threonine metabolism",H00184,hsa00260,Inherited metabolic disorder,[Molecular pathology and DNA diagnosis of phenylketonuria and hypermethioninemia].,Tanpakushitsu Kakusan Koso 43:762-9 (1998),"Glycine, serine, alanine, and threonine metabolism",kegg_id_crossref,0.929
7560086,Hypermethioninemia,"Glycine, serine and threonine metabolism",H00184,hsa00260,Inherited metabolic disorder,Molecular mechanisms of an inborn error of methionine pathway. Methionine adenosyltransferase deficiency.,J Clin Invest 96:1943-7 (1995),"Glycine, serine, alanine, and threonine metabolism",kegg_id_crossref,0.929
15024124,Hypermethioninemia,"Glycine, serine and threonine metabolism",H00184,hsa00260,Inherited metabolic disorder,S-adenosylhomocysteine hydrolase deficiency in a human: a genetic disorder of methionine metabolism.,Proc Natl Acad Sci U S A 101:4234-9 (2004),"Glycine, serine, alanine, and threonine metabolism",kegg_id_crossref,0.929
11810299,Hypermethioninemia,"Glycine, serine and threonine metabolism",H00184,hsa00260,Inherited metabolic disorder,Mutations in human glycine N-methyltransferase give insights into its role in methionine metabolism.,Hum Genet 110:68-74 (2002),"Glycine, serine, alanine, and threonine metabolism",kegg_id_crossref,0.929
21963049,Hypermethioninemia,"Glycine, serine and threonine metabolism",H00184,hsa00260,Inherited metabolic disorder,"Adenosine kinase deficiency disrupts the methionine cycle and causes hypermethioninemia, encephalopathy, and abnormal liver function.",Am J Hum Genet 89:507-15 (2011),"Glycine, serine, alanine, and threonine metabolism",kegg_id_crossref,0.929
18473344,Citrullinemia,Arginine biosynthesis,H00185,hsa00220(N00593),Inherited metabolic disorder,Investigation of citrullinemia type I variants by in vitro expression studies.,Hum Mutat 29:1222-7 (2008),Glutamate metabolism,kegg_id_crossref,0.429
15050970,Citrullinemia,Arginine biosynthesis,H00185,hsa00220(N00593),Inherited metabolic disorder,Adult-onset type II citrullinemia and idiopathic neonatal hepatitis caused by citrin deficiency: involvement of the aspartate glutamate carrier for urea synthesis and maintenance of the urea cycle.,Mol Genet Metab 81 Suppl 1:S20-6 (2004),Glutamate metabolism,kegg_id_crossref,0.429
12424587,Citrullinemia,Arginine biosynthesis,H00185,hsa00220(N00593),Inherited metabolic disorder,Neonatal intrahepatic cholestasis caused by citrin deficiency: severe hepatic dysfunction in an infant requiring liver transplantation.,Eur J Pediatr 161:609-13 (2002),Glutamate metabolism,kegg_id_crossref,0.429
16602094,Hyperargininemia,Arginine biosynthesis,H00186,hsa00220(N00593),Inherited metabolic disorder,"Clinical, biochemical, and molecular spectrum of hyperargininemia due to arginase I deficiency.",Am J Med Genet C Semin Med Genet 142C:113-20 (2006),Glutamate metabolism,kegg_id_crossref,0.429
15694174,Hyperargininemia,Arginine biosynthesis,H00186,hsa00220(N00593),Inherited metabolic disorder,Hyperargininemia due to liver arginase deficiency.,Mol Genet Metab 84:243-51 (2005),Glutamate metabolism,kegg_id_crossref,0.429
18038189,Ornithine transcarbamylase deficiency,Arginine biosynthesis,H00187,hsa00220(N00593),Inherited metabolic disorder,Neurological implications of urea cycle disorders.,J Inherit Metab Dis 30:865-79 (2007),Glutamate metabolism,kegg_id_crossref,0.429
12788037,Ornithine transcarbamylase deficiency,Arginine biosynthesis,H00187,hsa00220(N00593),Inherited metabolic disorder,Ornithine transcarbamylase deficiency: a urea cycle defect.,Eur J Paediatr Neurol 7:115-21 (2003),Glutamate metabolism,kegg_id_crossref,0.429
10885542,Ornithine transcarbamylase deficiency,Arginine biosynthesis,H00187,hsa00220(N00593),Inherited metabolic disorder,Evidence for forebrain cholinergic neuronal loss in congenital ornithine transcarbamylase deficiency.,Metab Brain Dis 15:83-91 (2000),Glutamate metabolism,kegg_id_crossref,0.429
10775527,Hyperlysinemia,Lysine degradation,H00188,hsa00310,Inherited metabolic disorder,"Identification of the alpha-aminoadipic semialdehyde synthase gene, which is defective in familial hyperlysinemia.",Am J Hum Genet 66:1736-43 (2000),Lysine metabolism,kegg_id_crossref,0.929
11465067,Ornithinaemia,Arginine and proline metabolism,H00189,hsa00330,Inherited metabolic disorder,"Ornithine aminotransferase, a potential target for the treatment of hyperammonemias.",Curr Drug Targets 1:119-53 (2000),Arginine and proline metabolism,kegg_id_crossref,0.69
24429551,Ornithinaemia,Arginine and proline metabolism,H00189,hsa00330,Inherited metabolic disorder,OAT mutations and clinical features in two Japanese brothers with gyrate atrophy of the choroid and retina.,Doc Ophthalmol 128:137-48 (2014),Arginine and proline metabolism,kegg_id_crossref,0.69
18806117,Hyperprolinemia,Arginine and proline metabolism,H00190,hsa00330,Inherited metabolic disorder,Inborn errors of proline metabolism.,J Nutr 138:2016S-2020S (2008),Arginine and proline metabolism,kegg_id_crossref,0.69
20524212,Hyperprolinemia,Arginine and proline metabolism,H00190,hsa00330,Inherited metabolic disorder,Type I hyperprolinemia: genotype/phenotype correlations.,Hum Mutat 31:961-5 (2010),Arginine and proline metabolism,kegg_id_crossref,0.69
15214748,Hyperprolinemia,Arginine and proline metabolism,H00190,hsa00330,Inherited metabolic disorder,Type II hyperprolinemia: a case report.,Turk J Pediatr 46:167-9 (2004),Arginine and proline metabolism,kegg_id_crossref,0.69
22516612,Hyperprolinemia,Arginine and proline metabolism,H00190,hsa00330,Inherited metabolic disorder,The Three-Dimensional Structural Basis of Type II Hyperprolinemia.,J Mol Biol 420:176-89 (2012),Arginine and proline metabolism,kegg_id_crossref,0.69
21882227,Hyperprolinemia,Arginine and proline metabolism,H00190,hsa00330,Inherited metabolic disorder,"Experimental hyperprolinemia induces mild oxidative stress, metabolic changes, and tissue adaptation in rat liver.",J Cell Biochem 113:174-83 (2012),Arginine and proline metabolism,kegg_id_crossref,0.69
12217952,Hyperprolinemia,Arginine and proline metabolism,H00190,hsa00330,Inherited metabolic disorder,PRODH mutations and hyperprolinemia in a subset of schizophrenic patients.,Hum Mol Genet 11:2243-9 (2002),Arginine and proline metabolism,kegg_id_crossref,0.69
9700195,Hyperprolinemia,Arginine and proline metabolism,H00190,hsa00330,Inherited metabolic disorder,Mutations in the Delta1-pyrroline 5-carboxylate dehydrogenase gene cause type II hyperprolinemia.,Hum Mol Genet 7:1411-5 (1998),Arginine and proline metabolism,kegg_id_crossref,0.69
11592811,Nonketotic hyperglycinemia,"Glycine, serine and threonine metabolism",H00191,hsa00260,Inherited metabolic disorder,Nonketotic hyperglycinemia (glycine encephalopathy): laboratory diagnosis.,Mol Genet Metab 74:139-46 (2001),"Glycine, serine, alanine, and threonine metabolism",kegg_id_crossref,0.929
15864413,Nonketotic hyperglycinemia,"Glycine, serine and threonine metabolism",H00191,hsa00260,Inherited metabolic disorder,A single nucleotide substitution that abolishes the initiator methionine codon of the GLDC gene is prevalent among patients with glycine encephalopathy in Jerusalem.,J Hum Genet 50:230-4 (2005),"Glycine, serine, alanine, and threonine metabolism",kegg_id_crossref,0.929
10873393,Nonketotic hyperglycinemia,"Glycine, serine and threonine metabolism",H00191,hsa00260,Inherited metabolic disorder,Biochemical and molecular investigations of patients with nonketotic hyperglycinemia.,Mol Genet Metab 70:116-21 (2000),"Glycine, serine, alanine, and threonine metabolism",kegg_id_crossref,0.929
8005589,Nonketotic hyperglycinemia,"Glycine, serine and threonine metabolism",H00191,hsa00260,Inherited metabolic disorder,Identification of the mutations in the T-protein gene causing typical and atypical nonketotic hyperglycinemia.,Hum Genet 93:655-8 (1994),"Glycine, serine, alanine, and threonine metabolism",kegg_id_crossref,0.929
29723117,Xanthinuria,Purine metabolism,H00192,hsa00230(N00888),Inherited metabolic disorder,Hereditary xanthinuria is not so rare disorder of purine metabolism.,Nucleosides Nucleotides Nucleic Acids 37:324-328 (2018),Purine catabolism,kegg_id_crossref,1.0
9153281,Xanthinuria,Purine metabolism,H00192,hsa00230(N00888),Inherited metabolic disorder,Identification of two mutations in human xanthine dehydrogenase gene responsible for classical type I xanthinuria.,J Clin Invest 99:2391-7 (1997),Purine catabolism,kegg_id_crossref,1.0
10844591,Xanthinuria,Purine metabolism,H00192,hsa00230(N00888),Inherited metabolic disorder,XDH gene mutation is the underlying cause of classical xanthinuria: a second report.,Kidney Int 57:2215-20 (2000),Purine catabolism,kegg_id_crossref,1.0
14624414,Xanthinuria,Purine metabolism,H00192,hsa00230(N00888),Inherited metabolic disorder,Identification of a new point mutation in the human molybdenum cofactor sulferase gene that is responsible for xanthinuria type II.,Metabolism 52:1501-4 (2003),Purine catabolism,kegg_id_crossref,1.0
29723117,Xanthinuria,Folate biosynthesis,H00192,hsa00790(N00890),Inherited metabolic disorder,Hereditary xanthinuria is not so rare disorder of purine metabolism.,Nucleosides Nucleotides Nucleic Acids 37:324-328 (2018),Tetrahydrobiopterin metabolism,kegg_id_crossref,0.8
9153281,Xanthinuria,Folate biosynthesis,H00192,hsa00790(N00890),Inherited metabolic disorder,Identification of two mutations in human xanthine dehydrogenase gene responsible for classical type I xanthinuria.,J Clin Invest 99:2391-7 (1997),Tetrahydrobiopterin metabolism,kegg_id_crossref,0.8
10844591,Xanthinuria,Folate biosynthesis,H00192,hsa00790(N00890),Inherited metabolic disorder,XDH gene mutation is the underlying cause of classical xanthinuria: a second report.,Kidney Int 57:2215-20 (2000),Tetrahydrobiopterin metabolism,kegg_id_crossref,0.8
14624414,Xanthinuria,Folate biosynthesis,H00192,hsa00790(N00890),Inherited metabolic disorder,Identification of a new point mutation in the human molybdenum cofactor sulferase gene that is responsible for xanthinuria type II.,Metabolism 52:1501-4 (2003),Tetrahydrobiopterin metabolism,kegg_id_crossref,0.8
17905396,Dihydropyrimidine dehydrogenase deficiency,Pyrimidine metabolism,H00193,hsa00240,Inherited metabolic disorder,Mutational spectrum of dihydropyrimidine dehydrogenase gene (DPYD) in the Tunisian population.,C R Biol 330:764-9 (2007),Pyrimidine synthesis,kegg_id_crossref,1.0
17876700,Dihydropyrimidine dehydrogenase deficiency,Pyrimidine metabolism,H00193,hsa00240,Inherited metabolic disorder,SSCP screening of the dihydropyrimidine dehydrogenase gene polymorphisms of the Japanese population using a semi-automated electrophoresis unit.,Biochem Genet 45:713-24 (2007),Pyrimidine synthesis,kegg_id_crossref,1.0
18067674,Lesch-Nyhan syndrome,Purine metabolism,H00194,hsa00230(N01421),Inherited metabolic disorder,Hypoxanthine-guanine phosophoribosyltransferase (HPRT) deficiency: Lesch-Nyhan syndrome.,Orphanet J Rare Dis 2:48 (2007),Purine catabolism,kegg_id_crossref,1.0
15711436,Lesch-Nyhan syndrome,Purine metabolism,H00194,hsa00230(N01421),Inherited metabolic disorder,"Hypothesized deficiency of guanine-based purines may contribute to abnormalities of neurodevelopment, neuromodulation, and neurotransmission in Lesch-Nyhan syndrome.",Clin Neuropharmacol 28:28-37 (2005),Purine catabolism,kegg_id_crossref,1.0
15571219,Lesch-Nyhan syndrome,Purine metabolism,H00194,hsa00230(N01421),Inherited metabolic disorder,"Medical diagnosis, management and treatment of Lesch Nyhan disease.",Nucleosides Nucleotides Nucleic Acids 23:1147-52 (2004),Purine catabolism,kegg_id_crossref,1.0
15571218,Adenine phosphoribosyltransferase deficiency,Purine metabolism,H00195,hsa00230(N01418),Inherited metabolic disorder,"Identification of two novel mutations in adenine phosphoribosyltransferase gene in patients with 2,8-dihydroxyadenine urolithiasis.",Nucleosides Nucleotides Nucleic Acids 23:1141-5 (2004),Purine catabolism,kegg_id_crossref,1.0
15196008,Adenine phosphoribosyltransferase deficiency,Purine metabolism,H00195,hsa00230(N01418),Inherited metabolic disorder,Three-dimensional structure of human adenine phosphoribosyltransferase and its relation to DHA-urolithiasis.,Biochemistry 43:7663-71 (2004),Purine catabolism,kegg_id_crossref,1.0
11243733,Adenine phosphoribosyltransferase deficiency,Purine metabolism,H00195,hsa00230(N01418),Inherited metabolic disorder,"2,8-Dihydroxyadenine urolithiasis in a patient with considerable residual adenine phosphoribosyltransferase activity in cell extracts but with mutations in both copies of APRT.",Mol Genet Metab 72:260-4 (2001),Purine catabolism,kegg_id_crossref,1.0
16176880,Phosphoribosylpyrophosphate synthetase superactivity,Pentose phosphate pathway,H00196,hsa00030,Inherited metabolic disorder,Disorders of purine and pyrimidine metabolism.,Mol Genet Metab 86:25-33 (2005),Pentose phosphate pathway,kegg_id_crossref,0.45
10066814,Phosphoribosylpyrophosphate synthetase superactivity,Pentose phosphate pathway,H00196,hsa00030,Inherited metabolic disorder,Accelerated transcription of PRPS1 in X-linked overactivity of normal human phosphoribosylpyrophosphate synthetase.,J Biol Chem 274:7482-8 (1999),Pentose phosphate pathway,kegg_id_crossref,0.45
8702702,Phosphoribosylpyrophosphate synthetase superactivity,Pentose phosphate pathway,H00196,hsa00030,Inherited metabolic disorder,Overexpression of the normal phosphoribosylpyrophosphate synthetase 1 isoform underlies catalytic superactivity of human phosphoribosylpyrophosphate synthetase.,J Biol Chem 271:19894-9 (1996),Pentose phosphate pathway,kegg_id_crossref,0.45
16176880,Phosphoribosylpyrophosphate synthetase superactivity,Purine metabolism,H00196,hsa00230,Inherited metabolic disorder,Disorders of purine and pyrimidine metabolism.,Mol Genet Metab 86:25-33 (2005),Purine catabolism,kegg_id_crossref,1.0
10066814,Phosphoribosylpyrophosphate synthetase superactivity,Purine metabolism,H00196,hsa00230,Inherited metabolic disorder,Accelerated transcription of PRPS1 in X-linked overactivity of normal human phosphoribosylpyrophosphate synthetase.,J Biol Chem 274:7482-8 (1999),Purine catabolism,kegg_id_crossref,1.0
8702702,Phosphoribosylpyrophosphate synthetase superactivity,Purine metabolism,H00196,hsa00230,Inherited metabolic disorder,Overexpression of the normal phosphoribosylpyrophosphate synthetase 1 isoform underlies catalytic superactivity of human phosphoribosylpyrophosphate synthetase.,J Biol Chem 271:19894-9 (1996),Purine catabolism,kegg_id_crossref,1.0
16839792,Adenylosuccinate lyase deficiency,Purine metabolism,H00197,hsa00230,Inherited metabolic disorder,Adenylosuccinate lyase deficiency.,Mol Genet Metab 89:19-31 (2006),Purine catabolism,kegg_id_crossref,1.0
11392513,Adenylosuccinate lyase deficiency,Purine metabolism,H00197,hsa00230,Inherited metabolic disorder,Neurologic aspects of adenylosuccinate lyase deficiency.,J Child Neurol 16:301-8 (2001),Purine catabolism,kegg_id_crossref,1.0
11042421,Adenylosuccinate lyase deficiency,Purine metabolism,H00197,hsa00230,Inherited metabolic disorder,Adenylosuccinase deficiency: an unusual cause of early-onset epilepsy associated with acquired microcephaly.,Brain Dev 22:383-6 (2000),Purine catabolism,kegg_id_crossref,1.0
16839792,Adenylosuccinate lyase deficiency,"Alanine, aspartate and glutamate metabolism",H00197,hsa00250,Inherited metabolic disorder,Adenylosuccinate lyase deficiency.,Mol Genet Metab 89:19-31 (2006),Alanine and aspartate metabolism,kegg_id_crossref,0.923
11392513,Adenylosuccinate lyase deficiency,"Alanine, aspartate and glutamate metabolism",H00197,hsa00250,Inherited metabolic disorder,Neurologic aspects of adenylosuccinate lyase deficiency.,J Child Neurol 16:301-8 (2001),Alanine and aspartate metabolism,kegg_id_crossref,0.923
11042421,Adenylosuccinate lyase deficiency,"Alanine, aspartate and glutamate metabolism",H00197,hsa00250,Inherited metabolic disorder,Adenylosuccinase deficiency: an unusual cause of early-onset epilepsy associated with acquired microcephaly.,Brain Dev 22:383-6 (2000),Alanine and aspartate metabolism,kegg_id_crossref,0.923
16176880,Orotic aciduria,Pyrimidine metabolism,H00198,hsa00240,Inherited metabolic disorder,Disorders of purine and pyrimidine metabolism.,Mol Genet Metab 86:25-33 (2005),Pyrimidine synthesis,kegg_id_crossref,1.0
9042911,Orotic aciduria,Pyrimidine metabolism,H00198,hsa00240,Inherited metabolic disorder,Molecular cloning of the human UMP synthase gene and characterization of point mutations in two hereditary orotic aciduria families.,Am J Hum Genet 60:525-39 (1997),Pyrimidine synthesis,kegg_id_crossref,1.0
16176880,Dihydropyrimidinase deficiency,Pyrimidine metabolism,H00199,hsa00240,Inherited metabolic disorder,Disorders of purine and pyrimidine metabolism.,Mol Genet Metab 86:25-33 (2005),Pyrimidine synthesis,kegg_id_crossref,1.0
9718352,Dihydropyrimidinase deficiency,Pyrimidine metabolism,H00199,hsa00240,Inherited metabolic disorder,"Dihydropyrimidinase deficiency: structural organization, chromosomal localization, and mutation analysis of the human dihydropyrimidinase gene.",Am J Hum Genet 63:717-26 (1998),Pyrimidine synthesis,kegg_id_crossref,1.0
9266350,Dihydropyrimidinase deficiency,Pyrimidine metabolism,H00199,hsa00240,Inherited metabolic disorder,Dihydropyrimidinase deficiency: confirmation of the enzyme defect in dihydropyrimidinuria.,J Inherit Metab Dis 20:339-42 (1997),Pyrimidine synthesis,kegg_id_crossref,1.0
16176880,Dihydropyrimidinase deficiency,Pantothenate and CoA biosynthesis,H00199,hsa00770,Inherited metabolic disorder,Disorders of purine and pyrimidine metabolism.,Mol Genet Metab 86:25-33 (2005),CoA synthesis,kegg_id_crossref,0.857
9718352,Dihydropyrimidinase deficiency,Pantothenate and CoA biosynthesis,H00199,hsa00770,Inherited metabolic disorder,"Dihydropyrimidinase deficiency: structural organization, chromosomal localization, and mutation analysis of the human dihydropyrimidinase gene.",Am J Hum Genet 63:717-26 (1998),CoA synthesis,kegg_id_crossref,0.857
9266350,Dihydropyrimidinase deficiency,Pantothenate and CoA biosynthesis,H00199,hsa00770,Inherited metabolic disorder,Dihydropyrimidinase deficiency: confirmation of the enzyme defect in dihydropyrimidinuria.,J Inherit Metab Dis 20:339-42 (1997),CoA synthesis,kegg_id_crossref,0.857
17964839,Beta-ureidopropionase deficiency,Pyrimidine metabolism,H00200,hsa00240,Inherited metabolic disorder,Beta-ureidopropionase deficiency presenting with congenital anomalies of the urogenital and colorectal systems.,Mol Genet Metab 93:190-4 (2008),Pyrimidine synthesis,kegg_id_crossref,1.0
16541364,Beta-ureidopropionase deficiency,Pyrimidine metabolism,H00200,hsa00240,Inherited metabolic disorder,Clinical findings and a therapeutic trial in the first patient with beta-ureidopropionase deficiency.,Neuropediatrics 37:20-5 (2006),Pyrimidine synthesis,kegg_id_crossref,1.0
16176880,Beta-ureidopropionase deficiency,Pyrimidine metabolism,H00200,hsa00240,Inherited metabolic disorder,Disorders of purine and pyrimidine metabolism.,Mol Genet Metab 86:25-33 (2005),Pyrimidine synthesis,kegg_id_crossref,1.0
17964839,Beta-ureidopropionase deficiency,beta-Alanine metabolism,H00200,hsa00410,Inherited metabolic disorder,Beta-ureidopropionase deficiency presenting with congenital anomalies of the urogenital and colorectal systems.,Mol Genet Metab 93:190-4 (2008),Beta-Alanine metabolism,kegg_id_crossref,1.0
16541364,Beta-ureidopropionase deficiency,beta-Alanine metabolism,H00200,hsa00410,Inherited metabolic disorder,Clinical findings and a therapeutic trial in the first patient with beta-ureidopropionase deficiency.,Neuropediatrics 37:20-5 (2006),Beta-Alanine metabolism,kegg_id_crossref,1.0
16176880,Beta-ureidopropionase deficiency,beta-Alanine metabolism,H00200,hsa00410,Inherited metabolic disorder,Disorders of purine and pyrimidine metabolism.,Mol Genet Metab 86:25-33 (2005),Beta-Alanine metabolism,kegg_id_crossref,1.0
18537592,Erythropoietic porphyria,Porphyrin metabolism,H00201,hsa00860,Inherited metabolic disorder,Erythropoietic porphyrias: animal models and update in gene-based therapies.,Curr Gene Ther 8:176-86 (2008),Heme degradation,kegg_id_crossref,1.0
11117426,Erythropoietic porphyria,Porphyrin metabolism,H00201,hsa00860,Inherited metabolic disorder,Erythropoietic and hepatic porphyrias.,J Inherit Metab Dis 23:641-61 (2000),Heme degradation,kegg_id_crossref,1.0
16385445,Erythropoietic porphyria,Porphyrin metabolism,H00201,hsa00860,Inherited metabolic disorder,Contribution of a common single-nucleotide polymorphism to the genetic predisposition for erythropoietic protoporphyria.,Am J Hum Genet 78:2-14 (2006),Heme degradation,kegg_id_crossref,1.0
15574461,Erythropoietic porphyria,Porphyrin metabolism,H00201,hsa00860,Inherited metabolic disorder,"Ferrochelatase consisting of wild-type and mutated subunits from patients with a dominant-inherited disease, erythropoietic protoporphyria, is an active but unstable dimer.",Hum Mol Genet 14:327-34 (2005),Heme degradation,kegg_id_crossref,1.0
28874591,Erythropoietic porphyria,Porphyrin metabolism,H00201,hsa00860,Inherited metabolic disorder,Mutation in human CLPX elevates levels of delta-aminolevulinate synthase and protoporphyrin IX to promote erythropoietic protoporphyria.,Proc Natl Acad Sci U S A 114:E8045-E8052 (2017),Heme degradation,kegg_id_crossref,1.0
8829650,Erythropoietic porphyria,Porphyrin metabolism,H00201,hsa00860,Inherited metabolic disorder,Molecular basis of congenital erythropoietic porphyria: mutations in the human uroporphyrinogen III synthase gene.,Hum Mutat 7:187-92 (1996),Heme degradation,kegg_id_crossref,1.0
2920211,Erythropoietic porphyria,Porphyrin metabolism,H00201,hsa00860,Inherited metabolic disorder,A point mutation in the coding region of uroporphyrinogen decarboxylase associated with familial porphyria cutanea tarda.,Blood 73:892-5 (1989),Heme degradation,kegg_id_crossref,1.0
21653323,Erythropoietic porphyria,Porphyrin metabolism,H00201,hsa00860,Inherited metabolic disorder,ALAS2 acts as a modifier gene in patients with congenital erythropoietic porphyria.,Blood 118:1443-51 (2011),Heme degradation,kegg_id_crossref,1.0
18760763,Erythropoietic porphyria,Porphyrin metabolism,H00201,hsa00860,Inherited metabolic disorder,C-terminal deletions in the ALAS2 gene lead to gain of function and cause X-linked dominant protoporphyria without anemia or iron overload.,Am J Hum Genet 83:408-14 (2008),Heme degradation,kegg_id_crossref,1.0
18537592,Erythropoietic porphyria,Biosynthesis of cofactors,H00201,hsa01240,Inherited metabolic disorder,Erythropoietic porphyrias: animal models and update in gene-based therapies.,Curr Gene Ther 8:176-86 (2008),Heme synthesis,kegg_id_crossref,0.875
11117426,Erythropoietic porphyria,Biosynthesis of cofactors,H00201,hsa01240,Inherited metabolic disorder,Erythropoietic and hepatic porphyrias.,J Inherit Metab Dis 23:641-61 (2000),Heme synthesis,kegg_id_crossref,0.875
16385445,Erythropoietic porphyria,Biosynthesis of cofactors,H00201,hsa01240,Inherited metabolic disorder,Contribution of a common single-nucleotide polymorphism to the genetic predisposition for erythropoietic protoporphyria.,Am J Hum Genet 78:2-14 (2006),Heme synthesis,kegg_id_crossref,0.875
15574461,Erythropoietic porphyria,Biosynthesis of cofactors,H00201,hsa01240,Inherited metabolic disorder,"Ferrochelatase consisting of wild-type and mutated subunits from patients with a dominant-inherited disease, erythropoietic protoporphyria, is an active but unstable dimer.",Hum Mol Genet 14:327-34 (2005),Heme synthesis,kegg_id_crossref,0.875
28874591,Erythropoietic porphyria,Biosynthesis of cofactors,H00201,hsa01240,Inherited metabolic disorder,Mutation in human CLPX elevates levels of delta-aminolevulinate synthase and protoporphyrin IX to promote erythropoietic protoporphyria.,Proc Natl Acad Sci U S A 114:E8045-E8052 (2017),Heme synthesis,kegg_id_crossref,0.875
8829650,Erythropoietic porphyria,Biosynthesis of cofactors,H00201,hsa01240,Inherited metabolic disorder,Molecular basis of congenital erythropoietic porphyria: mutations in the human uroporphyrinogen III synthase gene.,Hum Mutat 7:187-92 (1996),Heme synthesis,kegg_id_crossref,0.875
2920211,Erythropoietic porphyria,Biosynthesis of cofactors,H00201,hsa01240,Inherited metabolic disorder,A point mutation in the coding region of uroporphyrinogen decarboxylase associated with familial porphyria cutanea tarda.,Blood 73:892-5 (1989),Heme synthesis,kegg_id_crossref,0.875
21653323,Erythropoietic porphyria,Biosynthesis of cofactors,H00201,hsa01240,Inherited metabolic disorder,ALAS2 acts as a modifier gene in patients with congenital erythropoietic porphyria.,Blood 118:1443-51 (2011),Heme synthesis,kegg_id_crossref,0.875
18760763,Erythropoietic porphyria,Biosynthesis of cofactors,H00201,hsa01240,Inherited metabolic disorder,C-terminal deletions in the ALAS2 gene lead to gain of function and cause X-linked dominant protoporphyria without anemia or iron overload.,Am J Hum Genet 83:408-14 (2008),Heme synthesis,kegg_id_crossref,0.875
14995910,Hepatic porphyria,Porphyrin metabolism,H00202,hsa00860,Inherited metabolic disorder,Molecular diagnostics of acute intermittent porphyria.,Expert Rev Mol Diagn 4:243-9 (2004),Heme degradation,kegg_id_crossref,1.0
12919129,Hepatic porphyria,Porphyrin metabolism,H00202,hsa00860,Inherited metabolic disorder,Diagnosis and treatment of the hepatic porphyrias.,Dermatol Ther 16:65-72 (2003),Heme degradation,kegg_id_crossref,1.0
12367763,Hepatic porphyria,Porphyrin metabolism,H00202,hsa00860,Inherited metabolic disorder,Human hereditary hepatic porphyrias.,Clin Chim Acta 325:17-37 (2002),Heme degradation,kegg_id_crossref,1.0
2920211,Hepatic porphyria,Porphyrin metabolism,H00202,hsa00860,Inherited metabolic disorder,A point mutation in the coding region of uroporphyrinogen decarboxylase associated with familial porphyria cutanea tarda.,Blood 73:892-5 (1989),Heme degradation,kegg_id_crossref,1.0
9199558,Hepatic porphyria,Porphyrin metabolism,H00202,hsa00860,Inherited metabolic disorder,Molecular epidemiology and diagnosis of PBG deaminase gene defects in acute intermittent porphyria.,Am J Hum Genet 60:1373-83 (1997),Heme degradation,kegg_id_crossref,1.0
8852667,Hepatic porphyria,Porphyrin metabolism,H00202,hsa00860,Inherited metabolic disorder,Mutations in the protoporphyrinogen oxidase gene in patients with variegate porphyria.,Hum Mol Genet 5:407-10 (1996),Heme degradation,kegg_id_crossref,1.0
9540991,Hepatic porphyria,Porphyrin metabolism,H00202,hsa00860,Inherited metabolic disorder,Homozygous variegate porphyria: identification of mutations on both alleles of the protoporphyrinogen oxidase gene in a severely affected proband.,J Invest Dermatol 110:452-5 (1998),Heme degradation,kegg_id_crossref,1.0
2063868,Hepatic porphyria,Porphyrin metabolism,H00202,hsa00860,Inherited metabolic disorder,delta-Aminolevulinate dehydratase deficient porphyria: identification of the molecular lesions in a severely affected homozygote.,Am J Hum Genet 49:167-74 (1991),Heme degradation,kegg_id_crossref,1.0
8012360,Hepatic porphyria,Porphyrin metabolism,H00202,hsa00860,Inherited metabolic disorder,Homozygous hereditary coproporphyria caused by an arginine to tryptophane substitution in coproporphyrinogen oxidase and common intragenic polymorphisms.,Hum Mol Genet 3:477-80 (1994),Heme degradation,kegg_id_crossref,1.0
14995910,Hepatic porphyria,Biosynthesis of cofactors,H00202,hsa01240,Inherited metabolic disorder,Molecular diagnostics of acute intermittent porphyria.,Expert Rev Mol Diagn 4:243-9 (2004),Heme synthesis,kegg_id_crossref,0.875
12919129,Hepatic porphyria,Biosynthesis of cofactors,H00202,hsa01240,Inherited metabolic disorder,Diagnosis and treatment of the hepatic porphyrias.,Dermatol Ther 16:65-72 (2003),Heme synthesis,kegg_id_crossref,0.875
12367763,Hepatic porphyria,Biosynthesis of cofactors,H00202,hsa01240,Inherited metabolic disorder,Human hereditary hepatic porphyrias.,Clin Chim Acta 325:17-37 (2002),Heme synthesis,kegg_id_crossref,0.875
2920211,Hepatic porphyria,Biosynthesis of cofactors,H00202,hsa01240,Inherited metabolic disorder,A point mutation in the coding region of uroporphyrinogen decarboxylase associated with familial porphyria cutanea tarda.,Blood 73:892-5 (1989),Heme synthesis,kegg_id_crossref,0.875
9199558,Hepatic porphyria,Biosynthesis of cofactors,H00202,hsa01240,Inherited metabolic disorder,Molecular epidemiology and diagnosis of PBG deaminase gene defects in acute intermittent porphyria.,Am J Hum Genet 60:1373-83 (1997),Heme synthesis,kegg_id_crossref,0.875
8852667,Hepatic porphyria,Biosynthesis of cofactors,H00202,hsa01240,Inherited metabolic disorder,Mutations in the protoporphyrinogen oxidase gene in patients with variegate porphyria.,Hum Mol Genet 5:407-10 (1996),Heme synthesis,kegg_id_crossref,0.875
9540991,Hepatic porphyria,Biosynthesis of cofactors,H00202,hsa01240,Inherited metabolic disorder,Homozygous variegate porphyria: identification of mutations on both alleles of the protoporphyrinogen oxidase gene in a severely affected proband.,J Invest Dermatol 110:452-5 (1998),Heme synthesis,kegg_id_crossref,0.875
2063868,Hepatic porphyria,Biosynthesis of cofactors,H00202,hsa01240,Inherited metabolic disorder,delta-Aminolevulinate dehydratase deficient porphyria: identification of the molecular lesions in a severely affected homozygote.,Am J Hum Genet 49:167-74 (1991),Heme synthesis,kegg_id_crossref,0.875
8012360,Hepatic porphyria,Biosynthesis of cofactors,H00202,hsa01240,Inherited metabolic disorder,Homozygous hereditary coproporphyria caused by an arginine to tryptophane substitution in coproporphyrinogen oxidase and common intragenic polymorphisms.,Hum Mol Genet 3:477-80 (1994),Heme synthesis,kegg_id_crossref,0.875
19122680,Acatalasemia,Tryptophan metabolism,H00203,hsa00380,Inherited metabolic disorder,Mammalian acatalasemia: the perspectives of bioinformatics and genetic toxicology.,Acta Med Okayama 62:345-61 (2008),Tryptophan metabolism,kegg_id_crossref,0.955
15771551,Acatalasemia,Tryptophan metabolism,H00203,hsa00380,Inherited metabolic disorder,Catalase enzyme mutations and their association with diseases.,Mol Diagn 8:141-9 (2004),Tryptophan metabolism,kegg_id_crossref,0.955
11500062,Acatalasemia,Tryptophan metabolism,H00203,hsa00380,Inherited metabolic disorder,A new type of inherited catalase deficiencies: its characterization and comparison to the Japanese and Swiss type of acatalasemia.,Blood Cells Mol Dis 27:512-7 (2001),Tryptophan metabolism,kegg_id_crossref,0.955
17034877,Acatalasemia,Tryptophan metabolism,H00203,hsa00380,Inherited metabolic disorder,Peroxisomes and oxidative stress.,Biochim Biophys Acta 1763:1755-66 (2006),Tryptophan metabolism,kegg_id_crossref,0.955
17467679,Mevalonate kinase deficiency,Terpenoid backbone biosynthesis,H00206,hsa00900,Inherited metabolic disorder,Mevalonate pathway: a review of clinical and therapeutical implications.,Clin Biochem 40:575-84 (2007),Squalene and cholesterol synthesis,kegg_id_crossref,1.0
16722536,Mevalonate kinase deficiency,Terpenoid backbone biosynthesis,H00206,hsa00900,Inherited metabolic disorder,Mevalonate kinase deficiencies: from mevalonic aciduria to hyperimmunoglobulinemia D syndrome.,Orphanet J Rare Dis 1:13 (2006),Squalene and cholesterol synthesis,kegg_id_crossref,1.0
16835861,Mevalonate kinase deficiency,Terpenoid backbone biosynthesis,H00206,hsa00900,Inherited metabolic disorder,Mutational spectrum and genotype-phenotype correlations in mevalonate kinase deficiency.,Hum Mutat 27:796-802 (2006),Squalene and cholesterol synthesis,kegg_id_crossref,1.0
12563048,Mevalonate kinase deficiency,Terpenoid backbone biosynthesis,H00206,hsa00900,Inherited metabolic disorder,Mevalonate kinase deficiency: enlarging the clinical and biochemical spectrum.,Pediatrics 111:258-61 (2003),Squalene and cholesterol synthesis,kegg_id_crossref,1.0
17055079,Rhizomelic chondrodysplasia punctata,Glycerophospholipid metabolism,H00207,hsa00564,"Inherited metabolic disorder, Peroxisomal disease",Peroxisome biogenesis disorders.,Biochim Biophys Acta 1763:1733-48 (2006),Oxidative phosphorylation,kegg_id_crossref,1.0
15679822,Rhizomelic chondrodysplasia punctata,Glycerophospholipid metabolism,H00207,hsa00564,"Inherited metabolic disorder, Peroxisomal disease",Peroxisomal disorders I: biochemistry and genetics of peroxisome biogenesis disorders.,Clin Genet 67:107-33 (2005),Oxidative phosphorylation,kegg_id_crossref,1.0
11478383,Rhizomelic chondrodysplasia punctata,Glycerophospholipid metabolism,H00207,hsa00564,"Inherited metabolic disorder, Peroxisomal disease",Normal and defective neuronal membranes: structure and function: neuronal lesions in peroxisomal disorders.,J Mol Neurosci 16:285-7; discussion 317-21 (2001),Oxidative phosphorylation,kegg_id_crossref,1.0
10904262,Rhizomelic chondrodysplasia punctata,Glycerophospholipid metabolism,H00207,hsa00564,"Inherited metabolic disorder, Peroxisomal disease",Peroxisome biogenesis disorders: genetics and cell biology.,Trends Genet 16:340-5 (2000),Oxidative phosphorylation,kegg_id_crossref,1.0
10553003,Rhizomelic chondrodysplasia punctata,Glycerophospholipid metabolism,H00207,hsa00564,"Inherited metabolic disorder, Peroxisomal disease",Ether lipid biosynthesis: alkyl-dihydroxyacetonephosphate synthase protein deficiency leads to reduced dihydroxyacetonephosphate acyltransferase activities.,J Lipid Res 40:1998-2003 (1999),Oxidative phosphorylation,kegg_id_crossref,1.0
10227689,Rhizomelic chondrodysplasia punctata,Glycerophospholipid metabolism,H00207,hsa00564,"Inherited metabolic disorder, Peroxisomal disease","Rhizomelic chondrodysplasia punctata, a peroxisomal biogenesis disorder caused by defects in Pex7p, a peroxisomal protein import receptor: a minireview.",Neurochem Res 24:581-6 (1999),Oxidative phosphorylation,kegg_id_crossref,1.0
26220973,Rhizomelic chondrodysplasia punctata,Glycerophospholipid metabolism,H00207,hsa00564,"Inherited metabolic disorder, Peroxisomal disease","A novel type of rhizomelic chondrodysplasia punctata, RCDP5, is caused by loss of the PEX5 long isoform.",Hum Mol Genet 24:5845-54 (2015),Oxidative phosphorylation,kegg_id_crossref,1.0
12480568,Hyperbilirubinemia,Porphyrin metabolism,H00208,hsa00860,Inherited metabolic disorder,Inherited disorders of bilirubin metabolism.,J Hepatol 38:107-17 (2003),Heme degradation,kegg_id_crossref,1.0
16386929,Hyperbilirubinemia,Porphyrin metabolism,H00208,hsa00860,Inherited metabolic disorder,Hematologically important mutations: bilirubin UDP-glucuronosyltransferase gene mutations in Gilbert and Crigler-Najjar syndromes.,Blood Cells Mol Dis 36:77-80 (2006),Heme degradation,kegg_id_crossref,1.0
12388192,Hyperbilirubinemia,Porphyrin metabolism,H00208,hsa00860,Inherited metabolic disorder,A common Dubin-Johnson syndrome mutation impairs protein maturation and transport activity of MRP2 (ABCC2).,Am J Physiol Gastrointest Liver Physiol 284:G165-74 (2003),Heme degradation,kegg_id_crossref,1.0
22232210,Hyperbilirubinemia,Porphyrin metabolism,H00208,hsa00860,Inherited metabolic disorder,Complete OATP1B1 and OATP1B3 deficiency causes human Rotor syndrome by interrupting conjugated bilirubin reuptake into the liver.,J Clin Invest 122:519-28 (2012),Heme degradation,kegg_id_crossref,1.0
17916236,Hypophosphatasia,Folate biosynthesis,H00213,hsa00790,Inherited metabolic disorder,Hypophosphatasia.,Orphanet J Rare Dis 2:40 (2007),Tetrahydrobiopterin metabolism,kegg_id_crossref,0.8
10737975,Hypophosphatasia,Folate biosynthesis,H00213,hsa00790,Inherited metabolic disorder,Hypophosphatasia: the mutations in the tissue-nonspecific alkaline phosphatase gene.,Hum Mutat 15:309-15 (2000),Tetrahydrobiopterin metabolism,kegg_id_crossref,0.8
18328985,Hypophosphatasia,Folate biosynthesis,H00213,hsa00790,Inherited metabolic disorder,Hypophosphatasia.,Best Pract Res Clin Rheumatol 22:113-27 (2008),Tetrahydrobiopterin metabolism,kegg_id_crossref,0.8
17916236,Hypophosphatasia,Thiamine metabolism,H00213,hsa00730,Inherited metabolic disorder,Hypophosphatasia.,Orphanet J Rare Dis 2:40 (2007),Thiamine metabolism,kegg_id_crossref,1.0
10737975,Hypophosphatasia,Thiamine metabolism,H00213,hsa00730,Inherited metabolic disorder,Hypophosphatasia: the mutations in the tissue-nonspecific alkaline phosphatase gene.,Hum Mutat 15:309-15 (2000),Thiamine metabolism,kegg_id_crossref,1.0
18328985,Hypophosphatasia,Thiamine metabolism,H00213,hsa00730,Inherited metabolic disorder,Hypophosphatasia.,Best Pract Res Clin Rheumatol 22:113-27 (2008),Thiamine metabolism,kegg_id_crossref,1.0
18844712,Congenital adrenal hyperplasia,Steroid hormone biosynthesis,H00216,hsa00140(N00759+N00338),Endocrine and metabolic disease,Congenital adrenal hyperplasia.,Dermatol Ther 21:340-53 (2008),Steroid metabolism,kegg_id_crossref,1.0
18574213,Congenital adrenal hyperplasia,Steroid hormone biosynthesis,H00216,hsa00140(N00759+N00338),Endocrine and metabolic disease,Congenital adrenal hyperplasia in adolescents: diagnosis and management.,Ann N Y Acad Sci 1135:95-8 (2008),Steroid metabolism,kegg_id_crossref,1.0
15554890,Congenital adrenal hyperplasia,Steroid hormone biosynthesis,H00216,hsa00140(N00759+N00338),Endocrine and metabolic disease,Classic congenital adrenal hyperplasia and puberty.,Eur J Endocrinol 151 Suppl 3:U77-82 (2004),Steroid metabolism,kegg_id_crossref,1.0
12930931,Congenital adrenal hyperplasia,Steroid hormone biosynthesis,H00216,hsa00140(N00759+N00338),Endocrine and metabolic disease,Congenital adrenal hyperplasia.,N Engl J Med 349:776-88 (2003),Steroid metabolism,kegg_id_crossref,1.0
16906539,Congenital adrenal hyperplasia,Steroid hormone biosynthesis,H00216,hsa00140(N00759+N00338),Endocrine and metabolic disease,Linking Antley-Bixler syndrome and congenital adrenal hyperplasia: a novel case of P450 oxidoreductase deficiency.,Am J Med Genet A 140A:1797-803 (2006),Steroid metabolism,kegg_id_crossref,1.0
17467691,Pelger-Huet anomaly,Steroid biosynthesis,H00234,hsa00100,Hematologic disease,"""Laminopathies"": a wide spectrum of human diseases.",Exp Cell Res 313:2121-33 (2007),Cholesterol metabolism,kegg_id_crossref,0.312
17245605,Pelger-Huet anomaly,Steroid biosynthesis,H00234,hsa00100,Hematologic disease,The granulocyte nucleus and lamin B receptor: avoiding the ovoid.,Chromosoma 116:227-35 (2007),Cholesterol metabolism,kegg_id_crossref,0.312
14684694,Pelger-Huet anomaly,Steroid biosynthesis,H00234,hsa00100,Hematologic disease,Congenital abnormalities reported in Pelger-Huet homozygosity as compared to Greenberg/HEM dysplasia: highly variable expression of allelic phenotypes.,J Med Genet 40:937-41 (2003),Cholesterol metabolism,kegg_id_crossref,0.312
18318771,Methemoglobinemia,Amino sugar and nucleotide sugar metabolism,H00235,hsa00520,Hematologic disease,Recessive congenital methaemoglobinaemia: cytochrome b(5) reductase deficiency.,Br J Haematol 141:298-308 (2008),Nucleotide sugar metabolism,kegg_id_crossref,1.0
18202104,Methemoglobinemia,Amino sugar and nucleotide sugar metabolism,H00235,hsa00520,Hematologic disease,"Recessive hereditary methaemoglobinaemia, type II: delineation of the clinical spectrum.",Brain 131:760-1 (2008),Nucleotide sugar metabolism,kegg_id_crossref,1.0
2107882,Methemoglobinemia,Amino sugar and nucleotide sugar metabolism,H00235,hsa00520,Hematologic disease,"Serine-proline replacement at residue 127 of NADH-cytochrome b5 reductase causes hereditary methemoglobinemia, generalized type.",Blood 75:1408-13 (1990),Nucleotide sugar metabolism,kegg_id_crossref,1.0
13897827,Methemoglobinemia,Amino sugar and nucleotide sugar metabolism,H00235,hsa00520,Hematologic disease,Chemical studies of several varieties of Hb M.,Proc Natl Acad Sci U S A 47:1758-67 (1961),Nucleotide sugar metabolism,kegg_id_crossref,1.0
8168836,Methemoglobinemia,Amino sugar and nucleotide sugar metabolism,H00235,hsa00520,Hematologic disease,A splicing mutation in the cytochrome b5 gene from a patient with congenital methemoglobinemia and pseudohermaphrodism.,Hum Genet 93:568-70 (1994),Nucleotide sugar metabolism,kegg_id_crossref,1.0
17468186,Thyroid dyshormonogenesis,Tyrosine metabolism,H00251,hsa00350,Endocrine and metabolic disease,High prevalence of thyroid peroxidase gene mutations in patients with thyroid dyshormonogenesis.,Eur J Endocrinol 156:511-9 (2007),Tyrosine metabolism,kegg_id_crossref,0.941
16424561,Thyroid dyshormonogenesis,Tyrosine metabolism,H00251,hsa00350,Endocrine and metabolic disease,Thyroid dyshormonogenesis.,Indian Pediatr 42:1233-5 (2005),Tyrosine metabolism,kegg_id_crossref,0.941
15863666,Thyroid dyshormonogenesis,Tyrosine metabolism,H00251,hsa00350,Endocrine and metabolic disease,Genetics of congenital hypothyroidism.,J Med Genet 42:379-89 (2005),Tyrosine metabolism,kegg_id_crossref,0.941
9171822,Thyroid dyshormonogenesis,Tyrosine metabolism,H00251,hsa00350,Endocrine and metabolic disease,Congenital hypothyroidism caused by a mutation in the Na+/I- symporter.,Nat Genet 16:124-5 (1997),Tyrosine metabolism,kegg_id_crossref,0.941
1401057,Thyroid dyshormonogenesis,Tyrosine metabolism,H00251,hsa00350,Endocrine and metabolic disease,Identification of a mutation in the coding sequence of the human thyroid peroxidase gene causing congenital goiter.,J Clin Invest 90:1200-4 (1992),Tyrosine metabolism,kegg_id_crossref,0.941
17503324,Thyroid dyshormonogenesis,Tyrosine metabolism,H00251,hsa00350,Endocrine and metabolic disease,Transcriptional control of SLC26A4 is involved in Pendred syndrome and nonsyndromic enlargement of vestibular aqueduct (DFNB4).,Am J Hum Genet 80:1055-63 (2007),Tyrosine metabolism,kegg_id_crossref,0.941
1752952,Thyroid dyshormonogenesis,Tyrosine metabolism,H00251,hsa00350,Endocrine and metabolic disease,A 3' splice site mutation in the thyroglobulin gene responsible for congenital goiter with hypothyroidism.,J Clin Invest 88:1901-5 (1991),Tyrosine metabolism,kegg_id_crossref,0.941
18434651,Thyroid dyshormonogenesis,Tyrosine metabolism,H00251,hsa00350,Endocrine and metabolic disease,Mutations in the iodotyrosine deiodinase gene and hypothyroidism.,N Engl J Med 358:1811-8 (2008),Tyrosine metabolism,kegg_id_crossref,0.941
18042646,Thyroid dyshormonogenesis,Tyrosine metabolism,H00251,hsa00350,Endocrine and metabolic disease,Biallelic inactivation of the dual oxidase maturation factor 2 (DUOXA2) gene as a novel cause of congenital hypothyroidism.,J Clin Endocrinol Metab 93:605-10 (2008),Tyrosine metabolism,kegg_id_crossref,0.941
12110737,Thyroid dyshormonogenesis,Tyrosine metabolism,H00251,hsa00350,Endocrine and metabolic disease,Inactivating mutations in the gene for thyroid oxidase 2 (THOX2) and congenital hypothyroidism.,N Engl J Med 347:95-102 (2002),Tyrosine metabolism,kegg_id_crossref,0.941
18985070,Hypogonadotropic hypogonadism,Glycosaminoglycan biosynthesis - heparan sulfate / heparin,H00255,hsa00534(N01582),Endocrine and metabolic disease,Kallmann syndrome.,Eur J Hum Genet 17:139-46 (2009),Chondroitin synthesis,kegg_id_crossref,1.0
18987492,Hypogonadotropic hypogonadism,Glycosaminoglycan biosynthesis - heparan sulfate / heparin,H00255,hsa00534(N01582),Endocrine and metabolic disease,"The complex genetics of Kallmann syndrome: KAL1, FGFR1, FGF8, PROKR2, PROK2, et al.",Sex Dev 2:181-93 (2008),Chondroitin synthesis,kegg_id_crossref,1.0
26194704,Hypogonadotropic hypogonadism,Glycosaminoglycan biosynthesis - heparan sulfate / heparin,H00255,hsa00534(N01582),Endocrine and metabolic disease,"Expert consensus document: European Consensus Statement on congenital hypogonadotropic hypogonadism--pathogenesis, diagnosis and treatment.",Nat Rev Endocrinol 11:547-64 (2015),Chondroitin synthesis,kegg_id_crossref,1.0
1594017,Hypogonadotropic hypogonadism,Glycosaminoglycan biosynthesis - heparan sulfate / heparin,H00255,hsa00534(N01582),Endocrine and metabolic disease,Brief report: intragenic deletion of the KALIG-1 gene in Kallmann's syndrome.,N Engl J Med 326:1752-5 (1992),Chondroitin synthesis,kegg_id_crossref,1.0
12627230,Hypogonadotropic hypogonadism,Glycosaminoglycan biosynthesis - heparan sulfate / heparin,H00255,hsa00534(N01582),Endocrine and metabolic disease,Loss-of-function mutations in FGFR1 cause autosomal dominant Kallmann syndrome.,Nat Genet 33:463-5 (2003),Chondroitin synthesis,kegg_id_crossref,1.0
17054399,Hypogonadotropic hypogonadism,Glycosaminoglycan biosynthesis - heparan sulfate / heparin,H00255,hsa00534(N01582),Endocrine and metabolic disease,Kallmann syndrome: mutations in the genes encoding prokineticin-2 and prokineticin receptor-2.,PLoS Genet 2:e175 (2006),Chondroitin synthesis,kegg_id_crossref,1.0
18834967,Hypogonadotropic hypogonadism,Glycosaminoglycan biosynthesis - heparan sulfate / heparin,H00255,hsa00534(N01582),Endocrine and metabolic disease,"Mutations in CHD7, encoding a chromatin-remodeling protein, cause idiopathic hypogonadotropic hypogonadism and Kallmann syndrome.",Am J Hum Genet 83:511-9 (2008),Chondroitin synthesis,kegg_id_crossref,1.0
18596921,Hypogonadotropic hypogonadism,Glycosaminoglycan biosynthesis - heparan sulfate / heparin,H00255,hsa00534(N01582),Endocrine and metabolic disease,Decreased FGF8 signaling causes deficiency of gonadotropin-releasing hormone in humans and mice.,J Clin Invest 118:2822-31 (2008),Chondroitin synthesis,kegg_id_crossref,1.0
11397842,Hypogonadotropic hypogonadism,Glycosaminoglycan biosynthesis - heparan sulfate / heparin,H00255,hsa00534(N01582),Endocrine and metabolic disease,The fertile eunuch variant of idiopathic hypogonadotropic hypogonadism: spontaneous reversal associated with a homozygous mutation in the gonadotropin-releasing hormone receptor.,J Clin Endocrinol Metab 86:2470-5 (2001),Chondroitin synthesis,kegg_id_crossref,1.0
14573733,Hypogonadotropic hypogonadism,Glycosaminoglycan biosynthesis - heparan sulfate / heparin,H00255,hsa00534(N01582),Endocrine and metabolic disease,The GPR54 gene as a regulator of puberty.,N Engl J Med 349:1614-27 (2003),Chondroitin synthesis,kegg_id_crossref,1.0
15362570,Hypogonadotropic hypogonadism,Glycosaminoglycan biosynthesis - heparan sulfate / heparin,H00255,hsa00534(N01582),Endocrine and metabolic disease,"Characterization of the human nasal embryonic LHRH factor gene, NELF, and a mutation screening among 65 patients with idiopathic hypogonadotropic hypogonadism (IHH).",J Hum Genet 49:265-8 (2004),Chondroitin synthesis,kegg_id_crossref,1.0
19079066,Hypogonadotropic hypogonadism,Glycosaminoglycan biosynthesis - heparan sulfate / heparin,H00255,hsa00534(N01582),Endocrine and metabolic disease,TAC3 and TACR3 mutations in familial hypogonadotropic hypogonadism reveal a key role for Neurokinin B in the central control of reproduction.,Nat Genet 41:354-8 (2009),Chondroitin synthesis,kegg_id_crossref,1.0
19535795,Hypogonadotropic hypogonadism,Glycosaminoglycan biosynthesis - heparan sulfate / heparin,H00255,hsa00534(N01582),Endocrine and metabolic disease,Isolated familial hypogonadotropic hypogonadism and a GNRH1 mutation.,N Engl J Med 360:2742-8 (2009),Chondroitin synthesis,kegg_id_crossref,1.0
22335740,Hypogonadotropic hypogonadism,Glycosaminoglycan biosynthesis - heparan sulfate / heparin,H00255,hsa00534(N01582),Endocrine and metabolic disease,Inactivating KISS1 mutation and hypogonadotropic hypogonadism.,N Engl J Med 366:629-35 (2012),Chondroitin synthesis,kegg_id_crossref,1.0
20887964,Hypogonadotropic hypogonadism,Glycosaminoglycan biosynthesis - heparan sulfate / heparin,H00255,hsa00534(N01582),Endocrine and metabolic disease,"WDR11, a WD protein that interacts with transcription factor EMX1, is mutated in idiopathic hypogonadotropic hypogonadism and Kallmann syndrome.",Am J Hum Genet 87:465-79 (2010),Chondroitin synthesis,kegg_id_crossref,1.0
21700882,Hypogonadotropic hypogonadism,Glycosaminoglycan biosynthesis - heparan sulfate / heparin,H00255,hsa00534(N01582),Endocrine and metabolic disease,"Heparan sulfate 6-O-sulfotransferase 1, a gene involved in extracellular sugar modifications, is mutated in patients with idiopathic hypogonadotrophic hypogonadism.",Proc Natl Acad Sci U S A 108:11524-9 (2011),Chondroitin synthesis,kegg_id_crossref,1.0
22927827,Hypogonadotropic hypogonadism,Glycosaminoglycan biosynthesis - heparan sulfate / heparin,H00255,hsa00534(N01582),Endocrine and metabolic disease,"SEMA3A, a gene involved in axonal pathfinding, is mutated in patients with Kallmann syndrome.",PLoS Genet 8:e1002896 (2012),Chondroitin synthesis,kegg_id_crossref,1.0
23643382,Hypogonadotropic hypogonadism,Glycosaminoglycan biosynthesis - heparan sulfate / heparin,H00255,hsa00534(N01582),Endocrine and metabolic disease,"Mutations in FGF17, IL17RD, DUSP6, SPRY4, and FLRT3 are identified in individuals with congenital hypogonadotropic hypogonadism.",Am J Hum Genet 92:725-43 (2013),Chondroitin synthesis,kegg_id_crossref,1.0
25192046,Hypogonadotropic hypogonadism,Glycosaminoglycan biosynthesis - heparan sulfate / heparin,H00255,hsa00534(N01582),Endocrine and metabolic disease,Mutations in FEZF1 cause Kallmann syndrome.,Am J Hum Genet 95:326-31 (2014),Chondroitin synthesis,kegg_id_crossref,1.0
19129711,Hypogonadotropic hypogonadism,Glycosaminoglycan biosynthesis - heparan sulfate / heparin,H00255,hsa00534(N01582),Endocrine and metabolic disease,Inactivating mutations of luteinizing hormone beta-subunit or luteinizing hormone receptor cause oligo-amenorrhea and infertility in women.,Horm Res 71:75-82 (2009),Chondroitin synthesis,kegg_id_crossref,1.0
8220432,Hypogonadotropic hypogonadism,Glycosaminoglycan biosynthesis - heparan sulfate / heparin,H00255,hsa00534(N01582),Endocrine and metabolic disease,Primary amenorrhoea and infertility due to a mutation in the beta-subunit of follicle-stimulating hormone.,Nat Genet 5:83-6 (1993),Chondroitin synthesis,kegg_id_crossref,1.0
31883645,Hypogonadotropic hypogonadism,Glycosaminoglycan biosynthesis - heparan sulfate / heparin,H00255,hsa00534(N01582),Endocrine and metabolic disease,Neuron-Derived Neurotrophic Factor Is Mutated in Congenital Hypogonadotropic Hypogonadism.,Am J Hum Genet 106:58-70 (2020),Chondroitin synthesis,kegg_id_crossref,1.0
32620954,Hypogonadotropic hypogonadism,Glycosaminoglycan biosynthesis - heparan sulfate / heparin,H00255,hsa00534(N01582),Endocrine and metabolic disease,TCF12 haploinsufficiency causes autosomal dominant Kallmann syndrome and reveals network-level interactions between causal loci.,Hum Mol Genet 29:2435-2450 (2020),Chondroitin synthesis,kegg_id_crossref,1.0
35066646,Hypogonadotropic hypogonadism,Glycosaminoglycan biosynthesis - heparan sulfate / heparin,H00255,hsa00534(N01582),Endocrine and metabolic disease,Inactivating NHLH2 variants cause idiopathic hypogonadotropic hypogonadism and obesity in humans.,Hum Genet 141:295-304 (2022),Chondroitin synthesis,kegg_id_crossref,1.0
15134805,Aldosterone synthase deficiency,Steroid hormone biosynthesis,H00258,hsa00140(N00339),Endocrine and metabolic disease,Aldosterone synthase deficiency and related disorders.,Mol Cell Endocrinol 217:81-7 (2004),Steroid metabolism,kegg_id_crossref,1.0
11174838,Aldosterone synthase deficiency,Steroid hormone biosynthesis,H00258,hsa00140(N00339),Endocrine and metabolic disease,Aldosterone synthase deficiency type I with no documented homozygous mutations in the CYP11B2 gene.,Eur J Endocrinol 144:59-62 (2001),Steroid metabolism,kegg_id_crossref,1.0
10559665,Aldosterone synthase deficiency,Steroid hormone biosynthesis,H00258,hsa00140(N00339),Endocrine and metabolic disease,Disorders of the aldosterone synthase and steroid 11beta-hydroxylase deficiencies.,Horm Res 51:211-22 (1999),Steroid metabolism,kegg_id_crossref,1.0
16980198,Apparent mineralocorticoid excess syndrome,Steroid hormone biosynthesis,H00259,hsa00140(N00338),Endocrine and metabolic disease,Cortisol metabolism in hypertension.,Best Pract Res Clin Endocrinol Metab 20:337-53 (2006),Steroid metabolism,kegg_id_crossref,1.0
15761540,Apparent mineralocorticoid excess syndrome,Steroid hormone biosynthesis,H00259,hsa00140(N00338),Endocrine and metabolic disease,Apparent mineralocorticoid excess syndrome: an overview.,Arq Bras Endocrinol Metabol 48:687-96 (2004),Steroid metabolism,kegg_id_crossref,1.0
17963270,"Neural tube defects, folate-sensitive",One carbon pool by folate,H00262,hsa00670,Congenital malformation,Folate-mediated one-carbon metabolism and neural tube defects: balancing genome synthesis and gene expression.,Birth Defects Res C Embryo Today 81:183-203 (2007),Folate metabolism,kegg_id_crossref,1.0
19120526,"Neural tube defects, folate-sensitive",One carbon pool by folate,H00262,hsa00670,Congenital malformation,"Neural tube defects: prevalence, etiology and prevention.",Int J Urol 16:49-57 (2009),Folate metabolism,kegg_id_crossref,1.0
12375236,"Neural tube defects, folate-sensitive",One carbon pool by folate,H00262,hsa00670,Congenital malformation,"Maternal genetic effects, exerted by genes involved in homocysteine remethylation, influence the risk of spina bifida.",Am J Hum Genet 71:1222-6 (2002),Folate metabolism,kegg_id_crossref,1.0
16315005,"Neural tube defects, folate-sensitive",One carbon pool by folate,H00262,hsa00670,Congenital malformation,Evaluation of a methylenetetrahydrofolate-dehydrogenase 1958G>A polymorphism for neural tube defect risk.,J Hum Genet 51:98-103 (2006),Folate metabolism,kegg_id_crossref,1.0
16183296,Hereditary sensory and autonomic neuropathy,Sphingolipid metabolism,H00265,hsa00600,Nervous system disease,Disease mechanisms in hereditary sensory and autonomic neuropathies.,Neurobiol Dis 21:247-55 (2006),Sphingolipid metabolism,kegg_id_crossref,0.714
16775373,Hereditary sensory and autonomic neuropathy,Sphingolipid metabolism,H00265,hsa00600,Nervous system disease,Molecular genetics of hereditary sensory neuropathies.,Neuromolecular Med 8:147-58 (2006),Sphingolipid metabolism,kegg_id_crossref,0.714
20920666,Hereditary sensory and autonomic neuropathy,Sphingolipid metabolism,H00265,hsa00600,Nervous system disease,Mutations in the SPTLC2 subunit of serine palmitoyltransferase cause hereditary sensory and autonomic neuropathy type I.,Am J Hum Genet 87:513-22 (2010),Sphingolipid metabolism,kegg_id_crossref,0.714
19838196,Hereditary sensory and autonomic neuropathy,Sphingolipid metabolism,H00265,hsa00600,Nervous system disease,"Mutations in FAM134B, encoding a newly identified Golgi protein, cause severe sensory and autonomic neuropathy.",Nat Genet 41:1179-81 (2009),Sphingolipid metabolism,kegg_id_crossref,0.714
21820098,Hereditary sensory and autonomic neuropathy,Sphingolipid metabolism,H00265,hsa00600,Nervous system disease,"KIF1A, an axonal transporter of synaptic vesicles, is mutated in hereditary sensory and autonomic neuropathy type 2.",Am J Hum Genet 89:219-30 (2011),Sphingolipid metabolism,kegg_id_crossref,0.714
17167479,Hereditary sensory and autonomic neuropathy,Sphingolipid metabolism,H00265,hsa00600,Nervous system disease,An SCN9A channelopathy causes congenital inability to experience pain.,Nature 444:894-8 (2006),Sphingolipid metabolism,kegg_id_crossref,0.714
22522446,Hereditary sensory and autonomic neuropathy,Sphingolipid metabolism,H00265,hsa00600,Nervous system disease,Hereditary sensory autonomic neuropathy caused by a mutation in dystonin.,Ann Neurol 71:569-72 (2012),Sphingolipid metabolism,kegg_id_crossref,0.714
25118027,Hereditary sensory and autonomic neuropathy,Sphingolipid metabolism,H00265,hsa00600,Nervous system disease,The phenotype of congenital insensitivity to pain due to the NaV1.9 variant p.L811P.,Eur J Hum Genet 23:561-3 (2015),Sphingolipid metabolism,kegg_id_crossref,0.714
26005867,Hereditary sensory and autonomic neuropathy,Sphingolipid metabolism,H00265,hsa00600,Nervous system disease,Transcriptional regulator PRDM12 is essential for human pain perception.,Nat Genet 47:803-8 (2015),Sphingolipid metabolism,kegg_id_crossref,0.714
23176824,Hereditary sensory and autonomic neuropathy,Sphingolipid metabolism,H00265,hsa00600,Nervous system disease,Mutation in TECPR2 reveals a role for autophagy in hereditary spastic paraparesis.,Am J Hum Genet 91:1065-72 (2012),Sphingolipid metabolism,kegg_id_crossref,0.714
21194679,Hereditary sensory and autonomic neuropathy,Sphingolipid metabolism,H00265,hsa00600,Nervous system disease,Targeted high-throughput sequencing identifies mutations in atlastin-1 as a cause of hereditary sensory neuropathy type I.,Am J Hum Genet 88:99-105 (2011),Sphingolipid metabolism,kegg_id_crossref,0.714
21532572,Hereditary sensory and autonomic neuropathy,Sphingolipid metabolism,H00265,hsa00600,Nervous system disease,Mutations in DNMT1 cause hereditary sensory neuropathy with dementia and hearing loss.,Nat Genet 43:595-600 (2011),Sphingolipid metabolism,kegg_id_crossref,0.714
24459106,Hereditary sensory and autonomic neuropathy,Sphingolipid metabolism,H00265,hsa00600,Nervous system disease,Sensory neuropathy with bone destruction due to a mutation in the membrane-shaping atlastin GTPase 3.,Brain 137:683-92 (2014),Sphingolipid metabolism,kegg_id_crossref,0.714
19007737,Hereditary spastic paraplegia,Glycerophospholipid metabolism,H00266,hsa00564,Nervous system disease,Hereditary spastic paraplegia: clinical features and pathogenetic mechanisms.,Lancet Neurol 7:1127-38 (2008),Oxidative phosphorylation,kegg_id_crossref,1.0
16469273,Hereditary spastic paraplegia,Glycerophospholipid metabolism,H00266,hsa00564,Nervous system disease,Hereditary spastic paraplegia.,Curr Neurol Neurosci Rep 6:65-76 (2006),Oxidative phosphorylation,kegg_id_crossref,1.0
14597333,Hereditary spastic paraplegia,Glycerophospholipid metabolism,H00266,hsa00564,Nervous system disease,Advances in the hereditary spastic paraplegias.,Exp Neurol 184 Suppl 1:S106-10 (2003),Oxidative phosphorylation,kegg_id_crossref,1.0
7920659,Hereditary spastic paraplegia,Glycerophospholipid metabolism,H00266,hsa00564,Nervous system disease,"X-linked spastic paraplegia (SPG1), MASA syndrome and X-linked hydrocephalus result from mutations in the L1 gene.",Nat Genet 7:402-7 (1994),Oxidative phosphorylation,kegg_id_crossref,1.0
8012387,Hereditary spastic paraplegia,Glycerophospholipid metabolism,H00266,hsa00564,Nervous system disease,X-linked spastic paraplegia and Pelizaeus-Merzbacher disease are allelic disorders at the proteolipid protein locus.,Nat Genet 6:257-62 (1994),Oxidative phosphorylation,kegg_id_crossref,1.0
11685207,Hereditary spastic paraplegia,Glycerophospholipid metabolism,H00266,hsa00564,Nervous system disease,Mutations in a newly identified GTPase gene cause autosomal dominant hereditary spastic paraplegia.,Nat Genet 29:326-31 (2001),Oxidative phosphorylation,kegg_id_crossref,1.0
10610178,Hereditary spastic paraplegia,Glycerophospholipid metabolism,H00266,hsa00564,Nervous system disease,"Spastin, a new AAA protein, is altered in the most frequent form of autosomal dominant spastic paraplegia.",Nat Genet 23:296-303 (1999),Oxidative phosphorylation,kegg_id_crossref,1.0
18252231,Hereditary spastic paraplegia,Glycerophospholipid metabolism,H00266,hsa00564,Nervous system disease,Sequence alterations within CYP7B1 implicate defective cholesterol homeostasis in motor-neuron degeneration.,Am J Hum Genet 82:510-5 (2008),Oxidative phosphorylation,kegg_id_crossref,1.0
14508710,Hereditary spastic paraplegia,Glycerophospholipid metabolism,H00266,hsa00564,Nervous system disease,NIPA1 gene mutations cause autosomal dominant hereditary spastic paraplegia (SPG6).,Am J Hum Genet 73:967-71 (2003),Oxidative phosphorylation,kegg_id_crossref,1.0
9635427,Hereditary spastic paraplegia,Glycerophospholipid metabolism,H00266,hsa00564,Nervous system disease,"Spastic paraplegia and OXPHOS impairment caused by mutations in paraplegin, a nuclear-encoded mitochondrial metalloprotease.",Cell 93:973-83 (1998),Oxidative phosphorylation,kegg_id_crossref,1.0
17160902,Hereditary spastic paraplegia,Glycerophospholipid metabolism,H00266,hsa00564,Nervous system disease,Mutations in the KIAA0196 gene at the SPG8 locus cause hereditary spastic paraplegia.,Am J Hum Genet 80:152-61 (2007),Oxidative phosphorylation,kegg_id_crossref,1.0
26026163,Hereditary spastic paraplegia,Glycerophospholipid metabolism,H00266,hsa00564,Nervous system disease,Alteration of ornithine metabolism leads to dominant and recessive hereditary spastic paraplegia.,Brain 138:2191-205 (2015),Oxidative phosphorylation,kegg_id_crossref,1.0
12355402,Hereditary spastic paraplegia,Glycerophospholipid metabolism,H00266,hsa00564,Nervous system disease,A kinesin heavy chain (KIF5A) mutation in hereditary spastic paraplegia (SPG10).,Am J Hum Genet 71:1189-94 (2002),Oxidative phosphorylation,kegg_id_crossref,1.0
17322883,Hereditary spastic paraplegia,Glycerophospholipid metabolism,H00266,hsa00564,Nervous system disease,"Mutations in SPG11, encoding spatacsin, are a major cause of spastic paraplegia with thin corpus callosum.",Nat Genet 39:366-72 (2007),Oxidative phosphorylation,kegg_id_crossref,1.0
22232211,Hereditary spastic paraplegia,Glycerophospholipid metabolism,H00266,hsa00564,Nervous system disease,Mutations in the ER-shaping protein reticulon 2 cause the axon-degenerative disorder hereditary spastic paraplegia type 12.,J Clin Invest 122:538-44 (2012),Oxidative phosphorylation,kegg_id_crossref,1.0
11898127,Hereditary spastic paraplegia,Glycerophospholipid metabolism,H00266,hsa00564,Nervous system disease,Hereditary spastic paraplegia SPG13 is associated with a mutation in the gene encoding the mitochondrial chaperonin Hsp60.,Am J Hum Genet 70:1328-32 (2002),Oxidative phosphorylation,kegg_id_crossref,1.0
18394578,Hereditary spastic paraplegia,Glycerophospholipid metabolism,H00266,hsa00564,Nervous system disease,"Identification of the SPG15 gene, encoding spastizin, as a frequent cause of complicated autosomal-recessive spastic paraplegia, including Kjellin syndrome.",Am J Hum Genet 82:992-1002 (2008),Oxidative phosphorylation,kegg_id_crossref,1.0
14981520,Hereditary spastic paraplegia,Glycerophospholipid metabolism,H00266,hsa00564,Nervous system disease,Heterozygous missense mutations in BSCL2 are associated with distal hereditary motor neuropathy and Silver syndrome.,Nat Genet 36:271-6 (2004),Oxidative phosphorylation,kegg_id_crossref,1.0
29528531,Hereditary spastic paraplegia,Glycerophospholipid metabolism,H00266,hsa00564,Nervous system disease,A novel heterozygous variant in ERLIN2 causes autosomal dominant pure hereditary spastic paraplegia.,Eur J Neurol 25:943-e71 (2018),Oxidative phosphorylation,kegg_id_crossref,1.0
23109145,Hereditary spastic paraplegia,Glycerophospholipid metabolism,H00266,hsa00564,Nervous system disease,Loss of ERLIN2 function leads to juvenile primary lateral sclerosis.,Ann Neurol 72:510-6 (2012),Oxidative phosphorylation,kegg_id_crossref,1.0
12134148,Hereditary spastic paraplegia,Glycerophospholipid metabolism,H00266,hsa00564,Nervous system disease,"SPG20 is mutated in Troyer syndrome, an hereditary spastic paraplegia.",Nat Genet 31:347-8 (2002),Oxidative phosphorylation,kegg_id_crossref,1.0
14564668,Hereditary spastic paraplegia,Glycerophospholipid metabolism,H00266,hsa00564,Nervous system disease,"Maspardin is mutated in mast syndrome, a complicated form of hereditary spastic paraplegia associated with dementia.",Am J Hum Genet 73:1147-56 (2003),Oxidative phosphorylation,kegg_id_crossref,1.0
28157540,Hereditary spastic paraplegia,Glycerophospholipid metabolism,H00266,hsa00564,Nervous system disease,"Large Intragenic Deletion in DSTYK Underlies Autosomal-Recessive Complicated Spastic Paraparesis, SPG23.",Am J Hum Genet 100:364-370 (2017),Oxidative phosphorylation,kegg_id_crossref,1.0
23746551,Hereditary spastic paraplegia,Glycerophospholipid metabolism,H00266,hsa00564,Nervous system disease,Alteration of ganglioside biosynthesis responsible for complex hereditary spastic paraplegia.,Am J Hum Genet 93:118-23 (2013),Oxidative phosphorylation,kegg_id_crossref,1.0
15786464,Hereditary spastic paraplegia,Glycerophospholipid metabolism,H00266,hsa00564,Nervous system disease,Mapping of a new form of pure autosomal recessive spastic paraplegia (SPG28).,Ann Neurol 57:567-71 (2005),Oxidative phosphorylation,kegg_id_crossref,1.0
21487076,Hereditary spastic paraplegia,Glycerophospholipid metabolism,H00266,hsa00564,Nervous system disease,Exome sequencing and disease-network analysis of a single family implicate a mutation in KIF1A in hereditary spastic paraparesis.,Genome Res 21:658-64 (2011),Oxidative phosphorylation,kegg_id_crossref,1.0
16826527,Hereditary spastic paraplegia,Glycerophospholipid metabolism,H00266,hsa00564,Nervous system disease,Mutations in the novel mitochondrial protein REEP1 cause hereditary spastic paraplegia type 31.,Am J Hum Genet 79:365-9 (2006),Oxidative phosphorylation,kegg_id_crossref,1.0
16826525,Hereditary spastic paraplegia,Glycerophospholipid metabolism,H00266,hsa00564,Nervous system disease,"ZFYVE27 (SPG33), a novel spastin-binding protein, is mutated in hereditary spastic paraplegia.",Am J Hum Genet 79:351-7 (2006),Oxidative phosphorylation,kegg_id_crossref,1.0
19068277,Hereditary spastic paraplegia,Glycerophospholipid metabolism,H00266,hsa00564,Nervous system disease,Mutations in the fatty acid 2-hydroxylase gene are associated with leukodystrophy with spastic paraparesis and dystonia.,Am J Hum Genet 83:643-8 (2008),Oxidative phosphorylation,kegg_id_crossref,1.0
18313024,Hereditary spastic paraplegia,Glycerophospholipid metabolism,H00266,hsa00564,Nervous system disease,Neuropathy target esterase gene mutations cause motor neuron disease.,Am J Hum Genet 82:780-5 (2008),Oxidative phosphorylation,kegg_id_crossref,1.0
19061983,Hereditary spastic paraplegia,Glycerophospholipid metabolism,H00266,hsa00564,Nervous system disease,"A missense mutation in SLC33A1, which encodes the acetyl-CoA transporter, causes autosomal-dominant spastic paraplegia (SPG42).",Am J Hum Genet 83:752-9 (2008),Oxidative phosphorylation,kegg_id_crossref,1.0
23857908,Hereditary spastic paraplegia,Glycerophospholipid metabolism,H00266,hsa00564,Nervous system disease,Hereditary spastic paraplegia type 43 (SPG43) is caused by mutation in C19orf12.,Hum Mutat 34:1357-60 (2013),Oxidative phosphorylation,kegg_id_crossref,1.0
19056803,Hereditary spastic paraplegia,Glycerophospholipid metabolism,H00266,hsa00564,Nervous system disease,Hereditary spastic paraplegia is a novel phenotype for GJA12/GJC2 mutations.,Brain 132:426-38 (2009),Oxidative phosphorylation,kegg_id_crossref,1.0
24482476,Hereditary spastic paraplegia,Glycerophospholipid metabolism,H00266,hsa00564,Nervous system disease,Exome sequencing links corticospinal motor neuron disease to common neurodegenerative disorders.,Science 343:506-511 (2014),Oxidative phosphorylation,kegg_id_crossref,1.0
23332916,Hereditary spastic paraplegia,Glycerophospholipid metabolism,H00266,hsa00564,Nervous system disease,Loss of function of glucocerebrosidase GBA2 is responsible for motor neuron defects in hereditary spastic paraplegia.,Am J Hum Genet 92:238-44 (2013),Oxidative phosphorylation,kegg_id_crossref,1.0
21620353,Hereditary spastic paraplegia,Glycerophospholipid metabolism,H00266,hsa00564,Nervous system disease,"Adaptor protein complex 4 deficiency causes severe autosomal-recessive intellectual disability, progressive spastic paraplegia, shy character, and short stature.",Am J Hum Genet 88:788-795 (2011),Oxidative phosphorylation,kegg_id_crossref,1.0
20613862,Hereditary spastic paraplegia,Glycerophospholipid metabolism,H00266,hsa00564,Nervous system disease,A genome-scale DNA repair RNAi screen identifies SPG48 as a novel gene associated with hereditary spastic paraplegia.,PLoS Biol 8:e1000408 (2010),Oxidative phosphorylation,kegg_id_crossref,1.0
23176824,Hereditary spastic paraplegia,Glycerophospholipid metabolism,H00266,hsa00564,Nervous system disease,Mutation in TECPR2 reveals a role for autophagy in hereditary spastic paraparesis.,Am J Hum Genet 91:1065-72 (2012),Oxidative phosphorylation,kegg_id_crossref,1.0
19559397,Hereditary spastic paraplegia,Glycerophospholipid metabolism,H00266,hsa00564,Nervous system disease,Mutation in the AP4M1 gene provides a model for neuroaxonal injury in cerebral palsy.,Am J Hum Genet 85:40-52 (2009),Oxidative phosphorylation,kegg_id_crossref,1.0
22717650,Hereditary spastic paraplegia,Glycerophospholipid metabolism,H00266,hsa00564,Nervous system disease,A founder mutation in Vps37A causes autosomal recessive complex hereditary spastic paraparesis.,J Med Genet 49:462-72 (2012),Oxidative phosphorylation,kegg_id_crossref,1.0
23176823,Hereditary spastic paraplegia,Glycerophospholipid metabolism,H00266,hsa00564,Nervous system disease,"Mutations in DDHD2, encoding an intracellular phospholipase A(1), cause a recessive form of complex hereditary spastic paraplegia.",Am J Hum Genet 91:1073-81 (2012),Oxidative phosphorylation,kegg_id_crossref,1.0
23188110,Hereditary spastic paraplegia,Glycerophospholipid metabolism,H00266,hsa00564,Nervous system disease,A homozygous mutation of C12orf65 causes spastic paraplegia with optic atrophy and neuropathy (SPG55).,J Med Genet 49:777-84 (2012),Oxidative phosphorylation,kegg_id_crossref,1.0
23176821,Hereditary spastic paraplegia,Glycerophospholipid metabolism,H00266,hsa00564,Nervous system disease,Alteration of fatty-acid-metabolizing enzymes affects mitochondrial form and function in hereditary spastic paraplegia.,Am J Hum Genet 91:1051-64 (2012),Oxidative phosphorylation,kegg_id_crossref,1.0
23479643,Hereditary spastic paraplegia,Glycerophospholipid metabolism,H00266,hsa00564,Nervous system disease,Inhibition of TFG function causes hereditary axon degeneration by impairing endoplasmic reticulum structure.,Proc Natl Acad Sci U S A 110:5091-6 (2013),Oxidative phosphorylation,kegg_id_crossref,1.0
24388663,Hereditary spastic paraplegia,Glycerophospholipid metabolism,H00266,hsa00564,Nervous system disease,Loss of association of REEP2 with membranes leads to hereditary spastic paraplegia.,Am J Hum Genet 94:268-77 (2014),Oxidative phosphorylation,kegg_id_crossref,1.0
25751282,Hereditary spastic paraplegia,Glycerophospholipid metabolism,H00266,hsa00564,Nervous system disease,Mutation in CPT1C Associated With Pure Autosomal Dominant Spastic Paraplegia.,JAMA Neurol 72:561-70 (2015),Oxidative phosphorylation,kegg_id_crossref,1.0
25609768,Hereditary spastic paraplegia,Glycerophospholipid metabolism,H00266,hsa00564,Nervous system disease,Fe/S protein assembly gene IBA57 mutation causes hereditary spastic paraplegia.,Neurology 84:659-67 (2015),Oxidative phosphorylation,kegg_id_crossref,1.0
26179919,Hereditary spastic paraplegia,Glycerophospholipid metabolism,H00266,hsa00564,Nervous system disease,Myelin-associated glycoprotein gene mutation causes Pelizaeus-Merzbacher disease-like disorder.,Brain 138:2521-36 (2015),Oxidative phosphorylation,kegg_id_crossref,1.0
27153400,Hereditary spastic paraplegia,Glycerophospholipid metabolism,H00266,hsa00564,Nervous system disease,Mutations in CAPN1 Cause Autosomal-Recessive Hereditary Spastic Paraplegia.,Am J Hum Genet 98:1038-1046 (2016),Oxidative phosphorylation,kegg_id_crossref,1.0
26553276,Hereditary spastic paraplegia,Glycerophospholipid metabolism,H00266,hsa00564,Nervous system disease,A Newly Identified Missense Mutation in FARS2 Causes Autosomal-Recessive Spastic Paraplegia.,Hum Mutat 37:165-9 (2016),Oxidative phosphorylation,kegg_id_crossref,1.0
27217339,Hereditary spastic paraplegia,Glycerophospholipid metabolism,H00266,hsa00564,Nervous system disease,Genetic and phenotypic characterization of complex hereditary spastic paraplegia.,Brain 139:1904-18 (2016),Oxidative phosphorylation,kegg_id_crossref,1.0
35986737,Hereditary spastic paraplegia,Glycerophospholipid metabolism,H00266,hsa00564,Nervous system disease,"Heterozygous UCHL1 loss-of-function variants cause a neurodegenerative disorder with spasticity, ataxia, neuropathy, and optic atrophy.",Genet Med 24:2079-2090 (2022),Oxidative phosphorylation,kegg_id_crossref,1.0
23359680,Hereditary spastic paraplegia,Glycerophospholipid metabolism,H00266,hsa00564,Nervous system disease,Recessive loss of function of the neuronal ubiquitin hydrolase UCHL1 leads to early-onset progressive neurodegeneration.,Proc Natl Acad Sci U S A 110:3489-94 (2013),Oxidative phosphorylation,kegg_id_crossref,1.0
30929741,Hereditary spastic paraplegia,Glycerophospholipid metabolism,H00266,hsa00564,Nervous system disease,Truncating Mutations in UBAP1 Cause Hereditary Spastic Paraplegia.,Am J Hum Genet 104:767-773 (2019),Oxidative phosphorylation,kegg_id_crossref,1.0
28052917,Hereditary spastic paraplegia,Glycerophospholipid metabolism,H00266,hsa00564,Nervous system disease,A mutation of EPT1 (SELENOI) underlies a new disorder of Kennedy pathway phospholipid biosynthesis.,Brain 140:547-554 (2017),Oxidative phosphorylation,kegg_id_crossref,1.0
31637422,Hereditary spastic paraplegia,Glycerophospholipid metabolism,H00266,hsa00564,Nervous system disease,Mutations in PCYT2 disrupt etherlipid biosynthesis and cause a complex hereditary spastic paraplegia.,Brain 142:3382-3397 (2019),Oxidative phosphorylation,kegg_id_crossref,1.0
32707086,Hereditary spastic paraplegia,Glycerophospholipid metabolism,H00266,hsa00564,Nervous system disease,Bi-allelic HPDL Variants Cause a Neurodegenerative Disease Ranging from Neonatal Encephalopathy to Adolescent-Onset Spastic Paraplegia.,Am J Hum Genet 107:364-373 (2020),Oxidative phosphorylation,kegg_id_crossref,1.0
34415322,Hereditary spastic paraplegia,Glycerophospholipid metabolism,H00266,hsa00564,Nervous system disease,Biallelic PI4KA variants cause a novel neurodevelopmental syndrome with hypomyelinating leukodystrophy.,Brain 144:2659-2669 (2021),Oxidative phosphorylation,kegg_id_crossref,1.0
31636353,Hereditary spastic paraplegia,Glycerophospholipid metabolism,H00266,hsa00564,Nervous system disease,Bi-allelic variants in RNF170 are associated with hereditary spastic paraplegia.,Nat Commun 10:4790 (2019),Oxidative phosphorylation,kegg_id_crossref,1.0
34489854,Hereditary spastic paraplegia,Glycerophospholipid metabolism,H00266,hsa00564,Nervous system disease,Pathogenic Variants in ABHD16A Cause a Novel Psychomotor Developmental Disorder With Spastic Paraplegia.,Front Neurol 12:720201 (2021),Oxidative phosphorylation,kegg_id_crossref,1.0
35718349,Hereditary spastic paraplegia,Glycerophospholipid metabolism,H00266,hsa00564,Nervous system disease,TMEM63C mutations cause mitochondrial morphology defects and underlie hereditary spastic paraplegia.,Brain 145:3095-3107 (2022),Oxidative phosphorylation,kegg_id_crossref,1.0
34564892,Hereditary spastic paraplegia,Glycerophospholipid metabolism,H00266,hsa00564,Nervous system disease,Dominant KPNA3 Mutations Cause Infantile-Onset Hereditary Spastic Paraplegia.,Ann Neurol 90:738-750 (2021),Oxidative phosphorylation,kegg_id_crossref,1.0
37119330,Hereditary spastic paraplegia,Glycerophospholipid metabolism,H00266,hsa00564,Nervous system disease,AMFR dysfunction causes autosomal recessive spastic paraplegia in human that is amenable to statin treatment in a preclinical model.,Acta Neuropathol 146:353-368 (2023),Oxidative phosphorylation,kegg_id_crossref,1.0
36718090,Hereditary spastic paraplegia,Glycerophospholipid metabolism,H00266,hsa00564,Nervous system disease,SPTSSA variants alter sphingolipid synthesis and cause a complex hereditary spastic paraplegia.,Brain 146:1420-1435 (2023),Oxidative phosphorylation,kegg_id_crossref,1.0
35150594,Hereditary spastic paraplegia,Glycerophospholipid metabolism,H00266,hsa00564,Nervous system disease,De Novo and Dominantly Inherited SPTAN1 Mutations Cause Spastic Paraplegia and Cerebellar Ataxia.,Mov Disord 37:1175-1186 (2022),Oxidative phosphorylation,kegg_id_crossref,1.0
36136088,Hereditary spastic paraplegia,Glycerophospholipid metabolism,H00266,hsa00564,Nervous system disease,BiP inactivation due to loss of the deAMPylation function of FICD causes a motor neuron disease.,Genet Med 24:2487-2500 (2022),Oxidative phosphorylation,kegg_id_crossref,1.0
36256512,Hereditary spastic paraplegia,Glycerophospholipid metabolism,H00266,hsa00564,Nervous system disease,Phenotypic continuum of NFU1-related disorders.,Ann Clin Transl Neurol 9:2025-2035 (2022),Oxidative phosphorylation,kegg_id_crossref,1.0
19007737,Hereditary spastic paraplegia,Purine metabolism,H00266,hsa00230,Nervous system disease,Hereditary spastic paraplegia: clinical features and pathogenetic mechanisms.,Lancet Neurol 7:1127-38 (2008),Purine catabolism,kegg_id_crossref,1.0
16469273,Hereditary spastic paraplegia,Purine metabolism,H00266,hsa00230,Nervous system disease,Hereditary spastic paraplegia.,Curr Neurol Neurosci Rep 6:65-76 (2006),Purine catabolism,kegg_id_crossref,1.0
14597333,Hereditary spastic paraplegia,Purine metabolism,H00266,hsa00230,Nervous system disease,Advances in the hereditary spastic paraplegias.,Exp Neurol 184 Suppl 1:S106-10 (2003),Purine catabolism,kegg_id_crossref,1.0
7920659,Hereditary spastic paraplegia,Purine metabolism,H00266,hsa00230,Nervous system disease,"X-linked spastic paraplegia (SPG1), MASA syndrome and X-linked hydrocephalus result from mutations in the L1 gene.",Nat Genet 7:402-7 (1994),Purine catabolism,kegg_id_crossref,1.0
8012387,Hereditary spastic paraplegia,Purine metabolism,H00266,hsa00230,Nervous system disease,X-linked spastic paraplegia and Pelizaeus-Merzbacher disease are allelic disorders at the proteolipid protein locus.,Nat Genet 6:257-62 (1994),Purine catabolism,kegg_id_crossref,1.0
11685207,Hereditary spastic paraplegia,Purine metabolism,H00266,hsa00230,Nervous system disease,Mutations in a newly identified GTPase gene cause autosomal dominant hereditary spastic paraplegia.,Nat Genet 29:326-31 (2001),Purine catabolism,kegg_id_crossref,1.0
10610178,Hereditary spastic paraplegia,Purine metabolism,H00266,hsa00230,Nervous system disease,"Spastin, a new AAA protein, is altered in the most frequent form of autosomal dominant spastic paraplegia.",Nat Genet 23:296-303 (1999),Purine catabolism,kegg_id_crossref,1.0
18252231,Hereditary spastic paraplegia,Purine metabolism,H00266,hsa00230,Nervous system disease,Sequence alterations within CYP7B1 implicate defective cholesterol homeostasis in motor-neuron degeneration.,Am J Hum Genet 82:510-5 (2008),Purine catabolism,kegg_id_crossref,1.0
14508710,Hereditary spastic paraplegia,Purine metabolism,H00266,hsa00230,Nervous system disease,NIPA1 gene mutations cause autosomal dominant hereditary spastic paraplegia (SPG6).,Am J Hum Genet 73:967-71 (2003),Purine catabolism,kegg_id_crossref,1.0
9635427,Hereditary spastic paraplegia,Purine metabolism,H00266,hsa00230,Nervous system disease,"Spastic paraplegia and OXPHOS impairment caused by mutations in paraplegin, a nuclear-encoded mitochondrial metalloprotease.",Cell 93:973-83 (1998),Purine catabolism,kegg_id_crossref,1.0
17160902,Hereditary spastic paraplegia,Purine metabolism,H00266,hsa00230,Nervous system disease,Mutations in the KIAA0196 gene at the SPG8 locus cause hereditary spastic paraplegia.,Am J Hum Genet 80:152-61 (2007),Purine catabolism,kegg_id_crossref,1.0
26026163,Hereditary spastic paraplegia,Purine metabolism,H00266,hsa00230,Nervous system disease,Alteration of ornithine metabolism leads to dominant and recessive hereditary spastic paraplegia.,Brain 138:2191-205 (2015),Purine catabolism,kegg_id_crossref,1.0
12355402,Hereditary spastic paraplegia,Purine metabolism,H00266,hsa00230,Nervous system disease,A kinesin heavy chain (KIF5A) mutation in hereditary spastic paraplegia (SPG10).,Am J Hum Genet 71:1189-94 (2002),Purine catabolism,kegg_id_crossref,1.0
17322883,Hereditary spastic paraplegia,Purine metabolism,H00266,hsa00230,Nervous system disease,"Mutations in SPG11, encoding spatacsin, are a major cause of spastic paraplegia with thin corpus callosum.",Nat Genet 39:366-72 (2007),Purine catabolism,kegg_id_crossref,1.0
22232211,Hereditary spastic paraplegia,Purine metabolism,H00266,hsa00230,Nervous system disease,Mutations in the ER-shaping protein reticulon 2 cause the axon-degenerative disorder hereditary spastic paraplegia type 12.,J Clin Invest 122:538-44 (2012),Purine catabolism,kegg_id_crossref,1.0
11898127,Hereditary spastic paraplegia,Purine metabolism,H00266,hsa00230,Nervous system disease,Hereditary spastic paraplegia SPG13 is associated with a mutation in the gene encoding the mitochondrial chaperonin Hsp60.,Am J Hum Genet 70:1328-32 (2002),Purine catabolism,kegg_id_crossref,1.0
18394578,Hereditary spastic paraplegia,Purine metabolism,H00266,hsa00230,Nervous system disease,"Identification of the SPG15 gene, encoding spastizin, as a frequent cause of complicated autosomal-recessive spastic paraplegia, including Kjellin syndrome.",Am J Hum Genet 82:992-1002 (2008),Purine catabolism,kegg_id_crossref,1.0
14981520,Hereditary spastic paraplegia,Purine metabolism,H00266,hsa00230,Nervous system disease,Heterozygous missense mutations in BSCL2 are associated with distal hereditary motor neuropathy and Silver syndrome.,Nat Genet 36:271-6 (2004),Purine catabolism,kegg_id_crossref,1.0
29528531,Hereditary spastic paraplegia,Purine metabolism,H00266,hsa00230,Nervous system disease,A novel heterozygous variant in ERLIN2 causes autosomal dominant pure hereditary spastic paraplegia.,Eur J Neurol 25:943-e71 (2018),Purine catabolism,kegg_id_crossref,1.0
23109145,Hereditary spastic paraplegia,Purine metabolism,H00266,hsa00230,Nervous system disease,Loss of ERLIN2 function leads to juvenile primary lateral sclerosis.,Ann Neurol 72:510-6 (2012),Purine catabolism,kegg_id_crossref,1.0
12134148,Hereditary spastic paraplegia,Purine metabolism,H00266,hsa00230,Nervous system disease,"SPG20 is mutated in Troyer syndrome, an hereditary spastic paraplegia.",Nat Genet 31:347-8 (2002),Purine catabolism,kegg_id_crossref,1.0
14564668,Hereditary spastic paraplegia,Purine metabolism,H00266,hsa00230,Nervous system disease,"Maspardin is mutated in mast syndrome, a complicated form of hereditary spastic paraplegia associated with dementia.",Am J Hum Genet 73:1147-56 (2003),Purine catabolism,kegg_id_crossref,1.0
28157540,Hereditary spastic paraplegia,Purine metabolism,H00266,hsa00230,Nervous system disease,"Large Intragenic Deletion in DSTYK Underlies Autosomal-Recessive Complicated Spastic Paraparesis, SPG23.",Am J Hum Genet 100:364-370 (2017),Purine catabolism,kegg_id_crossref,1.0
23746551,Hereditary spastic paraplegia,Purine metabolism,H00266,hsa00230,Nervous system disease,Alteration of ganglioside biosynthesis responsible for complex hereditary spastic paraplegia.,Am J Hum Genet 93:118-23 (2013),Purine catabolism,kegg_id_crossref,1.0
15786464,Hereditary spastic paraplegia,Purine metabolism,H00266,hsa00230,Nervous system disease,Mapping of a new form of pure autosomal recessive spastic paraplegia (SPG28).,Ann Neurol 57:567-71 (2005),Purine catabolism,kegg_id_crossref,1.0
21487076,Hereditary spastic paraplegia,Purine metabolism,H00266,hsa00230,Nervous system disease,Exome sequencing and disease-network analysis of a single family implicate a mutation in KIF1A in hereditary spastic paraparesis.,Genome Res 21:658-64 (2011),Purine catabolism,kegg_id_crossref,1.0
16826527,Hereditary spastic paraplegia,Purine metabolism,H00266,hsa00230,Nervous system disease,Mutations in the novel mitochondrial protein REEP1 cause hereditary spastic paraplegia type 31.,Am J Hum Genet 79:365-9 (2006),Purine catabolism,kegg_id_crossref,1.0
16826525,Hereditary spastic paraplegia,Purine metabolism,H00266,hsa00230,Nervous system disease,"ZFYVE27 (SPG33), a novel spastin-binding protein, is mutated in hereditary spastic paraplegia.",Am J Hum Genet 79:351-7 (2006),Purine catabolism,kegg_id_crossref,1.0
19068277,Hereditary spastic paraplegia,Purine metabolism,H00266,hsa00230,Nervous system disease,Mutations in the fatty acid 2-hydroxylase gene are associated with leukodystrophy with spastic paraparesis and dystonia.,Am J Hum Genet 83:643-8 (2008),Purine catabolism,kegg_id_crossref,1.0
18313024,Hereditary spastic paraplegia,Purine metabolism,H00266,hsa00230,Nervous system disease,Neuropathy target esterase gene mutations cause motor neuron disease.,Am J Hum Genet 82:780-5 (2008),Purine catabolism,kegg_id_crossref,1.0
19061983,Hereditary spastic paraplegia,Purine metabolism,H00266,hsa00230,Nervous system disease,"A missense mutation in SLC33A1, which encodes the acetyl-CoA transporter, causes autosomal-dominant spastic paraplegia (SPG42).",Am J Hum Genet 83:752-9 (2008),Purine catabolism,kegg_id_crossref,1.0
23857908,Hereditary spastic paraplegia,Purine metabolism,H00266,hsa00230,Nervous system disease,Hereditary spastic paraplegia type 43 (SPG43) is caused by mutation in C19orf12.,Hum Mutat 34:1357-60 (2013),Purine catabolism,kegg_id_crossref,1.0
19056803,Hereditary spastic paraplegia,Purine metabolism,H00266,hsa00230,Nervous system disease,Hereditary spastic paraplegia is a novel phenotype for GJA12/GJC2 mutations.,Brain 132:426-38 (2009),Purine catabolism,kegg_id_crossref,1.0
24482476,Hereditary spastic paraplegia,Purine metabolism,H00266,hsa00230,Nervous system disease,Exome sequencing links corticospinal motor neuron disease to common neurodegenerative disorders.,Science 343:506-511 (2014),Purine catabolism,kegg_id_crossref,1.0
23332916,Hereditary spastic paraplegia,Purine metabolism,H00266,hsa00230,Nervous system disease,Loss of function of glucocerebrosidase GBA2 is responsible for motor neuron defects in hereditary spastic paraplegia.,Am J Hum Genet 92:238-44 (2013),Purine catabolism,kegg_id_crossref,1.0
21620353,Hereditary spastic paraplegia,Purine metabolism,H00266,hsa00230,Nervous system disease,"Adaptor protein complex 4 deficiency causes severe autosomal-recessive intellectual disability, progressive spastic paraplegia, shy character, and short stature.",Am J Hum Genet 88:788-795 (2011),Purine catabolism,kegg_id_crossref,1.0
20613862,Hereditary spastic paraplegia,Purine metabolism,H00266,hsa00230,Nervous system disease,A genome-scale DNA repair RNAi screen identifies SPG48 as a novel gene associated with hereditary spastic paraplegia.,PLoS Biol 8:e1000408 (2010),Purine catabolism,kegg_id_crossref,1.0
23176824,Hereditary spastic paraplegia,Purine metabolism,H00266,hsa00230,Nervous system disease,Mutation in TECPR2 reveals a role for autophagy in hereditary spastic paraparesis.,Am J Hum Genet 91:1065-72 (2012),Purine catabolism,kegg_id_crossref,1.0
19559397,Hereditary spastic paraplegia,Purine metabolism,H00266,hsa00230,Nervous system disease,Mutation in the AP4M1 gene provides a model for neuroaxonal injury in cerebral palsy.,Am J Hum Genet 85:40-52 (2009),Purine catabolism,kegg_id_crossref,1.0
22717650,Hereditary spastic paraplegia,Purine metabolism,H00266,hsa00230,Nervous system disease,A founder mutation in Vps37A causes autosomal recessive complex hereditary spastic paraparesis.,J Med Genet 49:462-72 (2012),Purine catabolism,kegg_id_crossref,1.0
23176823,Hereditary spastic paraplegia,Purine metabolism,H00266,hsa00230,Nervous system disease,"Mutations in DDHD2, encoding an intracellular phospholipase A(1), cause a recessive form of complex hereditary spastic paraplegia.",Am J Hum Genet 91:1073-81 (2012),Purine catabolism,kegg_id_crossref,1.0
23188110,Hereditary spastic paraplegia,Purine metabolism,H00266,hsa00230,Nervous system disease,A homozygous mutation of C12orf65 causes spastic paraplegia with optic atrophy and neuropathy (SPG55).,J Med Genet 49:777-84 (2012),Purine catabolism,kegg_id_crossref,1.0
23176821,Hereditary spastic paraplegia,Purine metabolism,H00266,hsa00230,Nervous system disease,Alteration of fatty-acid-metabolizing enzymes affects mitochondrial form and function in hereditary spastic paraplegia.,Am J Hum Genet 91:1051-64 (2012),Purine catabolism,kegg_id_crossref,1.0
23479643,Hereditary spastic paraplegia,Purine metabolism,H00266,hsa00230,Nervous system disease,Inhibition of TFG function causes hereditary axon degeneration by impairing endoplasmic reticulum structure.,Proc Natl Acad Sci U S A 110:5091-6 (2013),Purine catabolism,kegg_id_crossref,1.0
24388663,Hereditary spastic paraplegia,Purine metabolism,H00266,hsa00230,Nervous system disease,Loss of association of REEP2 with membranes leads to hereditary spastic paraplegia.,Am J Hum Genet 94:268-77 (2014),Purine catabolism,kegg_id_crossref,1.0
25751282,Hereditary spastic paraplegia,Purine metabolism,H00266,hsa00230,Nervous system disease,Mutation in CPT1C Associated With Pure Autosomal Dominant Spastic Paraplegia.,JAMA Neurol 72:561-70 (2015),Purine catabolism,kegg_id_crossref,1.0
25609768,Hereditary spastic paraplegia,Purine metabolism,H00266,hsa00230,Nervous system disease,Fe/S protein assembly gene IBA57 mutation causes hereditary spastic paraplegia.,Neurology 84:659-67 (2015),Purine catabolism,kegg_id_crossref,1.0
26179919,Hereditary spastic paraplegia,Purine metabolism,H00266,hsa00230,Nervous system disease,Myelin-associated glycoprotein gene mutation causes Pelizaeus-Merzbacher disease-like disorder.,Brain 138:2521-36 (2015),Purine catabolism,kegg_id_crossref,1.0
27153400,Hereditary spastic paraplegia,Purine metabolism,H00266,hsa00230,Nervous system disease,Mutations in CAPN1 Cause Autosomal-Recessive Hereditary Spastic Paraplegia.,Am J Hum Genet 98:1038-1046 (2016),Purine catabolism,kegg_id_crossref,1.0
26553276,Hereditary spastic paraplegia,Purine metabolism,H00266,hsa00230,Nervous system disease,A Newly Identified Missense Mutation in FARS2 Causes Autosomal-Recessive Spastic Paraplegia.,Hum Mutat 37:165-9 (2016),Purine catabolism,kegg_id_crossref,1.0
27217339,Hereditary spastic paraplegia,Purine metabolism,H00266,hsa00230,Nervous system disease,Genetic and phenotypic characterization of complex hereditary spastic paraplegia.,Brain 139:1904-18 (2016),Purine catabolism,kegg_id_crossref,1.0
35986737,Hereditary spastic paraplegia,Purine metabolism,H00266,hsa00230,Nervous system disease,"Heterozygous UCHL1 loss-of-function variants cause a neurodegenerative disorder with spasticity, ataxia, neuropathy, and optic atrophy.",Genet Med 24:2079-2090 (2022),Purine catabolism,kegg_id_crossref,1.0
23359680,Hereditary spastic paraplegia,Purine metabolism,H00266,hsa00230,Nervous system disease,Recessive loss of function of the neuronal ubiquitin hydrolase UCHL1 leads to early-onset progressive neurodegeneration.,Proc Natl Acad Sci U S A 110:3489-94 (2013),Purine catabolism,kegg_id_crossref,1.0
30929741,Hereditary spastic paraplegia,Purine metabolism,H00266,hsa00230,Nervous system disease,Truncating Mutations in UBAP1 Cause Hereditary Spastic Paraplegia.,Am J Hum Genet 104:767-773 (2019),Purine catabolism,kegg_id_crossref,1.0
28052917,Hereditary spastic paraplegia,Purine metabolism,H00266,hsa00230,Nervous system disease,A mutation of EPT1 (SELENOI) underlies a new disorder of Kennedy pathway phospholipid biosynthesis.,Brain 140:547-554 (2017),Purine catabolism,kegg_id_crossref,1.0
31637422,Hereditary spastic paraplegia,Purine metabolism,H00266,hsa00230,Nervous system disease,Mutations in PCYT2 disrupt etherlipid biosynthesis and cause a complex hereditary spastic paraplegia.,Brain 142:3382-3397 (2019),Purine catabolism,kegg_id_crossref,1.0
32707086,Hereditary spastic paraplegia,Purine metabolism,H00266,hsa00230,Nervous system disease,Bi-allelic HPDL Variants Cause a Neurodegenerative Disease Ranging from Neonatal Encephalopathy to Adolescent-Onset Spastic Paraplegia.,Am J Hum Genet 107:364-373 (2020),Purine catabolism,kegg_id_crossref,1.0
34415322,Hereditary spastic paraplegia,Purine metabolism,H00266,hsa00230,Nervous system disease,Biallelic PI4KA variants cause a novel neurodevelopmental syndrome with hypomyelinating leukodystrophy.,Brain 144:2659-2669 (2021),Purine catabolism,kegg_id_crossref,1.0
31636353,Hereditary spastic paraplegia,Purine metabolism,H00266,hsa00230,Nervous system disease,Bi-allelic variants in RNF170 are associated with hereditary spastic paraplegia.,Nat Commun 10:4790 (2019),Purine catabolism,kegg_id_crossref,1.0
34489854,Hereditary spastic paraplegia,Purine metabolism,H00266,hsa00230,Nervous system disease,Pathogenic Variants in ABHD16A Cause a Novel Psychomotor Developmental Disorder With Spastic Paraplegia.,Front Neurol 12:720201 (2021),Purine catabolism,kegg_id_crossref,1.0
35718349,Hereditary spastic paraplegia,Purine metabolism,H00266,hsa00230,Nervous system disease,TMEM63C mutations cause mitochondrial morphology defects and underlie hereditary spastic paraplegia.,Brain 145:3095-3107 (2022),Purine catabolism,kegg_id_crossref,1.0
34564892,Hereditary spastic paraplegia,Purine metabolism,H00266,hsa00230,Nervous system disease,Dominant KPNA3 Mutations Cause Infantile-Onset Hereditary Spastic Paraplegia.,Ann Neurol 90:738-750 (2021),Purine catabolism,kegg_id_crossref,1.0
37119330,Hereditary spastic paraplegia,Purine metabolism,H00266,hsa00230,Nervous system disease,AMFR dysfunction causes autosomal recessive spastic paraplegia in human that is amenable to statin treatment in a preclinical model.,Acta Neuropathol 146:353-368 (2023),Purine catabolism,kegg_id_crossref,1.0
36718090,Hereditary spastic paraplegia,Purine metabolism,H00266,hsa00230,Nervous system disease,SPTSSA variants alter sphingolipid synthesis and cause a complex hereditary spastic paraplegia.,Brain 146:1420-1435 (2023),Purine catabolism,kegg_id_crossref,1.0
35150594,Hereditary spastic paraplegia,Purine metabolism,H00266,hsa00230,Nervous system disease,De Novo and Dominantly Inherited SPTAN1 Mutations Cause Spastic Paraplegia and Cerebellar Ataxia.,Mov Disord 37:1175-1186 (2022),Purine catabolism,kegg_id_crossref,1.0
36136088,Hereditary spastic paraplegia,Purine metabolism,H00266,hsa00230,Nervous system disease,BiP inactivation due to loss of the deAMPylation function of FICD causes a motor neuron disease.,Genet Med 24:2487-2500 (2022),Purine catabolism,kegg_id_crossref,1.0
36256512,Hereditary spastic paraplegia,Purine metabolism,H00266,hsa00230,Nervous system disease,Phenotypic continuum of NFU1-related disorders.,Ann Clin Transl Neurol 9:2025-2035 (2022),Purine catabolism,kegg_id_crossref,1.0
18262290,Polymicrogyria,Inositol phosphate metabolism,H00271,hsa00562,Congenital malformation,"Abnormal development of the human cerebral cortex: genetics, functional consequences and treatment options.",Trends Neurosci 31:154-62 (2008),Inositol phosphate metabolism,kegg_id_crossref,1.0
15863665,Polymicrogyria,Inositol phosphate metabolism,H00271,hsa00562,Congenital malformation,Genetics of the polymicrogyria syndromes.,J Med Genet 42:369-78 (2005),Inositol phosphate metabolism,kegg_id_crossref,1.0
24598713,Polymicrogyria,Inositol phosphate metabolism,H00271,hsa00562,Congenital malformation,Role of the phosphoinositide phosphatase FIG4 gene in familial epilepsy with polymicrogyria.,Neurology 82:1068-75 (2014),Inositol phosphate metabolism,kegg_id_crossref,1.0
25855803,Polymicrogyria,Inositol phosphate metabolism,H00271,hsa00562,Congenital malformation,"Germline recessive mutations in PI4KA are associated with perisylvian polymicrogyria, cerebellar hypoplasia and arthrogryposis.",Hum Mol Genet 24:3732-41 (2015),Inositol phosphate metabolism,kegg_id_crossref,1.0
28742248,Polymicrogyria,Inositol phosphate metabolism,H00271,hsa00562,Congenital malformation,Biallelic COL3A1 mutations result in a clinical spectrum of specific structural brain anomalies and connective tissue abnormalities.,Am J Med Genet A 173:2534-2538 (2017),Inositol phosphate metabolism,kegg_id_crossref,1.0
18708002,GM1 gangliosidosis,Sphingolipid metabolism,H00281,hsa00600,"Inherited metabolic disorder, Lysosomal disease",Current strategies in the management of lysosomal storage diseases.,Semin Pediatr Neurol 15:119-26 (2008),Sphingolipid metabolism,kegg_id_crossref,0.714
19472408,GM1 gangliosidosis,Sphingolipid metabolism,H00281,hsa00600,"Inherited metabolic disorder, Lysosomal disease",GM1 gangliosidosis and Morquio B disease: expression analysis of missense mutations affecting the catalytic site of acid beta-galactosidase.,Hum Mutat 30:1214-21 (2009),Sphingolipid metabolism,kegg_id_crossref,0.714
18202827,GM1 gangliosidosis,Sphingolipid metabolism,H00281,hsa00600,"Inherited metabolic disorder, Lysosomal disease",Chemical chaperone therapy for GM1-gangliosidosis.,Cell Mol Life Sci 65:351-3 (2008),Sphingolipid metabolism,kegg_id_crossref,0.714
18708002,GM1 gangliosidosis,Galactose metabolism,H00281,hsa00052,"Inherited metabolic disorder, Lysosomal disease",Current strategies in the management of lysosomal storage diseases.,Semin Pediatr Neurol 15:119-26 (2008),Galactose metabolism,kegg_id_crossref,1.0
19472408,GM1 gangliosidosis,Galactose metabolism,H00281,hsa00052,"Inherited metabolic disorder, Lysosomal disease",GM1 gangliosidosis and Morquio B disease: expression analysis of missense mutations affecting the catalytic site of acid beta-galactosidase.,Hum Mutat 30:1214-21 (2009),Galactose metabolism,kegg_id_crossref,1.0
18202827,GM1 gangliosidosis,Galactose metabolism,H00281,hsa00052,"Inherited metabolic disorder, Lysosomal disease",Chemical chaperone therapy for GM1-gangliosidosis.,Cell Mol Life Sci 65:351-3 (2008),Galactose metabolism,kegg_id_crossref,1.0
11013134,SBCAD deficiency,"Valine, leucine and isoleucine degradation",H00375,hsa00280(N00856),Inherited metabolic disorder,"Isolated 2-methylbutyrylglycinuria caused by short/branched-chain acyl-CoA dehydrogenase deficiency: identification of a new enzyme defect, resolution of its molecular basis, and evidence for distinct acyl-CoA dehydrogenases in isoleucine and valine metabolism.",Am J Hum Genet 67:1095-103 (2000),"Valine, leucine, and isoleucine metabolism",kegg_id_crossref,0.85
16317551,SBCAD deficiency,"Valine, leucine and isoleucine degradation",H00375,hsa00280(N00856),Inherited metabolic disorder,Short/branched-chain acyl-CoA dehydrogenase deficiency due to an IVS3+3A&gt;G mutation that causes exon skipping.,Hum Genet 118:680-90 (2006),"Valine, leucine, and isoleucine metabolism",kegg_id_crossref,0.85
25456746,VLCAD deficiency,Fatty acid degradation,H00392,hsa00071(N00804),"Inherited metabolic disorder, Mitochondrial disease",Neurodevelopmental profiles of children with very long chain acyl-CoA dehydrogenase deficiency diagnosed by newborn screening.,Mol Genet Metab 113:278-82 (2014),Fatty acid oxidation,kegg_id_crossref,0.581
26385305,VLCAD deficiency,Fatty acid degradation,H00392,hsa00071(N00804),"Inherited metabolic disorder, Mitochondrial disease",Recurrent ACADVL molecular findings in individuals with a positive newborn screen for very long chain acyl-coA dehydrogenase (VLCAD) deficiency in the United States.,Mol Genet Metab 116:139-45 (2015),Fatty acid oxidation,kegg_id_crossref,0.581
9973285,VLCAD deficiency,Fatty acid degradation,H00392,hsa00071(N00804),"Inherited metabolic disorder, Mitochondrial disease",Clear correlation of genotype with disease phenotype in very-long-chain acyl-CoA dehydrogenase deficiency.,Am J Hum Genet 64:479-94 (1999),Fatty acid oxidation,kegg_id_crossref,0.581
17347916,Peroxisomal beta-oxidation enzyme deficiency,Biosynthesis of unsaturated fatty acids,H00407,hsa01040(N00776),Inherited metabolic disorder,Molecular and clinical aspects of peroxisomal diseases.,J Inherit Metab Dis 30:193-7 (2007),Fatty acid synthesis,kegg_id_crossref,1.0
16376506,Peroxisomal beta-oxidation enzyme deficiency,Biosynthesis of unsaturated fatty acids,H00407,hsa01040(N00776),Inherited metabolic disorder,Aberrant peroxisome morphology in peroxisomal beta-oxidation enzyme deficiencies.,Brain Dev 28:287-92 (2006),Fatty acid synthesis,kegg_id_crossref,1.0
20064629,Peroxisomal beta-oxidation enzyme deficiency,Biosynthesis of unsaturated fatty acids,H00407,hsa01040(N00776),Inherited metabolic disorder,"Peroxisomes, lipid metabolism and lipotoxicity.",Biochim Biophys Acta 1801:272-80 (2010),Fatty acid synthesis,kegg_id_crossref,1.0
17347916,Peroxisomal beta-oxidation enzyme deficiency,Primary bile acid biosynthesis,H00407,hsa00120(N00779),Inherited metabolic disorder,Molecular and clinical aspects of peroxisomal diseases.,J Inherit Metab Dis 30:193-7 (2007),Bile acid synthesis,kegg_id_crossref,0.833
16376506,Peroxisomal beta-oxidation enzyme deficiency,Primary bile acid biosynthesis,H00407,hsa00120(N00779),Inherited metabolic disorder,Aberrant peroxisome morphology in peroxisomal beta-oxidation enzyme deficiencies.,Brain Dev 28:287-92 (2006),Bile acid synthesis,kegg_id_crossref,0.833
20064629,Peroxisomal beta-oxidation enzyme deficiency,Primary bile acid biosynthesis,H00407,hsa00120(N00779),Inherited metabolic disorder,"Peroxisomes, lipid metabolism and lipotoxicity.",Biochim Biophys Acta 1801:272-80 (2010),Bile acid synthesis,kegg_id_crossref,0.833
18708002,Sphingolipidosis,Sphingolipid metabolism,H00423,hsa00600(N00640+N00642+N00644+N00647+N00649),"Inherited metabolic disorder, Lysosomal disease",Current strategies in the management of lysosomal storage diseases.,Semin Pediatr Neurol 15:119-26 (2008),Sphingolipid metabolism,kegg_id_crossref,0.714
18465098,Sphingolipidosis,Sphingolipid metabolism,H00423,hsa00600(N00640+N00642+N00644+N00647+N00649),"Inherited metabolic disorder, Lysosomal disease",The role and metabolism of sulfatide in the nervous system.,Mol Neurobiol 37:93-103 (2008),Sphingolipid metabolism,kegg_id_crossref,0.714
16854371,Sphingolipidosis,Sphingolipid metabolism,H00423,hsa00600(N00640+N00642+N00644+N00647+N00649),"Inherited metabolic disorder, Lysosomal disease",Sphingolipid metabolism diseases.,Biochim Biophys Acta 1758:2057-79 (2006),Sphingolipid metabolism,kegg_id_crossref,0.714
17347913,Sphingolipidosis,Sphingolipid metabolism,H00423,hsa00600(N00640+N00642+N00644+N00647+N00649),"Inherited metabolic disorder, Lysosomal disease","Enzyme, cell and gene-based therapies for metachromatic leukodystrophy.",J Inherit Metab Dis 30:175-83 (2007),Sphingolipid metabolism,kegg_id_crossref,0.714
19267410,Sphingolipidosis,Sphingolipid metabolism,H00423,hsa00600(N00640+N00642+N00644+N00647+N00649),"Inherited metabolic disorder, Lysosomal disease",Prosaposin deficiency and saposin B deficiency (activator-deficient metachromatic leukodystrophy): report on two patients detected by analysis of urinary sphingolipids and carrying novel PSAP gene mutations.,Am J Med Genet A 149A:613-21 (2009),Sphingolipid metabolism,kegg_id_crossref,0.714
10833326,Sphingolipidosis,Sphingolipid metabolism,H00423,hsa00600(N00640+N00642+N00644+N00647+N00649),"Inherited metabolic disorder, Lysosomal disease",Krabbe disease: genetic aspects and progress toward therapy.,Mol Genet Metab 70:1-9 (2000),Sphingolipid metabolism,kegg_id_crossref,0.714
18157819,Sphingolipidosis,Sphingolipid metabolism,H00423,hsa00600(N00640+N00642+N00644+N00647+N00649),"Inherited metabolic disorder, Lysosomal disease",Molecular analysis of SUMF1 mutations: stability and residual activity of mutant formylglycine-generating enzyme determine disease severity in multiple sulfatase deficiency.,Hum Mutat 29:205 (2008),Sphingolipid metabolism,kegg_id_crossref,0.714
18567738,Defects in the degradation of sphingomyelin,Sphingolipid metabolism,H00424,hsa00600,"Inherited metabolic disorder, Lysosomal disease",The unexpected role of acid sphingomyelinase in cell death and the pathophysiology of common diseases.,FASEB J 22:3419-31 (2008),Sphingolipid metabolism,kegg_id_crossref,0.714
18708002,Defects in the degradation of sphingomyelin,Sphingolipid metabolism,H00424,hsa00600,"Inherited metabolic disorder, Lysosomal disease",Current strategies in the management of lysosomal storage diseases.,Semin Pediatr Neurol 15:119-26 (2008),Sphingolipid metabolism,kegg_id_crossref,0.714
17632693,Defects in the degradation of sphingomyelin,Sphingolipid metabolism,H00424,hsa00600,"Inherited metabolic disorder, Lysosomal disease",The pathogenesis and treatment of acid sphingomyelinase-deficient Niemann-Pick disease.,J Inherit Metab Dis 30:654-63 (2007),Sphingolipid metabolism,kegg_id_crossref,0.714
10760463,Defects in the degradation of sphingomyelin,Sphingolipid metabolism,H00424,hsa00600,"Inherited metabolic disorder, Lysosomal disease",Interactions between metabolism and intracellular distribution of cholesterol and sphingomyelin.,Biochim Biophys Acta 1484:129-41 (2000),Sphingolipid metabolism,kegg_id_crossref,0.714
19944693,Defects in the degradation of sphingomyelin,Sphingolipid metabolism,H00424,hsa00600,"Inherited metabolic disorder, Lysosomal disease","Acid sphingomyelinase, cell membranes and human disease: lessons from Niemann-Pick disease.",FEBS Lett 584:1895-900 (2010),Sphingolipid metabolism,kegg_id_crossref,0.714
17064658,Defects in the degradation of sphingomyelin,Sphingolipid metabolism,H00424,hsa00600,"Inherited metabolic disorder, Lysosomal disease",Acid ceramidase and human disease.,Biochim Biophys Acta 1758:2133-8 (2006),Sphingolipid metabolism,kegg_id_crossref,0.714
11241842,Defects in the degradation of sphingomyelin,Sphingolipid metabolism,H00424,hsa00600,"Inherited metabolic disorder, Lysosomal disease",Molecular analysis of acid ceramidase deficiency in patients with Farber disease.,Hum Mutat 17:199-209 (2001),Sphingolipid metabolism,kegg_id_crossref,0.714
17467691,HEM skeletal dysplasia,Steroid biosynthesis,H00447,hsa00100,Congenital malformation,"""Laminopathies"": a wide spectrum of human diseases.",Exp Cell Res 313:2121-33 (2007),Cholesterol metabolism,kegg_id_crossref,0.312
12618959,HEM skeletal dysplasia,Steroid biosynthesis,H00447,hsa00100,Congenital malformation,Autosomal recessive HEM/Greenberg skeletal dysplasia is caused by 3 beta-hydroxysterol delta 14-reductase deficiency due to mutations in the lamin B receptor gene.,Am J Hum Genet 72:1013-7 (2003),Cholesterol metabolism,kegg_id_crossref,0.312
20444604,Mitochondrial DNA depletion syndrome,Nucleotide metabolism,H00469,hsa01232,"Inherited metabolic disorder, Mitochondrial disease","Mitochondrial DNA depletion syndromes--many genes, common mechanisms.",Neuromuscul Disord 20:429-37 (2010),Nucleotide salvage pathway,kegg_id_crossref,1.0
21855607,Mitochondrial DNA depletion syndrome,Nucleotide metabolism,H00469,hsa01232,"Inherited metabolic disorder, Mitochondrial disease",Pyruvate therapy for mitochondrial DNA depletion syndrome.,Biochim Biophys Acta 1820:632-6 (2012),Nucleotide salvage pathway,kegg_id_crossref,1.0
9924029,Mitochondrial DNA depletion syndrome,Nucleotide metabolism,H00469,hsa01232,"Inherited metabolic disorder, Mitochondrial disease","Thymidine phosphorylase gene mutations in MNGIE, a human mitochondrial disorder.",Science 283:689-92 (1999),Nucleotide salvage pathway,kegg_id_crossref,1.0
11687801,Mitochondrial DNA depletion syndrome,Nucleotide metabolism,H00469,hsa01232,"Inherited metabolic disorder, Mitochondrial disease",Mutant mitochondrial thymidine kinase in mitochondrial DNA depletion myopathy.,Nat Genet 29:342-4 (2001),Nucleotide salvage pathway,kegg_id_crossref,1.0
11687800,Mitochondrial DNA depletion syndrome,Nucleotide metabolism,H00469,hsa01232,"Inherited metabolic disorder, Mitochondrial disease",The deoxyguanosine kinase gene is mutated in individuals with depleted hepatocerebral mitochondrial DNA.,Nat Genet 29:337-41 (2001),Nucleotide salvage pathway,kegg_id_crossref,1.0
15122711,Mitochondrial DNA depletion syndrome,Nucleotide metabolism,H00469,hsa01232,"Inherited metabolic disorder, Mitochondrial disease",POLG mutations associated with Alpers' syndrome and mitochondrial DNA depletion.,Ann Neurol 55:706-12 (2004),Nucleotide salvage pathway,kegg_id_crossref,1.0
12825077,Mitochondrial DNA depletion syndrome,Nucleotide metabolism,H00469,hsa01232,"Inherited metabolic disorder, Mitochondrial disease",Novel POLG mutations in progressive external ophthalmoplegia mimicking mitochondrial neurogastrointestinal encephalomyopathy.,Eur J Hum Genet 11:547-9 (2003),Nucleotide salvage pathway,kegg_id_crossref,1.0
15877282,Mitochondrial DNA depletion syndrome,Nucleotide metabolism,H00469,hsa01232,"Inherited metabolic disorder, Mitochondrial disease",Deficiency of the ADP-forming succinyl-CoA synthase activity is associated with encephalomyopathy and mitochondrial DNA depletion.,Am J Hum Genet 76:1081-6 (2005),Nucleotide salvage pathway,kegg_id_crossref,1.0
16582910,Mitochondrial DNA depletion syndrome,Nucleotide metabolism,H00469,hsa01232,"Inherited metabolic disorder, Mitochondrial disease",MPV17 encodes an inner mitochondrial membrane protein and is mutated in infantile hepatic mitochondrial DNA depletion.,Nat Genet 38:570-5 (2006),Nucleotide salvage pathway,kegg_id_crossref,1.0
16135556,Mitochondrial DNA depletion syndrome,Nucleotide metabolism,H00469,hsa01232,"Inherited metabolic disorder, Mitochondrial disease",Infantile onset spinocerebellar ataxia is caused by recessive mutations in mitochondrial proteins Twinkle and Twinky.,Hum Mol Genet 14:2981-90 (2005),Nucleotide salvage pathway,kegg_id_crossref,1.0
17486094,Mitochondrial DNA depletion syndrome,Nucleotide metabolism,H00469,hsa01232,"Inherited metabolic disorder, Mitochondrial disease","Mutation of RRM2B, encoding p53-controlled ribonucleotide reductase (p53R2), causes severe mitochondrial DNA depletion.",Nat Genet 39:776-80 (2007),Nucleotide salvage pathway,kegg_id_crossref,1.0
19667227,Mitochondrial DNA depletion syndrome,Nucleotide metabolism,H00469,hsa01232,"Inherited metabolic disorder, Mitochondrial disease",Mitochondrial neurogastrointestinal encephalopathy due to mutations in RRM2B.,Arch Neurol 66:1028-32 (2009),Nucleotide salvage pathway,kegg_id_crossref,1.0
17668387,Mitochondrial DNA depletion syndrome,Nucleotide metabolism,H00469,hsa01232,"Inherited metabolic disorder, Mitochondrial disease",Deficiency of the alpha subunit of succinate-coenzyme A ligase causes fatal infantile lactic acidosis with mitochondrial DNA depletion.,Am J Hum Genet 81:383-7 (2007),Nucleotide salvage pathway,kegg_id_crossref,1.0
22284826,Mitochondrial DNA depletion syndrome,Nucleotide metabolism,H00469,hsa01232,"Inherited metabolic disorder, Mitochondrial disease",Lack of the mitochondrial protein acylglycerol kinase causes Sengers syndrome.,Am J Hum Genet 90:314-20 (2012),Nucleotide salvage pathway,kegg_id_crossref,1.0
23313956,Mitochondrial DNA depletion syndrome,Nucleotide metabolism,H00469,hsa01232,"Inherited metabolic disorder, Mitochondrial disease",Loss-of-function mutations in MGME1 impair mtDNA replication and cause multisystemic mitochondrial disease.,Nat Genet 45:214-9 (2013),Nucleotide salvage pathway,kegg_id_crossref,1.0
27693233,Mitochondrial DNA depletion syndrome,Nucleotide metabolism,H00469,hsa01232,"Inherited metabolic disorder, Mitochondrial disease",Recurrent De Novo Dominant Mutations in SLC25A4 Cause Severe Early-Onset Mitochondrial Disease and Loss of Mitochondrial DNA Copy Number.,Am J Hum Genet 99:860-876 (2016),Nucleotide salvage pathway,kegg_id_crossref,1.0
16155110,Mitochondrial DNA depletion syndrome,Nucleotide metabolism,H00469,hsa01232,"Inherited metabolic disorder, Mitochondrial disease",Complete loss-of-function of the heart/muscle-specific adenine nucleotide translocator is associated with mitochondrial myopathy and cardiomyopathy.,Hum Mol Genet 14:3079-88 (2005),Nucleotide salvage pathway,kegg_id_crossref,1.0
23993193,Mitochondrial DNA depletion syndrome,Nucleotide metabolism,H00469,hsa01232,"Inherited metabolic disorder, Mitochondrial disease",Mutations in FBXL4 cause mitochondrial encephalopathy and a disorder of mitochondrial DNA maintenance.,Am J Hum Genet 93:471-81 (2013),Nucleotide salvage pathway,kegg_id_crossref,1.0
39233737,Mitochondrial DNA depletion syndrome,Nucleotide metabolism,H00469,hsa01232,"Inherited metabolic disorder, Mitochondrial disease",Severe mitochondrial encephalomyopathy caused by de novo variants in OPA1 gene.,Front Genet 15:1437959 (2024),Nucleotide salvage pathway,kegg_id_crossref,1.0
26561570,Mitochondrial DNA depletion syndrome,Nucleotide metabolism,H00469,hsa01232,"Inherited metabolic disorder, Mitochondrial disease","Fatal infantile mitochondrial encephalomyopathy, hypertrophic cardiomyopathy and optic atrophy associated with a homozygous OPA1 mutation.",J Med Genet 53:127-31 (2016),Nucleotide salvage pathway,kegg_id_crossref,1.0
27448789,Mitochondrial DNA depletion syndrome,Nucleotide metabolism,H00469,hsa01232,"Inherited metabolic disorder, Mitochondrial disease","Mutations in TFAM, encoding mitochondrial transcription factor A, cause neonatal liver failure associated with mtDNA depletion.",Mol Genet Metab 119:91-9 (2016),Nucleotide salvage pathway,kegg_id_crossref,1.0
30157269,Mitochondrial DNA depletion syndrome,Nucleotide metabolism,H00469,hsa01232,"Inherited metabolic disorder, Mitochondrial disease",Characterization of the human homozygous R182W POLG2 mutation in mitochondrial DNA depletion syndrome.,PLoS One 13:e0203198 (2018),Nucleotide salvage pathway,kegg_id_crossref,1.0
31778857,Mitochondrial DNA depletion syndrome,Nucleotide metabolism,H00469,hsa01232,"Inherited metabolic disorder, Mitochondrial disease","Whole exome sequencing identifies a homozygous POLG2 missense variant in an adult patient presenting with optic atrophy, movement disorders, premature ovarian  failure and mitochondrial DNA depletion.",Eur J Med Genet 63:103821 (2020),Nucleotide salvage pathway,kegg_id_crossref,1.0
28973171,Mitochondrial DNA depletion syndrome,Nucleotide metabolism,H00469,hsa01232,"Inherited metabolic disorder, Mitochondrial disease",Defective mitochondrial rRNA methyltransferase MRM2 causes MELAS-like clinical syndrome.,Hum Mol Genet 26:4257-4266 (2017),Nucleotide salvage pathway,kegg_id_crossref,1.0
29517768,Mitochondrial DNA depletion syndrome,Nucleotide metabolism,H00469,hsa01232,"Inherited metabolic disorder, Mitochondrial disease",Mitochondrial oxodicarboxylate carrier deficiency is associated with mitochondrial DNA depletion and spinal muscular atrophy-like disease.,Genet Med 20:1224-1235 (2018),Nucleotide salvage pathway,kegg_id_crossref,1.0
29211846,Mitochondrial DNA depletion syndrome,Nucleotide metabolism,H00469,hsa01232,"Inherited metabolic disorder, Mitochondrial disease",SLC25A10 biallelic mutations in intractable epileptic encephalopathy with complex I deficiency.,Hum Mol Genet 27:499-504 (2018),Nucleotide salvage pathway,kegg_id_crossref,1.0
33855352,Mitochondrial DNA depletion syndrome,Nucleotide metabolism,H00469,hsa01232,"Inherited metabolic disorder, Mitochondrial disease",Biallelic variants in LIG3 cause a novel mitochondrial neurogastrointestinal encephalomyopathy.,Brain 144:1451-1466 (2021),Nucleotide salvage pathway,kegg_id_crossref,1.0
39230499,Mitochondrial DNA depletion syndrome,Nucleotide metabolism,H00469,hsa01232,"Inherited metabolic disorder, Mitochondrial disease",Guanylate Kinase 1 Deficiency: A Novel and Potentially Treatable Mitochondrial DNA Depletion/Deletions Disease.,Ann Neurol 96:1209-1224 (2024),Nucleotide salvage pathway,kegg_id_crossref,1.0
19336460,Mitochondrial complex I deficiency,Oxidative phosphorylation,H00473,hsa00190,"Inherited metabolic disorder, Mitochondrial disease",Mitochondrial complex I deficiency: from organelle dysfunction to clinical disease.,Brain 132:833-42 (2009),Oxidative phosphorylation,name_exact,1.0
9463323,Mitochondrial complex I deficiency,Oxidative phosphorylation,H00473,hsa00190,"Inherited metabolic disorder, Mitochondrial disease",Demonstration of a new pathogenic mutation in human complex I deficiency: a 5-bp duplication in the nuclear gene encoding the 18-kD (AQDQ) subunit.,Am J Hum Genet 62:262-8 (1998),Oxidative phosphorylation,name_exact,1.0
9837812,Mitochondrial complex I deficiency,Oxidative phosphorylation,H00473,hsa00190,"Inherited metabolic disorder, Mitochondrial disease",The first nuclear-encoded complex I mutation in a patient with Leigh syndrome.,Am J Hum Genet 63:1598-608 (1998),Oxidative phosphorylation,name_exact,1.0
15269216,Mitochondrial complex I deficiency,Oxidative phosphorylation,H00473,hsa00190,"Inherited metabolic disorder, Mitochondrial disease",Inhibition of mitochondrial Na+-Ca2+ exchange restores agonist-induced ATP production and Ca2+ handling in human complex I deficiency.,J Biol Chem 279:40328-36 (2004),Oxidative phosphorylation,name_exact,1.0
10080174,Mitochondrial complex I deficiency,Oxidative phosphorylation,H00473,hsa00190,"Inherited metabolic disorder, Mitochondrial disease",Mutant NDUFV1 subunit of mitochondrial complex I causes leukodystrophy and myoclonic epilepsy.,Nat Genet 21:260-1 (1999),Oxidative phosphorylation,name_exact,1.0
11349233,Mitochondrial complex I deficiency,Oxidative phosphorylation,H00473,hsa00190,"Inherited metabolic disorder, Mitochondrial disease",Large-scale deletion and point mutations of the nuclear NDUFV1 and NDUFS1 genes in mitochondrial complex I deficiency.,Am J Hum Genet 68:1344-52 (2001),Oxidative phosphorylation,name_exact,1.0
11220739,Mitochondrial complex I deficiency,Oxidative phosphorylation,H00473,hsa00190,"Inherited metabolic disorder, Mitochondrial disease",Mutations in the complex I NDUFS2 gene of patients with cardiomyopathy and encephalomyopathy.,Ann Neurol 49:195-201 (2001),Oxidative phosphorylation,name_exact,1.0
12754703,Mitochondrial complex I deficiency,Oxidative phosphorylation,H00473,hsa00190,"Inherited metabolic disorder, Mitochondrial disease",Mutant NDUFV2 subunit of mitochondrial complex I causes early onset hypertrophic cardiomyopathy and encephalopathy.,Hum Mutat 21:582-6 (2003),Oxidative phosphorylation,name_exact,1.0
14729820,Mitochondrial complex I deficiency,Oxidative phosphorylation,H00473,hsa00190,"Inherited metabolic disorder, Mitochondrial disease",Mutant NDUFS3 subunit of mitochondrial complex I causes Leigh syndrome.,J Med Genet 41:14-7 (2004),Oxidative phosphorylation,name_exact,1.0
15372108,Mitochondrial complex I deficiency,Oxidative phosphorylation,H00473,hsa00190,"Inherited metabolic disorder, Mitochondrial disease",NDUFS6 mutations are a novel cause of lethal neonatal mitochondrial complex I deficiency.,J Clin Invest 114:837-45 (2004),Oxidative phosphorylation,name_exact,1.0
16200211,Mitochondrial complex I deficiency,Oxidative phosphorylation,H00473,hsa00190,"Inherited metabolic disorder, Mitochondrial disease",A molecular chaperone for mitochondrial complex I assembly is mutated in a progressive encephalopathy.,J Clin Invest 115:2784-92 (2005),Oxidative phosphorylation,name_exact,1.0
21931170,Mitochondrial complex I deficiency,Oxidative phosphorylation,H00473,hsa00190,"Inherited metabolic disorder, Mitochondrial disease",Mutations in the mitochondrial complex I assembly factor NDUFAF1 cause fatal infantile hypertrophic cardiomyopathy.,J Med Genet 48:691-7 (2011),Oxidative phosphorylation,name_exact,1.0
17262856,Mitochondrial complex I deficiency,Oxidative phosphorylation,H00473,hsa00190,"Inherited metabolic disorder, Mitochondrial disease",X-linked NDUFA1 gene mutations associated with mitochondrial encephalomyopathy.,Ann Neurol 61:73-83 (2007),Oxidative phosphorylation,name_exact,1.0
18513682,Mitochondrial complex I deficiency,Oxidative phosphorylation,H00473,hsa00190,"Inherited metabolic disorder, Mitochondrial disease",NDUFA2 complex I mutation leads to Leigh disease.,Am J Hum Genet 82:1306-15 (2008),Oxidative phosphorylation,name_exact,1.0
18306244,Mitochondrial complex I deficiency,Oxidative phosphorylation,H00473,hsa00190,"Inherited metabolic disorder, Mitochondrial disease",Mitochondrial complex I deficiency caused by a deleterious NDUFA11 mutation.,Ann Neurol 63:405-8 (2008),Oxidative phosphorylation,name_exact,1.0
18179882,Mitochondrial complex I deficiency,Oxidative phosphorylation,H00473,hsa00190,"Inherited metabolic disorder, Mitochondrial disease",C6ORF66 is an assembly factor of mitochondrial complex I.,Am J Hum Genet 82:32-8 (2008),Oxidative phosphorylation,name_exact,1.0
18940309,Mitochondrial complex I deficiency,Oxidative phosphorylation,H00473,hsa00190,"Inherited metabolic disorder, Mitochondrial disease",Mutation of C20orf7 disrupts complex I assembly and causes lethal neonatal mitochondrial disease.,Am J Hum Genet 83:468-78 (2008),Oxidative phosphorylation,name_exact,1.0
18614015,Mitochondrial complex I deficiency,Oxidative phosphorylation,H00473,hsa00190,"Inherited metabolic disorder, Mitochondrial disease",A mitochondrial protein compendium elucidates complex I disease biology.,Cell 134:112-23 (2008),Oxidative phosphorylation,name_exact,1.0
19463981,Mitochondrial complex I deficiency,Oxidative phosphorylation,H00473,hsa00190,"Inherited metabolic disorder, Mitochondrial disease","Mutations in NDUFAF3 (C3ORF60), encoding an NDUFAF4 (C6ORF66)-interacting complex I assembly protein, cause fatal neonatal mitochondrial disease.",Am J Hum Genet 84:718-27 (2009),Oxidative phosphorylation,name_exact,1.0
20818383,Mitochondrial complex I deficiency,Oxidative phosphorylation,H00473,hsa00190,"Inherited metabolic disorder, Mitochondrial disease","High-throughput, pooled sequencing identifies mutations in NUBPL and FOXRED1 in human complex I deficiency.",Nat Genet 42:851-8 (2010),Oxidative phosphorylation,name_exact,1.0
17564966,Mitochondrial complex I deficiency,Oxidative phosphorylation,H00473,hsa00190,"Inherited metabolic disorder, Mitochondrial disease",A new genetic disorder in mitochondrial fatty acid beta-oxidation: ACAD9 deficiency.,Am J Hum Genet 81:87-103 (2007),Oxidative phosphorylation,name_exact,1.0
21150889,Mitochondrial complex I deficiency,Oxidative phosphorylation,H00473,hsa00190,"Inherited metabolic disorder, Mitochondrial disease",NDUFA10 mutations cause complex I deficiency in a patient with Leigh disease.,Eur J Hum Genet 19:270-4 (2011),Oxidative phosphorylation,name_exact,1.0
21617257,Mitochondrial complex I deficiency,Oxidative phosphorylation,H00473,hsa00190,"Inherited metabolic disorder, Mitochondrial disease",Respiratory chain complex I deficiency due to NDUFA12 mutations as a new cause of Leigh syndrome.,J Med Genet 48:737-40 (2011),Oxidative phosphorylation,name_exact,1.0
22200994,Mitochondrial complex I deficiency,Oxidative phosphorylation,H00473,hsa00190,"Inherited metabolic disorder, Mitochondrial disease",Mutation screening of 75 candidate genes in 152 complex I deficiency cases identifies pathogenic variants in 16 genes including NDUFB9.,J Med Genet 49:83-9 (2012),Oxidative phosphorylation,name_exact,1.0
22277967,Mitochondrial complex I deficiency,Oxidative phosphorylation,H00473,hsa00190,"Inherited metabolic disorder, Mitochondrial disease",Molecular diagnosis of infantile mitochondrial disease with targeted next-generation sequencing.,Sci Transl Med 4:118ra10 (2012),Oxidative phosphorylation,name_exact,1.0
22114105,Mitochondrial complex I deficiency,Oxidative phosphorylation,H00473,hsa00190,"Inherited metabolic disorder, Mitochondrial disease",Defective NDUFA9 as a novel cause of neonatally fatal complex I disease.,J Med Genet 49:10-5 (2012),Oxidative phosphorylation,name_exact,1.0
22499348,Mitochondrial complex I deficiency,Oxidative phosphorylation,H00473,hsa00190,"Inherited metabolic disorder, Mitochondrial disease",Molecular diagnosis in mitochondrial complex I deficiency using exome sequencing.,J Med Genet 49:277-83 (2012),Oxidative phosphorylation,name_exact,1.0
25901006,Mitochondrial complex I deficiency,Oxidative phosphorylation,H00473,hsa00190,"Inherited metabolic disorder, Mitochondrial disease","Mutation in NDUFA13/GRIM19 leads to early onset hypotonia, dyskinesia and sensorial deficiencies, and mitochondrial complex I instability.",Hum Mol Genet 24:3948-55 (2015),Oxidative phosphorylation,name_exact,1.0
27374773,Mitochondrial complex I deficiency,Oxidative phosphorylation,H00473,hsa00190,"Inherited metabolic disorder, Mitochondrial disease",Mutations in Complex I Assembly Factor TMEM126B Result in Muscle Weakness and Isolated Complex I Deficiency.,Am J Hum Genet 99:208-16 (2016),Oxidative phosphorylation,name_exact,1.0
26741492,Mitochondrial complex I deficiency,Oxidative phosphorylation,H00473,hsa00190,"Inherited metabolic disorder, Mitochondrial disease",A Comprehensive Genomic Analysis Reveals the Genetic Landscape of Mitochondrial Respiratory Chain Complex Deficiencies.,PLoS Genet 12:e1005679 (2016),Oxidative phosphorylation,name_exact,1.0
28604674,Mitochondrial complex I deficiency,Oxidative phosphorylation,H00473,hsa00190,"Inherited metabolic disorder, Mitochondrial disease",Genetic diagnosis of Mendelian disorders via RNA sequencing.,Nat Commun 8:15824 (2017),Oxidative phosphorylation,name_exact,1.0
29429571,Mitochondrial complex I deficiency,Oxidative phosphorylation,H00473,hsa00190,"Inherited metabolic disorder, Mitochondrial disease",NDUFB8 Mutations Cause Mitochondrial Complex I Deficiency in Individuals with Leigh-like Encephalomyopathy.,Am J Hum Genet 102:460-467 (2018),Oxidative phosphorylation,name_exact,1.0
30245030,Mitochondrial complex I deficiency,Oxidative phosphorylation,H00473,hsa00190,"Inherited metabolic disorder, Mitochondrial disease",Bi-allelic Mutations in NDUFA6 Establish Its Role in Early-Onset Isolated Mitochondrial Complex I Deficiency.,Am J Hum Genet 103:592-601 (2018),Oxidative phosphorylation,name_exact,1.0
31866046,Mitochondrial complex I deficiency,Oxidative phosphorylation,H00473,hsa00190,"Inherited metabolic disorder, Mitochondrial disease",Pathogenic Bi-allelic Mutations in NDUFAF8 Cause Leigh Syndrome with an Isolated Complex I Deficiency.,Am J Hum Genet 106:92-101 (2020),Oxidative phosphorylation,name_exact,1.0
28040730,Mitochondrial complex I deficiency,Oxidative phosphorylation,H00473,hsa00190,"Inherited metabolic disorder, Mitochondrial disease",Mutations in the accessory subunit NDUFB10 result in isolated complex I deficiency and illustrate the critical role of intermembrane space import for complex I holoenzyme assembly.,Hum Mol Genet 26:702-716 (2017),Oxidative phosphorylation,name_exact,1.0
32969598,Mitochondrial complex I deficiency,Oxidative phosphorylation,H00473,hsa00190,"Inherited metabolic disorder, Mitochondrial disease",Bi-allelic pathogenic variants in NDUFC2 cause early-onset Leigh syndrome and stalled biogenesis of complex I.,EMBO Mol Med 12:e12619 (2020),Oxidative phosphorylation,name_exact,1.0
32385911,Mitochondrial complex I deficiency,Oxidative phosphorylation,H00473,hsa00190,"Inherited metabolic disorder, Mitochondrial disease","A homozygous variant in NDUFA8 is associated with developmental delay, microcephaly, and epilepsy due to mitochondrial complex I deficiency.",Clin Genet 98:155-165 (2020),Oxidative phosphorylation,name_exact,1.0
33502047,Mitochondrial complex I deficiency,Oxidative phosphorylation,H00473,hsa00190,"Inherited metabolic disorder, Mitochondrial disease",Severe congenital lactic acidosis and hypertrophic cardiomyopathy caused by an intronic variant in NDUFB7.,Hum Mutat 42:378-384 (2021),Oxidative phosphorylation,name_exact,1.0
10775530,Mitochondrial complex I deficiency,Oxidative phosphorylation,H00473,hsa00190,"Inherited metabolic disorder, Mitochondrial disease",Intragenic inversion of mtDNA: a new type of pathogenic mutation in a patient with mitochondrial myopathy.,Am J Hum Genet 66:1900-4 (2000),Oxidative phosphorylation,name_exact,1.0
12192017,Mitochondrial complex I deficiency,Oxidative phosphorylation,H00473,hsa00190,"Inherited metabolic disorder, Mitochondrial disease",Paternal inheritance of mitochondrial DNA.,N Engl J Med 347:576-80 (2002),Oxidative phosphorylation,name_exact,1.0
11456298,Mitochondrial complex I deficiency,Oxidative phosphorylation,H00473,hsa00190,"Inherited metabolic disorder, Mitochondrial disease",Progressive mitochondrial disease resulting from a novel missense mutation in the mitochondrial DNA ND3 gene.,Ann Neurol 50:104-7 (2001),Oxidative phosphorylation,name_exact,1.0
12707444,Mitochondrial complex I deficiency,Oxidative phosphorylation,H00473,hsa00190,"Inherited metabolic disorder, Mitochondrial disease",Late-onset encephalopathy associated with a C11777A mutation of mitochondrial DNA.,Neurology 60:1357-9 (2003),Oxidative phosphorylation,name_exact,1.0
11938446,Mitochondrial complex I deficiency,Oxidative phosphorylation,H00473,hsa00190,"Inherited metabolic disorder, Mitochondrial disease",Leigh disease associated with a novel mitochondrial DNA ND5 mutation.,Eur J Hum Genet 10:141-4 (2002),Oxidative phosphorylation,name_exact,1.0
14595656,Mitochondrial complex I deficiency,Oxidative phosphorylation,H00473,hsa00190,"Inherited metabolic disorder, Mitochondrial disease",Impaired complex I assembly in a Leigh syndrome patient with a novel missense mutation in the ND6 gene.,Ann Neurol 54:665-9 (2003),Oxidative phosphorylation,name_exact,1.0
9158144,MCAD deficiency,Fatty acid degradation,H00488,hsa00071(N00804),"Inherited metabolic disorder, Mitochondrial disease",The molecular basis of medium-chain acyl-CoA dehydrogenase (MCAD) deficiency in compound heterozygous patients: is there correlation between genotype and phenotype?,Hum Mol Genet 6:695-707 (1997),Fatty acid oxidation,kegg_id_crossref,0.581
23574375,MCAD deficiency,Fatty acid degradation,H00488,hsa00071(N00804),"Inherited metabolic disorder, Mitochondrial disease",Regional differences in the frequency of the c.985A&gt;G ACADM mutation: findings from a meta-regression of genotyping and screening studies.,Clin Genet 85:253-9 (2014),Fatty acid oxidation,kegg_id_crossref,0.581
15877203,MCAD deficiency,Fatty acid degradation,H00488,hsa00071(N00804),"Inherited metabolic disorder, Mitochondrial disease",L-carnitine and exercise tolerance in medium-chain acyl-coenzyme A dehydrogenase (MCAD) deficiency: a pilot study.,J Inherit Metab Dis 28:141-52 (2005),Fatty acid oxidation,kegg_id_crossref,0.581
20583174,LCHAD deficiency,Fatty acid degradation,H00489,hsa00071(N00804),"Inherited metabolic disorder, Mitochondrial disease",Paternal isodisomy of chromosome 2 as a cause of long chain 3-hydroxyacyl-CoA dehydrogenase (LCHAD) deficiency.,Am J Med Genet A 152A:1808-11 (2010),Fatty acid oxidation,kegg_id_crossref,0.581
10352164,LCHAD deficiency,Fatty acid degradation,H00489,hsa00071(N00804),"Inherited metabolic disorder, Mitochondrial disease",A fetal fatty-acid oxidation disorder as a cause of liver disease in pregnant women.,N Engl J Med 340:1723-31 (1999),Fatty acid oxidation,kegg_id_crossref,0.581
18264100,Diaphyseal dysplasia with anemia,Arachidonic acid metabolism,H00490,hsa00590,Congenital malformation,Thromboxane synthase mutations in an increased bone density disorder (Ghosal syndrome).,Nat Genet 40:284-6 (2008),Eicosanoid metabolism,kegg_id_crossref,1.0
20672367,Diaphyseal dysplasia with anemia,Arachidonic acid metabolism,H00490,hsa00590,Congenital malformation,Ghosal hematodiaphyseal dysplasia: a rare cause of a myelophthisic anemia.,Pediatr Blood Cancer 55:1187-90 (2010),Eicosanoid metabolism,kegg_id_crossref,1.0
17401271,Diaphyseal dysplasia with anemia,Arachidonic acid metabolism,H00490,hsa00590,Congenital malformation,Ghosal type hemato-diaphyseal dysplasia: a rare variety of Engelmann's disease.,Indian J Pediatr 74:291-3 (2007),Eicosanoid metabolism,kegg_id_crossref,1.0
12042245,Heparan sulfate proteoglycan gene defects,Glycosaminoglycan biosynthesis - heparan sulfate / heparin,H00493,hsa00534,Congenital malformation,Chondrodysplasias due to proteoglycan defects.,Glycobiology 12:57R-68R (2002),Chondroitin synthesis,kegg_id_crossref,1.0
12975604,Heparan sulfate proteoglycan gene defects,Glycosaminoglycan biosynthesis - heparan sulfate / heparin,H00493,hsa00534,Congenital malformation,Role of perlecan in skeletal development and diseases.,Glycoconj J 19:263-7 (2002),Chondroitin synthesis,kegg_id_crossref,1.0
15831077,Heparan sulfate proteoglycan gene defects,Glycosaminoglycan biosynthesis - heparan sulfate / heparin,H00493,hsa00534,Congenital malformation,Heparan sulfate proteoglycans: key players in cartilage biology.,Crit Rev Eukaryot Gene Expr 15:29-48 (2005),Chondroitin synthesis,kegg_id_crossref,1.0
14566439,Heparan sulfate proteoglycan gene defects,Glycosaminoglycan biosynthesis - heparan sulfate / heparin,H00493,hsa00534,Congenital malformation,Recessive omodysplasia: five new cases and review of the literature.,Pediatr Radiol 34:75-82 (2004),Chondroitin synthesis,kegg_id_crossref,1.0
11279527,Heparan sulfate proteoglycan gene defects,Glycosaminoglycan biosynthesis - heparan sulfate / heparin,H00493,hsa00534,Congenital malformation,"Dyssegmental dysplasia, Silverman-Handmaker type, is caused by functional null mutations of the perlecan gene.",Nat Genet 27:431-4 (2001),Chondroitin synthesis,kegg_id_crossref,1.0
16927315,Heparan sulfate proteoglycan gene defects,Glycosaminoglycan biosynthesis - heparan sulfate / heparin,H00493,hsa00534,Congenital malformation,Spectrum of HSPG2 (Perlecan) mutations in patients with Schwartz-Jampel syndrome.,Hum Mutat 27:1082-91 (2006),Chondroitin synthesis,kegg_id_crossref,1.0
8589713,Heparan sulfate proteoglycan gene defects,Glycosaminoglycan biosynthesis - heparan sulfate / heparin,H00493,hsa00534,Congenital malformation,"Mutations in GPC3, a glypican gene, cause the Simpson-Golabi-Behmel overgrowth syndrome.",Nat Genet 12:241-7 (1996),Chondroitin synthesis,kegg_id_crossref,1.0
19481194,Heparan sulfate proteoglycan gene defects,Glycosaminoglycan biosynthesis - heparan sulfate / heparin,H00493,hsa00534,Congenital malformation,Mutations in the heparan-sulfate proteoglycan glypican 6 (GPC6) impair endochondral ossification and cause recessive omodysplasia.,Am J Hum Genet 84:760-70 (2009),Chondroitin synthesis,kegg_id_crossref,1.0
10679937,Heparan sulfate proteoglycan gene defects,Glycosaminoglycan biosynthesis - heparan sulfate / heparin,H00493,hsa00534,Congenital malformation,Molecular basis of multiple exostoses: mutations in the EXT1 and EXT2 genes.,Hum Mutat 15:220-7 (2000),Chondroitin synthesis,kegg_id_crossref,1.0
7977470,Desbuquois syndrome,Glycosaminoglycan biosynthesis - chondroitin sulfate / dermatan sulfate,H00494,hsa00532(N01574),Congenital malformation,"Desbuquois syndrome: clinical, radiographic, and morphologic characterization.",Am J Med Genet 52:9-18 (1994),Chondroitin synthesis,kegg_id_crossref,1.0
20425819,Desbuquois syndrome,Glycosaminoglycan biosynthesis - chondroitin sulfate / dermatan sulfate,H00494,hsa00532(N01574),Congenital malformation,Mutation of CANT1 causes Desbuquois dysplasia.,Am J Med Genet A 152A:1157-60 (2010),Chondroitin synthesis,kegg_id_crossref,1.0
19853239,Desbuquois syndrome,Glycosaminoglycan biosynthesis - chondroitin sulfate / dermatan sulfate,H00494,hsa00532(N01574),Congenital malformation,Identification of CANT1 mutations in Desbuquois dysplasia.,Am J Hum Genet 85:706-10 (2009),Chondroitin synthesis,kegg_id_crossref,1.0
24581741,Desbuquois syndrome,Glycosaminoglycan biosynthesis - chondroitin sulfate / dermatan sulfate,H00494,hsa00532(N01574),Congenital malformation,XYLT1 mutations in Desbuquois dysplasia type 2.,Am J Hum Genet 94:405-14 (2014),Chondroitin synthesis,kegg_id_crossref,1.0
7977470,Desbuquois syndrome,Glycosaminoglycan biosynthesis - heparan sulfate / heparin,H00494,hsa00534(N01574),Congenital malformation,"Desbuquois syndrome: clinical, radiographic, and morphologic characterization.",Am J Med Genet 52:9-18 (1994),Chondroitin synthesis,kegg_id_crossref,1.0
20425819,Desbuquois syndrome,Glycosaminoglycan biosynthesis - heparan sulfate / heparin,H00494,hsa00534(N01574),Congenital malformation,Mutation of CANT1 causes Desbuquois dysplasia.,Am J Med Genet A 152A:1157-60 (2010),Chondroitin synthesis,kegg_id_crossref,1.0
19853239,Desbuquois syndrome,Glycosaminoglycan biosynthesis - heparan sulfate / heparin,H00494,hsa00534(N01574),Congenital malformation,Identification of CANT1 mutations in Desbuquois dysplasia.,Am J Hum Genet 85:706-10 (2009),Chondroitin synthesis,kegg_id_crossref,1.0
24581741,Desbuquois syndrome,Glycosaminoglycan biosynthesis - heparan sulfate / heparin,H00494,hsa00534(N01574),Congenital malformation,XYLT1 mutations in Desbuquois dysplasia type 2.,Am J Hum Genet 94:405-14 (2014),Chondroitin synthesis,kegg_id_crossref,1.0
16088165,Congenital hemidysplasia with ichthyosiform nevus and limb defects (CHILD),Steroid biosynthesis,H00496,hsa00100,Congenital malformation,CHILD syndrome caused by a deletion of exons 6-8 of the NSDHL gene.,Dermatology 211:155-8 (2005),Cholesterol metabolism,kegg_id_crossref,0.312
10710235,Congenital hemidysplasia with ichthyosiform nevus and limb defects (CHILD),Steroid biosynthesis,H00496,hsa00100,Congenital malformation,"Mutations in the NSDHL gene, encoding a 3beta-hydroxysteroid dehydrogenase, cause CHILD syndrome.",Am J Med Genet 90:339-46 (2000),Cholesterol metabolism,kegg_id_crossref,0.312
18708005,Disorders of mitochondrial fatty-acid oxidation,Fatty acid degradation,H00525,hsa00071(N00765+N00804),Inherited metabolic disorder,Mitochondrial fatty-acid oxidation disorders.,Semin Pediatr Neurol 15:140-9 (2008),Fatty acid oxidation,kegg_id_crossref,0.581
20049534,Disorders of mitochondrial fatty-acid oxidation,Fatty acid degradation,H00525,hsa00071(N00765+N00804),Inherited metabolic disorder,Fatty acid oxidation disorders: outcome and long-term prognosis.,J Inherit Metab Dis 33:501-6 (2010),Fatty acid oxidation,kegg_id_crossref,0.581
20066495,Disorders of mitochondrial fatty-acid oxidation,Fatty acid degradation,H00525,hsa00071(N00765+N00804),Inherited metabolic disorder,Clinical and biochemical monitoring of patients with fatty acid oxidation disorders.,J Inherit Metab Dis 33:495-500 (2010),Fatty acid oxidation,kegg_id_crossref,0.581
17296890,Retinitis pigmentosa,Purine metabolism,H00527,hsa00230,Nervous system disease,Perspective on genes and mutations causing retinitis pigmentosa.,Arch Ophthalmol 125:151-8 (2007),Purine catabolism,kegg_id_crossref,1.0
15563868,Retinitis pigmentosa,Purine metabolism,H00527,hsa00230,Nervous system disease,Gene mutations in retinitis pigmentosa and their clinical implications.,Clin Chim Acta 351:5-16 (2005),Purine catabolism,kegg_id_crossref,1.0
10889272,Retinitis pigmentosa,Purine metabolism,H00527,hsa00230,Nervous system disease,A brief review of retinitis pigmentosa and the identified retinitis pigmentosa genes.,Mol Vis 6:116-24 (2000),Purine catabolism,kegg_id_crossref,1.0
21549338,Retinitis pigmentosa,Purine metabolism,H00527,hsa00230,Nervous system disease,A missense mutation in PRPF6 causes impairment of pre-mRNA splicing and autosomal-dominant retinitis pigmentosa.,Am J Hum Genet 88:643-9 (2011),Purine catabolism,kegg_id_crossref,1.0
19956407,Retinitis pigmentosa,Purine metabolism,H00527,hsa00230,Nervous system disease,Molecular characterization of retinitis pigmentosa in Saudi Arabia.,Mol Vis 15:2464-9 (2009),Purine catabolism,kegg_id_crossref,1.0
19853238,Retinitis pigmentosa,Purine metabolism,H00527,hsa00230,Nervous system disease,"Missense mutations in a retinal pigment epithelium protein, bestrophin-1, cause retinitis pigmentosa.",Am J Hum Genet 85:581-92 (2009),Purine catabolism,kegg_id_crossref,1.0
20451172,Retinitis pigmentosa,Purine metabolism,H00527,hsa00230,Nervous system disease,A splice-site mutation in a retina-specific exon of BBS8 causes nonsyndromic retinitis pigmentosa.,Am J Hum Genet 86:805-12 (2010),Purine catabolism,kegg_id_crossref,1.0
20398884,Retinitis pigmentosa,Purine metabolism,H00527,hsa00230,Nervous system disease,Mutations in C2ORF71 cause autosomal-recessive retinitis pigmentosa.,Am J Hum Genet 86:783-8 (2010),Purine catabolism,kegg_id_crossref,1.0
21295282,Retinitis pigmentosa,Purine metabolism,H00527,hsa00230,Nervous system disease,"A missense mutation in DHDDS, encoding dehydrodolichyl diphosphate synthase, is associated with autosomal-recessive retinitis pigmentosa in Ashkenazi Jews.",Am J Hum Genet 88:207-15 (2011),Purine catabolism,kegg_id_crossref,1.0
21835304,Retinitis pigmentosa,Purine metabolism,H00527,hsa00230,Nervous system disease,"Exome sequencing and cis-regulatory mapping identify mutations in MAK, a gene encoding a regulator of ciliary length, as a cause of retinitis pigmentosa.",Am J Hum Genet 89:253-64 (2011),Purine catabolism,kegg_id_crossref,1.0
25802487,Retinitis pigmentosa,Purine metabolism,H00527,hsa00230,Nervous system disease,Novel C8orf37 mutations cause retinitis pigmentosa in consanguineous families of Pakistani origin.,Mol Vis 21:236-43 (2015),Purine catabolism,kegg_id_crossref,1.0
19074801,Retinitis pigmentosa,Purine metabolism,H00527,hsa00230,Nervous system disease,A homozygous missense mutation in the IRBP gene (RBP3) associated with autosomal recessive retinitis pigmentosa.,Invest Ophthalmol Vis Sci 50:1864-72 (2009),Purine catabolism,kegg_id_crossref,1.0
24043777,Retinitis pigmentosa,Purine metabolism,H00527,hsa00230,Nervous system disease,Whole genome sequencing in patients with retinitis pigmentosa reveals pathogenic DNA structural changes and NEK2 as a new disease gene.,Proc Natl Acad Sci U S A 110:16139-44 (2013),Purine catabolism,kegg_id_crossref,1.0
24670872,Retinitis pigmentosa,Purine metabolism,H00527,hsa00230,Nervous system disease,SLC7A14 linked to autosomal recessive retinitis pigmentosa.,Nat Commun 5:3517 (2014),Purine catabolism,kegg_id_crossref,1.0
25168386,Retinitis pigmentosa,Purine metabolism,H00527,hsa00230,Nervous system disease,Mutations in IFT172 cause isolated retinal degeneration and Bardet-Biedl syndrome.,Hum Mol Genet 24:230-42 (2015),Purine catabolism,kegg_id_crossref,1.0
27889058,Retinitis pigmentosa,Purine metabolism,H00527,hsa00230,Nervous system disease,Mutations in REEP6 Cause Autosomal-Recessive Retinitis Pigmentosa.,Am J Hum Genet 99:1305-1315 (2016),Purine catabolism,kegg_id_crossref,1.0
25541840,Retinitis pigmentosa,Purine metabolism,H00527,hsa00230,Nervous system disease,Association between missense mutations in the BBS2 gene and nonsyndromic retinitis pigmentosa.,JAMA Ophthalmol 133:312-8 (2015),Purine catabolism,kegg_id_crossref,1.0
28132693,Retinitis pigmentosa,Purine metabolism,H00527,hsa00230,Nervous system disease,"Biallelic Mutation of ARHGEF18, Involved in the Determination of Epithelial Apicobasal Polarity, Causes Adult-Onset Retinal Degeneration.",Am J Hum Genet 100:334-342 (2017),Purine catabolism,kegg_id_crossref,1.0
25190649,Retinitis pigmentosa,Purine metabolism,H00527,hsa00230,Nervous system disease,A dominant mutation in hexokinase 1 (HK1) causes retinitis pigmentosa.,Invest Ophthalmol Vis Sci 55:7147-58 (2014),Purine catabolism,kegg_id_crossref,1.0
26968735,Retinitis pigmentosa,Purine metabolism,H00527,hsa00230,Nervous system disease,Nonsyndromic Retinal Dystrophy due to Bi-Allelic Mutations in the Ciliary Transport Gene IFT140.,Invest Ophthalmol Vis Sci 57:1053-62 (2016),Purine catabolism,kegg_id_crossref,1.0
30208423,Retinitis pigmentosa,Purine metabolism,H00527,hsa00230,Nervous system disease,Confirmation of the Role of DHX38 in the Etiology of Early-Onset Retinitis Pigmentosa.,Invest Ophthalmol Vis Sci 59:4552-4557 (2018),Purine catabolism,kegg_id_crossref,1.0
30025130,Retinitis pigmentosa,Purine metabolism,H00527,hsa00230,Nervous system disease,Phenotype Variations Caused by Mutations in the RP1L1 Gene in a Large Mainly German Cohort.,Invest Ophthalmol Vis Sci 59:3041-3052 (2018),Purine catabolism,kegg_id_crossref,1.0
28412069,Retinitis pigmentosa,Purine metabolism,H00527,hsa00230,Nervous system disease,Whole-Exome Sequencing Identifies Biallelic IDH3A Variants as a Cause of Retinitis Pigmentosa Accompanied by Pseudocoloboma.,Ophthalmology 124:992-1003 (2017),Purine catabolism,kegg_id_crossref,1.0
14691150,Retinitis pigmentosa,Purine metabolism,H00527,hsa00230,Nervous system disease,The benign concentric annular macular dystrophy locus maps to 6p12.3-q16.,Invest Ophthalmol Vis Sci 45:30-5 (2004),Purine catabolism,kegg_id_crossref,1.0
30085091,Retinitis pigmentosa,Purine metabolism,H00527,hsa00230,Nervous system disease,Whole-exome sequencing revealed HKDC1 as a candidate gene associated with autosomal-recessive retinitis pigmentosa.,Hum Mol Genet 27:4157-4168 (2018),Purine catabolism,kegg_id_crossref,1.0
30267408,Retinitis pigmentosa,Purine metabolism,H00527,hsa00230,Nervous system disease,Whole exome sequencing resolves complex phenotype and identifies CC2D2A mutations underlying non-syndromic rod-cone dystrophy.,Clin Genet 95:329-333 (2019),Purine catabolism,kegg_id_crossref,1.0
19268277,Retinitis pigmentosa,Purine metabolism,H00527,hsa00230,Nervous system disease,Mutations in SPATA7 cause Leber congenital amaurosis and juvenile retinitis pigmentosa.,Am J Hum Genet 84:380-7 (2009),Purine catabolism,kegg_id_crossref,1.0
30377383,Retinitis pigmentosa,Purine metabolism,H00527,hsa00230,Nervous system disease,Biallelic sequence and structural variants in RAX2 are a novel cause for autosomal recessive inherited retinal disease.,Genet Med 21:1319-1329 (2019),Purine catabolism,kegg_id_crossref,1.0
28549094,Retinitis pigmentosa,Purine metabolism,H00527,hsa00230,Nervous system disease,"A Novel Dominant Mutation in SAG, the Arrestin-1 Gene, Is a Common Cause of Retinitis Pigmentosa in Hispanic Families in the Southwestern United States.",Invest Ophthalmol Vis Sci 58:2774-2784 (2017),Purine catabolism,kegg_id_crossref,1.0
37012052,Retinitis pigmentosa,Purine metabolism,H00527,hsa00230,Nervous system disease,Mutations in VWA8 cause autosomal-dominant retinitis pigmentosa via aberrant mitophagy activation.,J Med Genet jmg-2022-108888 (2023),Purine catabolism,kegg_id_crossref,1.0
39191256,Retinitis pigmentosa,Purine metabolism,H00527,hsa00230,Nervous system disease,Substitution of a single non-coding nucleotide upstream of TMEM216 causes non-syndromic retinitis pigmentosa and is associated with reduced TMEM216  expression.,Am J Hum Genet 111:2012-2030 (2024),Purine catabolism,kegg_id_crossref,1.0
40119724,Retinitis pigmentosa,Purine metabolism,H00527,hsa00230,Nervous system disease,"Identification of IDH3G, encoding the gamma subunit of mitochondrial isocitrate dehydrogenase, as a novel candidate gene for X-linked retinitis pigmentosa.",Genet Med 27:101418 (2025),Purine catabolism,kegg_id_crossref,1.0
37768732,Retinitis pigmentosa,Purine metabolism,H00527,hsa00230,Nervous system disease,TBC1D32 variants disrupt retinal ciliogenesis and cause retinitis pigmentosa.,JCI Insight 8:169426 (2023),Purine catabolism,kegg_id_crossref,1.0
28542676,Retinitis pigmentosa,Purine metabolism,H00527,hsa00230,Nervous system disease,Detailed Clinical Phenotype and Molecular Genetic Findings in CLN3-Associated Isolated Retinal Degeneration.,JAMA Ophthalmol 135:749-760 (2017),Purine catabolism,kegg_id_crossref,1.0
41513982,Retinitis pigmentosa,Purine metabolism,H00527,hsa00230,Nervous system disease,De novo and inherited dominant variants in U4 and U6 snRNA genes cause retinitis pigmentosa.,Nat Genet 58:169-179 (2026),Purine catabolism,kegg_id_crossref,1.0
35246562,Retinitis pigmentosa,Purine metabolism,H00527,hsa00230,Nervous system disease,A comprehensive WGS-based pipeline for the identification of new candidate genes in inherited retinal dystrophies.,NPJ Genom Med 7:17 (2022),Purine catabolism,kegg_id_crossref,1.0
41742423,Retinitis pigmentosa,Purine metabolism,H00527,hsa00230,Nervous system disease,"Loss-of-function variants in SAXO6, encoding a microtubule inner protein of photoreceptor cilia, cause a late-onset retinal dystrophy.",Am J Hum Genet 113:582-599 (2026),Purine catabolism,kegg_id_crossref,1.0
41720099,Retinitis pigmentosa,Purine metabolism,H00527,hsa00230,Nervous system disease,Bi-allelic variants in FSD1L cause retinitis pigmentosa with or without neurological involvement.,Am J Hum Genet 113:616-626 (2026),Purine catabolism,kegg_id_crossref,1.0
11176989,Retinitis pigmentosa,Purine metabolism,H00527,hsa00230,Nervous system disease,"Ocular phenotype of bothnia dystrophy, an autosomal recessive retinitis pigmentosa associated with an R234W mutation in the RLBP1 gene.",Arch Ophthalmol 119:260-7 (2001),Purine catabolism,kegg_id_crossref,1.0
17296890,Retinitis pigmentosa,Retinol metabolism,H00527,hsa00830,Nervous system disease,Perspective on genes and mutations causing retinitis pigmentosa.,Arch Ophthalmol 125:151-8 (2007),Vitamin A metabolism,kegg_id_crossref,0.8
15563868,Retinitis pigmentosa,Retinol metabolism,H00527,hsa00830,Nervous system disease,Gene mutations in retinitis pigmentosa and their clinical implications.,Clin Chim Acta 351:5-16 (2005),Vitamin A metabolism,kegg_id_crossref,0.8
10889272,Retinitis pigmentosa,Retinol metabolism,H00527,hsa00830,Nervous system disease,A brief review of retinitis pigmentosa and the identified retinitis pigmentosa genes.,Mol Vis 6:116-24 (2000),Vitamin A metabolism,kegg_id_crossref,0.8
21549338,Retinitis pigmentosa,Retinol metabolism,H00527,hsa00830,Nervous system disease,A missense mutation in PRPF6 causes impairment of pre-mRNA splicing and autosomal-dominant retinitis pigmentosa.,Am J Hum Genet 88:643-9 (2011),Vitamin A metabolism,kegg_id_crossref,0.8
19956407,Retinitis pigmentosa,Retinol metabolism,H00527,hsa00830,Nervous system disease,Molecular characterization of retinitis pigmentosa in Saudi Arabia.,Mol Vis 15:2464-9 (2009),Vitamin A metabolism,kegg_id_crossref,0.8
19853238,Retinitis pigmentosa,Retinol metabolism,H00527,hsa00830,Nervous system disease,"Missense mutations in a retinal pigment epithelium protein, bestrophin-1, cause retinitis pigmentosa.",Am J Hum Genet 85:581-92 (2009),Vitamin A metabolism,kegg_id_crossref,0.8
20451172,Retinitis pigmentosa,Retinol metabolism,H00527,hsa00830,Nervous system disease,A splice-site mutation in a retina-specific exon of BBS8 causes nonsyndromic retinitis pigmentosa.,Am J Hum Genet 86:805-12 (2010),Vitamin A metabolism,kegg_id_crossref,0.8
20398884,Retinitis pigmentosa,Retinol metabolism,H00527,hsa00830,Nervous system disease,Mutations in C2ORF71 cause autosomal-recessive retinitis pigmentosa.,Am J Hum Genet 86:783-8 (2010),Vitamin A metabolism,kegg_id_crossref,0.8
21295282,Retinitis pigmentosa,Retinol metabolism,H00527,hsa00830,Nervous system disease,"A missense mutation in DHDDS, encoding dehydrodolichyl diphosphate synthase, is associated with autosomal-recessive retinitis pigmentosa in Ashkenazi Jews.",Am J Hum Genet 88:207-15 (2011),Vitamin A metabolism,kegg_id_crossref,0.8
21835304,Retinitis pigmentosa,Retinol metabolism,H00527,hsa00830,Nervous system disease,"Exome sequencing and cis-regulatory mapping identify mutations in MAK, a gene encoding a regulator of ciliary length, as a cause of retinitis pigmentosa.",Am J Hum Genet 89:253-64 (2011),Vitamin A metabolism,kegg_id_crossref,0.8
25802487,Retinitis pigmentosa,Retinol metabolism,H00527,hsa00830,Nervous system disease,Novel C8orf37 mutations cause retinitis pigmentosa in consanguineous families of Pakistani origin.,Mol Vis 21:236-43 (2015),Vitamin A metabolism,kegg_id_crossref,0.8
19074801,Retinitis pigmentosa,Retinol metabolism,H00527,hsa00830,Nervous system disease,A homozygous missense mutation in the IRBP gene (RBP3) associated with autosomal recessive retinitis pigmentosa.,Invest Ophthalmol Vis Sci 50:1864-72 (2009),Vitamin A metabolism,kegg_id_crossref,0.8
24043777,Retinitis pigmentosa,Retinol metabolism,H00527,hsa00830,Nervous system disease,Whole genome sequencing in patients with retinitis pigmentosa reveals pathogenic DNA structural changes and NEK2 as a new disease gene.,Proc Natl Acad Sci U S A 110:16139-44 (2013),Vitamin A metabolism,kegg_id_crossref,0.8
24670872,Retinitis pigmentosa,Retinol metabolism,H00527,hsa00830,Nervous system disease,SLC7A14 linked to autosomal recessive retinitis pigmentosa.,Nat Commun 5:3517 (2014),Vitamin A metabolism,kegg_id_crossref,0.8
25168386,Retinitis pigmentosa,Retinol metabolism,H00527,hsa00830,Nervous system disease,Mutations in IFT172 cause isolated retinal degeneration and Bardet-Biedl syndrome.,Hum Mol Genet 24:230-42 (2015),Vitamin A metabolism,kegg_id_crossref,0.8
27889058,Retinitis pigmentosa,Retinol metabolism,H00527,hsa00830,Nervous system disease,Mutations in REEP6 Cause Autosomal-Recessive Retinitis Pigmentosa.,Am J Hum Genet 99:1305-1315 (2016),Vitamin A metabolism,kegg_id_crossref,0.8
25541840,Retinitis pigmentosa,Retinol metabolism,H00527,hsa00830,Nervous system disease,Association between missense mutations in the BBS2 gene and nonsyndromic retinitis pigmentosa.,JAMA Ophthalmol 133:312-8 (2015),Vitamin A metabolism,kegg_id_crossref,0.8
28132693,Retinitis pigmentosa,Retinol metabolism,H00527,hsa00830,Nervous system disease,"Biallelic Mutation of ARHGEF18, Involved in the Determination of Epithelial Apicobasal Polarity, Causes Adult-Onset Retinal Degeneration.",Am J Hum Genet 100:334-342 (2017),Vitamin A metabolism,kegg_id_crossref,0.8
25190649,Retinitis pigmentosa,Retinol metabolism,H00527,hsa00830,Nervous system disease,A dominant mutation in hexokinase 1 (HK1) causes retinitis pigmentosa.,Invest Ophthalmol Vis Sci 55:7147-58 (2014),Vitamin A metabolism,kegg_id_crossref,0.8
26968735,Retinitis pigmentosa,Retinol metabolism,H00527,hsa00830,Nervous system disease,Nonsyndromic Retinal Dystrophy due to Bi-Allelic Mutations in the Ciliary Transport Gene IFT140.,Invest Ophthalmol Vis Sci 57:1053-62 (2016),Vitamin A metabolism,kegg_id_crossref,0.8
30208423,Retinitis pigmentosa,Retinol metabolism,H00527,hsa00830,Nervous system disease,Confirmation of the Role of DHX38 in the Etiology of Early-Onset Retinitis Pigmentosa.,Invest Ophthalmol Vis Sci 59:4552-4557 (2018),Vitamin A metabolism,kegg_id_crossref,0.8
30025130,Retinitis pigmentosa,Retinol metabolism,H00527,hsa00830,Nervous system disease,Phenotype Variations Caused by Mutations in the RP1L1 Gene in a Large Mainly German Cohort.,Invest Ophthalmol Vis Sci 59:3041-3052 (2018),Vitamin A metabolism,kegg_id_crossref,0.8
28412069,Retinitis pigmentosa,Retinol metabolism,H00527,hsa00830,Nervous system disease,Whole-Exome Sequencing Identifies Biallelic IDH3A Variants as a Cause of Retinitis Pigmentosa Accompanied by Pseudocoloboma.,Ophthalmology 124:992-1003 (2017),Vitamin A metabolism,kegg_id_crossref,0.8
14691150,Retinitis pigmentosa,Retinol metabolism,H00527,hsa00830,Nervous system disease,The benign concentric annular macular dystrophy locus maps to 6p12.3-q16.,Invest Ophthalmol Vis Sci 45:30-5 (2004),Vitamin A metabolism,kegg_id_crossref,0.8
30085091,Retinitis pigmentosa,Retinol metabolism,H00527,hsa00830,Nervous system disease,Whole-exome sequencing revealed HKDC1 as a candidate gene associated with autosomal-recessive retinitis pigmentosa.,Hum Mol Genet 27:4157-4168 (2018),Vitamin A metabolism,kegg_id_crossref,0.8
30267408,Retinitis pigmentosa,Retinol metabolism,H00527,hsa00830,Nervous system disease,Whole exome sequencing resolves complex phenotype and identifies CC2D2A mutations underlying non-syndromic rod-cone dystrophy.,Clin Genet 95:329-333 (2019),Vitamin A metabolism,kegg_id_crossref,0.8
19268277,Retinitis pigmentosa,Retinol metabolism,H00527,hsa00830,Nervous system disease,Mutations in SPATA7 cause Leber congenital amaurosis and juvenile retinitis pigmentosa.,Am J Hum Genet 84:380-7 (2009),Vitamin A metabolism,kegg_id_crossref,0.8
30377383,Retinitis pigmentosa,Retinol metabolism,H00527,hsa00830,Nervous system disease,Biallelic sequence and structural variants in RAX2 are a novel cause for autosomal recessive inherited retinal disease.,Genet Med 21:1319-1329 (2019),Vitamin A metabolism,kegg_id_crossref,0.8
28549094,Retinitis pigmentosa,Retinol metabolism,H00527,hsa00830,Nervous system disease,"A Novel Dominant Mutation in SAG, the Arrestin-1 Gene, Is a Common Cause of Retinitis Pigmentosa in Hispanic Families in the Southwestern United States.",Invest Ophthalmol Vis Sci 58:2774-2784 (2017),Vitamin A metabolism,kegg_id_crossref,0.8
37012052,Retinitis pigmentosa,Retinol metabolism,H00527,hsa00830,Nervous system disease,Mutations in VWA8 cause autosomal-dominant retinitis pigmentosa via aberrant mitophagy activation.,J Med Genet jmg-2022-108888 (2023),Vitamin A metabolism,kegg_id_crossref,0.8
39191256,Retinitis pigmentosa,Retinol metabolism,H00527,hsa00830,Nervous system disease,Substitution of a single non-coding nucleotide upstream of TMEM216 causes non-syndromic retinitis pigmentosa and is associated with reduced TMEM216  expression.,Am J Hum Genet 111:2012-2030 (2024),Vitamin A metabolism,kegg_id_crossref,0.8
40119724,Retinitis pigmentosa,Retinol metabolism,H00527,hsa00830,Nervous system disease,"Identification of IDH3G, encoding the gamma subunit of mitochondrial isocitrate dehydrogenase, as a novel candidate gene for X-linked retinitis pigmentosa.",Genet Med 27:101418 (2025),Vitamin A metabolism,kegg_id_crossref,0.8
37768732,Retinitis pigmentosa,Retinol metabolism,H00527,hsa00830,Nervous system disease,TBC1D32 variants disrupt retinal ciliogenesis and cause retinitis pigmentosa.,JCI Insight 8:169426 (2023),Vitamin A metabolism,kegg_id_crossref,0.8
28542676,Retinitis pigmentosa,Retinol metabolism,H00527,hsa00830,Nervous system disease,Detailed Clinical Phenotype and Molecular Genetic Findings in CLN3-Associated Isolated Retinal Degeneration.,JAMA Ophthalmol 135:749-760 (2017),Vitamin A metabolism,kegg_id_crossref,0.8
41513982,Retinitis pigmentosa,Retinol metabolism,H00527,hsa00830,Nervous system disease,De novo and inherited dominant variants in U4 and U6 snRNA genes cause retinitis pigmentosa.,Nat Genet 58:169-179 (2026),Vitamin A metabolism,kegg_id_crossref,0.8
35246562,Retinitis pigmentosa,Retinol metabolism,H00527,hsa00830,Nervous system disease,A comprehensive WGS-based pipeline for the identification of new candidate genes in inherited retinal dystrophies.,NPJ Genom Med 7:17 (2022),Vitamin A metabolism,kegg_id_crossref,0.8
41742423,Retinitis pigmentosa,Retinol metabolism,H00527,hsa00830,Nervous system disease,"Loss-of-function variants in SAXO6, encoding a microtubule inner protein of photoreceptor cilia, cause a late-onset retinal dystrophy.",Am J Hum Genet 113:582-599 (2026),Vitamin A metabolism,kegg_id_crossref,0.8
41720099,Retinitis pigmentosa,Retinol metabolism,H00527,hsa00830,Nervous system disease,Bi-allelic variants in FSD1L cause retinitis pigmentosa with or without neurological involvement.,Am J Hum Genet 113:616-626 (2026),Vitamin A metabolism,kegg_id_crossref,0.8
11176989,Retinitis pigmentosa,Retinol metabolism,H00527,hsa00830,Nervous system disease,"Ocular phenotype of bothnia dystrophy, an autosomal recessive retinitis pigmentosa associated with an R234W mutation in the RLBP1 gene.",Arch Ophthalmol 119:260-7 (2001),Vitamin A metabolism,kegg_id_crossref,0.8
8211186,Brunner syndrome,Tyrosine metabolism,H00548,hsa00350(N01530+N01550),Inherited metabolic disorder,Abnormal behavior associated with a point mutation in the structural gene for monoamine oxidase A.,Science 262:578-80 (1993),Tyrosine metabolism,kegg_id_crossref,0.941
17295220,Brunner syndrome,Tyrosine metabolism,H00548,hsa00350(N01530+N01550),Inherited metabolic disorder,The importance of stress and genetic variation in human aggression.,Bioessays 29:227-36 (2007),Tyrosine metabolism,kegg_id_crossref,0.941
15630421,Brunner syndrome,Tyrosine metabolism,H00548,hsa00350(N01530+N01550),Inherited metabolic disorder,X-linked mental retardation.,Nat Rev Genet 6:46-57 (2005),Tyrosine metabolism,kegg_id_crossref,0.941
8862875,Brunner syndrome,Tyrosine metabolism,H00548,hsa00350(N01530+N01550),Inherited metabolic disorder,MAOA deficiency and abnormal behaviour: perspectives on an association.,Ciba Found Symp 194:155-64; discussion 164-7 (1996),Tyrosine metabolism,kegg_id_crossref,0.941
8211186,Brunner syndrome,Tryptophan metabolism,H00548,hsa00380(N01551),Inherited metabolic disorder,Abnormal behavior associated with a point mutation in the structural gene for monoamine oxidase A.,Science 262:578-80 (1993),Tryptophan metabolism,kegg_id_crossref,0.955
17295220,Brunner syndrome,Tryptophan metabolism,H00548,hsa00380(N01551),Inherited metabolic disorder,The importance of stress and genetic variation in human aggression.,Bioessays 29:227-36 (2007),Tryptophan metabolism,kegg_id_crossref,0.955
15630421,Brunner syndrome,Tryptophan metabolism,H00548,hsa00380(N01551),Inherited metabolic disorder,X-linked mental retardation.,Nat Rev Genet 6:46-57 (2005),Tryptophan metabolism,kegg_id_crossref,0.955
8862875,Brunner syndrome,Tryptophan metabolism,H00548,hsa00380(N01551),Inherited metabolic disorder,MAOA deficiency and abnormal behaviour: perspectives on an association.,Ciba Found Symp 194:155-64; discussion 164-7 (1996),Tryptophan metabolism,kegg_id_crossref,0.955
15691356,Kabuki syndrome,Lysine degradation,H00570,hsa00310,Congenital malformation,Kabuki syndrome: a review.,Clin Genet 67:209-19 (2005),Lysine metabolism,kegg_id_crossref,0.929
12002156,Kabuki syndrome,Lysine degradation,H00570,hsa00310,Congenital malformation,Kabuki syndrome: a review study of three hundred patients.,Clin Dysmorphol 11:95-102 (2002),Lysine metabolism,kegg_id_crossref,0.929
21882399,Kabuki syndrome,Lysine degradation,H00570,hsa00310,Congenital malformation,Kabuki Syndrome,GeneReviews (1993),Lysine metabolism,kegg_id_crossref,0.929
25972376,Kabuki syndrome,Lysine degradation,H00570,hsa00310,Congenital malformation,"Kabuki syndrome genes KMT2D and KDM6A: functional analyses demonstrate critical roles in craniofacial, heart and brain development.",Hum Mol Genet 24:4443-53 (2015),Lysine metabolism,kegg_id_crossref,0.929
18646567,Nonaka myopathy (NM),Amino sugar and nucleotide sugar metabolism,H00596,hsa00520,Nervous system disease; Musculoskeletal disease,"Perspectives on distal myopathy with rimmed vacuoles or hereditary inclusion body myopathy: contributions from an animal model. Lack of sialic acid, a central determinant in sugar chains, causes myopathy?",Acta Myol 26:171-5 (2007),Nucleotide sugar metabolism,kegg_id_crossref,1.0
17029922,Nonaka myopathy (NM),Amino sugar and nucleotide sugar metabolism,H00596,hsa00520,Nervous system disease; Musculoskeletal disease,Molecular biology of distal muscular dystrophies--sarcomeric proteins on top.,Biochim Biophys Acta 1772:145-58 (2007),Nucleotide sugar metabolism,kegg_id_crossref,1.0
11528398,Nonaka myopathy (NM),Amino sugar and nucleotide sugar metabolism,H00596,hsa00520,Nervous system disease; Musculoskeletal disease,The UDP-N-acetylglucosamine 2-epimerase/N-acetylmannosamine kinase gene is mutated in recessive hereditary inclusion body myopathy.,Nat Genet 29:83-7 (2001),Nucleotide sugar metabolism,kegg_id_crossref,1.0
19206178,Snyder-Robinson syndrome,Arginine and proline metabolism,H00597,hsa00330,Congenital malformation,"A missense mutation, p.V132G, in the X-linked spermine synthase gene (SMS) causes Snyder-Robinson syndrome.",Am J Med Genet A 149A:328-35 (2009),Arginine and proline metabolism,kegg_id_crossref,0.69
20556796,Snyder-Robinson syndrome,Arginine and proline metabolism,H00597,hsa00330,Congenital malformation,Computational analysis of missense mutations causing Snyder-Robinson syndrome.,Hum Mutat 31:1043-9 (2010),Arginine and proline metabolism,kegg_id_crossref,0.69
19859664,Snyder-Robinson syndrome,Arginine and proline metabolism,H00597,hsa00330,Congenital malformation,Spermine synthase.,Cell Mol Life Sci 67:113-21 (2010),Arginine and proline metabolism,kegg_id_crossref,0.69
15630421,Snyder-Robinson syndrome,Arginine and proline metabolism,H00597,hsa00330,Congenital malformation,X-linked mental retardation.,Nat Rev Genet 6:46-57 (2005),Arginine and proline metabolism,kegg_id_crossref,0.69
21404100,Glucocorticoid-remediable aldosteronism (GRA),Steroid hormone biosynthesis,H00602,hsa00140,Endocrine and metabolic disease,Monogenic forms of hypertension.,Eur J Pediatr 171:1433-9 (2012),Steroid metabolism,kegg_id_crossref,1.0
17496764,Glucocorticoid-remediable aldosteronism (GRA),Steroid hormone biosynthesis,H00602,hsa00140,Endocrine and metabolic disease,Advances in genetic hypertension.,Curr Opin Pediatr 19:192-8 (2007),Steroid metabolism,kegg_id_crossref,1.0
17262198,Glucocorticoid-remediable aldosteronism (GRA),Steroid hormone biosynthesis,H00602,hsa00140,Endocrine and metabolic disease,Genetics of arterial hypertension and hypotension.,Naunyn Schmiedebergs Arch Pharmacol 374:429-69 (2007),Steroid metabolism,kegg_id_crossref,1.0
15761539,Glucocorticoid-remediable aldosteronism (GRA),Steroid hormone biosynthesis,H00602,hsa00140,Endocrine and metabolic disease,Glucocorticoid-remediable aldosteronism.,Arq Bras Endocrinol Metabol 48:682-6 (2004),Steroid metabolism,kegg_id_crossref,1.0
11004715,Glucocorticoid-remediable aldosteronism (GRA),Steroid hormone biosynthesis,H00602,hsa00140,Endocrine and metabolic disease,Familial hyperaldosteronism.,Braz J Med Biol Res 33:1149-55 (2000),Steroid metabolism,kegg_id_crossref,1.0
16650073,"Deafness, autosomal recessive",Tyrosine metabolism,H00605,hsa00350(N01918),Nervous system disease,"Non-syndromic, autosomal-recessive deafness.",Clin Genet 69:371-92 (2006),Tyrosine metabolism,kegg_id_crossref,0.941
16446920,"Deafness, autosomal recessive",Tyrosine metabolism,H00605,hsa00350(N01918),Nervous system disease,Molecular genetics of non-syndromic deafness.,Braz J Otorhinolaryngol 71:216-23 (2005),Tyrosine metabolism,kegg_id_crossref,0.941
12324385,"Deafness, autosomal recessive",Tyrosine metabolism,H00605,hsa00350(N01918),Nervous system disease,Hereditary deafness and phenotyping in humans.,Br Med Bull 63:73-94 (2002),Tyrosine metabolism,kegg_id_crossref,0.941
31160754,"Deafness, autosomal recessive",Tyrosine metabolism,H00605,hsa00350(N01918),Nervous system disease,Consensus interpretation of the p.Met34Thr and p.Val37Ile variants in GJB2 by the ClinGen Hearing Loss Expert Panel.,Genet Med 21:2442-2452 (2019),Tyrosine metabolism,kegg_id_crossref,0.941
10587579,"Deafness, autosomal recessive",Tyrosine metabolism,H00605,hsa00350(N01918),Nervous system disease,Mutations in connexin31 underlie recessive as well as dominant non-syndromic hearing loss.,Hum Mol Genet 9:63-7 (2000),Tyrosine metabolism,kegg_id_crossref,0.941
11807148,"Deafness, autosomal recessive",Tyrosine metabolism,H00605,hsa00350(N01918),Nervous system disease,A deletion involving the connexin 30 gene in nonsyndromic hearing impairment.,N Engl J Med 346:243-9 (2002),Tyrosine metabolism,kegg_id_crossref,0.941
9171832,"Deafness, autosomal recessive",Tyrosine metabolism,H00605,hsa00350(N01918),Nervous system disease,Mutations in the myosin VIIA gene cause non-syndromic recessive deafness.,Nat Genet 16:188-90 (1997),Tyrosine metabolism,kegg_id_crossref,0.941
11735029,"Deafness, autosomal recessive",Tyrosine metabolism,H00605,hsa00350(N01918),Nervous system disease,Novel mutations of MYO15A associated with profound deafness in consanguineous families and moderately severe hearing loss in a patient with Smith-Magenis syndrome.,Hum Genet 109:535-41 (2001),Tyrosine metabolism,kegg_id_crossref,0.941
9500541,"Deafness, autosomal recessive",Tyrosine metabolism,H00605,hsa00350(N01918),Nervous system disease,A mutation in PDS causes non-syndromic recessive deafness.,Nat Genet 18:215-7 (1998),Tyrosine metabolism,kegg_id_crossref,0.941
17503324,"Deafness, autosomal recessive",Tyrosine metabolism,H00605,hsa00350(N01918),Nervous system disease,Transcriptional control of SLC26A4 is involved in Pendred syndrome and nonsyndromic enlargement of vestibular aqueduct (DFNB4).,Am J Hum Genet 80:1055-63 (2007),Tyrosine metabolism,kegg_id_crossref,0.941
19426954,"Deafness, autosomal recessive",Tyrosine metabolism,H00605,hsa00350(N01918),Nervous system disease,Mutations of KCNJ10 together with mutations of SLC26A4 cause digenic nonsyndromic hearing loss associated with enlarged vestibular aqueduct syndrome.,Am J Hum Genet 84:651-7 (2009),Tyrosine metabolism,kegg_id_crossref,0.941
12145746,"Deafness, autosomal recessive",Tyrosine metabolism,H00605,hsa00350(N01918),Nervous system disease,"Mutations in a novel gene, TMIE, are associated with hearing loss linked to the DFNB6 locus.",Am J Hum Genet 71:632-6 (2002),Tyrosine metabolism,kegg_id_crossref,0.941
11850618,"Deafness, autosomal recessive",Tyrosine metabolism,H00605,hsa00350(N01918),Nervous system disease,"Dominant and recessive deafness caused by mutations of a novel gene, TMC1, required for cochlear hair-cell function.",Nat Genet 30:277-84 (2002),Tyrosine metabolism,kegg_id_crossref,0.941
11137999,"Deafness, autosomal recessive",Tyrosine metabolism,H00605,hsa00350(N01918),Nervous system disease,Insertion of beta-satellite repeats identifies a transmembrane protease causing both congenital and childhood onset autosomal recessive deafness.,Nat Genet 27:59-63 (2001),Tyrosine metabolism,kegg_id_crossref,0.941
10192385,"Deafness, autosomal recessive",Tyrosine metabolism,H00605,hsa00350(N01918),Nervous system disease,"A mutation in OTOF, encoding otoferlin, a FER-1-like protein, causes DFNB9, a nonsyndromic form of deafness.",Nat Genet 21:363-9 (1999),Tyrosine metabolism,kegg_id_crossref,0.941
11090341,"Deafness, autosomal recessive",Tyrosine metabolism,H00605,hsa00350(N01918),Nervous system disease,Usher syndrome 1D and nonsyndromic autosomal recessive deafness DFNB12 are caused by allelic mutations of the novel cadherin-like gene CDH23.,Am J Hum Genet 68:26-37 (2001),Tyrosine metabolism,kegg_id_crossref,0.941
15829536,"Deafness, autosomal recessive",Tyrosine metabolism,H00605,hsa00350(N01918),Nervous system disease,Modification of human hearing loss by plasma-membrane calcium pump PMCA2.,N Engl J Med 352:1557-64 (2005),Tyrosine metabolism,kegg_id_crossref,0.941
21326233,"Deafness, autosomal recessive",Tyrosine metabolism,H00605,hsa00350(N01918),Nervous system disease,Gipc3 mutations associated with audiogenic seizures and sensorineural hearing loss in mouse and human.,Nat Commun 2:201 (2011),Tyrosine metabolism,kegg_id_crossref,0.941
11687802,"Deafness, autosomal recessive",Tyrosine metabolism,H00605,hsa00350(N01918),Nervous system disease,Mutations in a new gene encoding a protein of the hair bundle cause non-syndromic deafness at the DFNB16 locus.,Nat Genet 29:345-9 (2001),Tyrosine metabolism,kegg_id_crossref,0.941
12136232,"Deafness, autosomal recessive",Tyrosine metabolism,H00605,hsa00350(N01918),Nervous system disease,Mutations in the alternatively spliced exons of USH1C cause non-syndromic recessive deafness.,Hum Genet 111:26-30 (2002),Tyrosine metabolism,kegg_id_crossref,0.941
23122587,"Deafness, autosomal recessive",Tyrosine metabolism,H00605,hsa00350(N01918),Nervous system disease,Mutations of the gene encoding otogelin are a cause of autosomal-recessive nonsyndromic moderate hearing impairment.,Am J Hum Genet 91:883-9 (2012),Tyrosine metabolism,kegg_id_crossref,0.941
9949200,"Deafness, autosomal recessive",Tyrosine metabolism,H00605,hsa00350(N01918),Nervous system disease,"An alpha-tectorin gene defect causes a newly identified autosomal recessive form of sensorineural pre-lingual non-syndromic deafness, DFNB21.",Hum Mol Genet 8:409-12 (1999),Tyrosine metabolism,kegg_id_crossref,0.941
11972037,"Deafness, autosomal recessive",Tyrosine metabolism,H00605,hsa00350(N01918),Nervous system disease,"Otoancorin, an inner ear protein restricted to the interface between the apical surface of sensory epithelia and their overlying acellular gels, is defective in  autosomal recessive deafness DFNB22.",Proc Natl Acad Sci U S A 99:6240-5 (2002),Tyrosine metabolism,kegg_id_crossref,0.941
14570705,"Deafness, autosomal recessive",Tyrosine metabolism,H00605,hsa00350(N01918),Nervous system disease,PCDH15 is expressed in the neurosensory epithelium of the eye and ear and mutant alleles are responsible for both USH1F and DFNB23.,Hum Mol Genet 12:3215-23 (2003),Tyrosine metabolism,kegg_id_crossref,0.941
17226784,"Deafness, autosomal recessive",Tyrosine metabolism,H00605,hsa00350(N01918),Nervous system disease,Mutations of the RDX gene cause nonsyndromic hearing loss at the DFNB24 locus.,Hum Mutat 28:417-23 (2007),Tyrosine metabolism,kegg_id_crossref,0.941
20137778,"Deafness, autosomal recessive",Tyrosine metabolism,H00605,hsa00350(N01918),Nervous system disease,Homozygosity mapping reveals mutations of GRXCR1 as a cause of autosomal-recessive nonsyndromic hearing impairment.,Am J Hum Genet 86:138-47 (2010),Tyrosine metabolism,kegg_id_crossref,0.941
29408807,"Deafness, autosomal recessive",Tyrosine metabolism,H00605,hsa00350(N01918),Nervous system disease,Modifier variant of METTL13 suppresses human GAB1-associated profound deafness.,J Clin Invest 128:1509-1522 (2018),Tyrosine metabolism,kegg_id_crossref,0.941
11101839,"Deafness, autosomal recessive",Tyrosine metabolism,H00605,hsa00350(N01918),Nervous system disease,Dominant modifier DFNM1 suppresses recessive deafness DFNB26.,Nat Genet 26:431-4 (2000),Tyrosine metabolism,kegg_id_crossref,0.941
16385457,"Deafness, autosomal recessive",Tyrosine metabolism,H00605,hsa00350(N01918),Nervous system disease,"Mutations in TRIOBP, which encodes a putative cytoskeletal-organizing protein, are associated with nonsyndromic recessive deafness.",Am J Hum Genet 78:137-43 (2006),Tyrosine metabolism,kegg_id_crossref,0.941
11163249,"Deafness, autosomal recessive",Tyrosine metabolism,H00605,hsa00350(N01918),Nervous system disease,Mutations in the gene encoding tight junction claudin-14 cause autosomal recessive deafness DFNB29.,Cell 104:165-72 (2001),Tyrosine metabolism,kegg_id_crossref,0.941
12032315,"Deafness, autosomal recessive",Tyrosine metabolism,H00605,hsa00350(N01918),Nervous system disease,From flies' eyes to our ears: mutations in a human class III myosin cause progressive nonsyndromic hearing loss DFNB30.,Proc Natl Acad Sci U S A 99:7518-23 (2002),Tyrosine metabolism,kegg_id_crossref,0.941
11973626,"Deafness, autosomal recessive",Tyrosine metabolism,H00605,hsa00350(N01918),Nervous system disease,"DFNB31, a recessive form of sensorineural hearing loss, maps to chromosome 9q32-34.",Eur J Hum Genet 10:210-2 (2002),Tyrosine metabolism,kegg_id_crossref,0.941
27259055,"Deafness, autosomal recessive",Tyrosine metabolism,H00605,hsa00350(N01918),Nervous system disease,"Mutations in CDC14A, Encoding a Protein Phosphatase Involved in Hair Cell Ciliogenesis, Cause Autosomal-Recessive Severe to Profound Deafness.",Am J Hum Genet 98:1266-1270 (2016),Tyrosine metabolism,kegg_id_crossref,0.941
18179891,"Deafness, autosomal recessive",Tyrosine metabolism,H00605,hsa00350(N01918),Nervous system disease,Mutations of ESRRB encoding estrogen-related receptor beta cause autosomal-recessive nonsyndromic hearing impairment DFNB35.,Am J Hum Genet 82:125-38 (2008),Tyrosine metabolism,kegg_id_crossref,0.941
15286153,"Deafness, autosomal recessive",Tyrosine metabolism,H00605,hsa00350(N01918),Nervous system disease,Mutations of ESPN cause autosomal recessive deafness and vestibular dysfunction.,J Med Genet 41:591-5 (2004),Tyrosine metabolism,kegg_id_crossref,0.941
12687499,"Deafness, autosomal recessive",Tyrosine metabolism,H00605,hsa00350(N01918),Nervous system disease,"Mutations of MYO6 are associated with recessive deafness, DFNB37.",Am J Hum Genet 72:1315-22 (2003),Tyrosine metabolism,kegg_id_crossref,0.941
19576567,"Deafness, autosomal recessive",Tyrosine metabolism,H00605,hsa00350(N01918),Nervous system disease,"Noncoding mutations of HGF are associated with nonsyndromic hearing loss, DFNB39.",Am J Hum Genet 85:25-39 (2009),Tyrosine metabolism,kegg_id_crossref,0.941
21255762,"Deafness, autosomal recessive",Tyrosine metabolism,H00605,hsa00350(N01918),Nervous system disease,Loss-of-function mutations of ILDR1 cause autosomal-recessive hearing impairment DFNB42.,Am J Hum Genet 88:127-37 (2011),Tyrosine metabolism,kegg_id_crossref,0.941
24482543,"Deafness, autosomal recessive",Tyrosine metabolism,H00605,hsa00350(N01918),Nervous system disease,Adenylate cyclase 1 (ADCY1) mutations cause recessive hearing impairment in humans and defects in hair cell function and hearing in zebrafish.,Hum Mol Genet 23:3289-98 (2014),Tyrosine metabolism,kegg_id_crossref,0.941
23023331,"Deafness, autosomal recessive",Tyrosine metabolism,H00605,hsa00350(N01918),Nervous system disease,Alterations of the CIB2 calcium- and integrin-binding protein cause Usher syndrome type 1J and nonsyndromic deafness DFNB48.,Nat Genet 44:1265-71 (2012),Tyrosine metabolism,kegg_id_crossref,0.941
17186462,"Deafness, autosomal recessive",Tyrosine metabolism,H00605,hsa00350(N01918),Nervous system disease,Tricellulin is a tight-junction protein necessary for hearing.,Am J Hum Genet 79:1040-51 (2006),Tyrosine metabolism,kegg_id_crossref,0.941
16033917,"Deafness, autosomal recessive",Tyrosine metabolism,H00605,hsa00350(N01918),Nervous system disease,Mutation of COL11A2 causes autosomal recessive non-syndromic hearing loss at the DFNB53 locus.,J Med Genet 42:e61 (2005),Tyrosine metabolism,kegg_id_crossref,0.941
26416264,"Deafness, autosomal recessive",Tyrosine metabolism,H00605,hsa00350(N01918),Nervous system disease,PDZD7 and hearing loss: More than just a modifier.,Am J Med Genet A 167A:2957-65 (2015),Tyrosine metabolism,kegg_id_crossref,0.941
16804542,"Deafness, autosomal recessive",Tyrosine metabolism,H00605,hsa00350(N01918),Nervous system disease,"Mutations in the gene encoding pejvakin, a newly identified protein of the afferent auditory pathway, cause DFNB59 auditory neuropathy.",Nat Genet 38:770-8 (2006),Tyrosine metabolism,kegg_id_crossref,0.941
24164807,"Deafness, autosomal recessive",Tyrosine metabolism,H00605,hsa00350(N01918),Nervous system disease,"Diverse spectrum of rare deafness genes underlies early-childhood hearing loss in Japanese patients: a cross-sectional, multi-center next-generation sequencing study.",Orphanet J Rare Dis 8:172 (2013),Tyrosine metabolism,kegg_id_crossref,0.941
18953341,"Deafness, autosomal recessive",Tyrosine metabolism,H00605,hsa00350(N01918),Nervous system disease,"Mutations of LRTOMT, a fusion gene with alternative reading frames, cause nonsyndromic deafness in humans.",Nat Genet 40:1335-40 (2008),Tyrosine metabolism,kegg_id_crossref,0.941
25601850,"Deafness, autosomal recessive",Tyrosine metabolism,H00605,hsa00350(N01918),Nervous system disease,"A missense mutation in DCDC2 causes human recessive deafness DFNB66, likely by interfering with sensory hair cell and supporting cell cilia length regulation.",Hum Mol Genet 24:2482-91 (2015),Tyrosine metabolism,kegg_id_crossref,0.941
16752389,"Deafness, autosomal recessive",Tyrosine metabolism,H00605,hsa00350(N01918),Nervous system disease,Mutations in the lipoma HMGIC fusion partner-like 5 (LHFPL5) gene cause autosomal recessive nonsyndromic hearing loss.,Hum Mutat 27:633-9 (2006),Tyrosine metabolism,kegg_id_crossref,0.941
26805784,"Deafness, autosomal recessive",Tyrosine metabolism,H00605,hsa00350(N01918),Nervous system disease,Autosomal-Recessive Hearing Impairment Due to Rare Missense Variants within S1PR2.,Am J Hum Genet 98:331-8 (2016),Tyrosine metabolism,kegg_id_crossref,0.941
23084290,"Deafness, autosomal recessive",Tyrosine metabolism,H00605,hsa00350(N01918),Nervous system disease,"A mutation in PNPT1, encoding mitochondrial-RNA-import protein PNPase, causes hereditary hearing loss.",Am J Hum Genet 91:919-27 (2012),Tyrosine metabolism,kegg_id_crossref,0.941
21185009,"Deafness, autosomal recessive",Tyrosine metabolism,H00605,hsa00350(N01918),Nervous system disease,Functional null mutations of MSRB3 encoding methionine sulfoxide reductase are associated with human deafness DFNB74.,Am J Hum Genet 88:19-29 (2011),Tyrosine metabolism,kegg_id_crossref,0.941
23348741,"Deafness, autosomal recessive",Tyrosine metabolism,H00605,hsa00350(N01918),Nervous system disease,The LINC complex is essential for hearing.,J Clin Invest 123:740-50 (2013),Tyrosine metabolism,kegg_id_crossref,0.941
19732867,"Deafness, autosomal recessive",Tyrosine metabolism,H00605,hsa00350(N01918),Nervous system disease,"Mutations in LOXHD1, an evolutionarily conserved stereociliary protein, disrupt hair cell function in mice and cause progressive hearing loss in humans.",Am J Hum Genet 85:328-37 (2009),Tyrosine metabolism,kegg_id_crossref,0.941
20170898,"Deafness, autosomal recessive",Tyrosine metabolism,H00605,hsa00350(N01918),Nervous system disease,Mutations in TPRN cause a progressive form of autosomal-recessive nonsyndromic hearing loss.,Am J Hum Genet 86:479-84 (2010),Tyrosine metabolism,kegg_id_crossref,0.941
20602914,"Deafness, autosomal recessive",Tyrosine metabolism,H00605,hsa00350(N01918),Nervous system disease,Whole exome sequencing and homozygosity mapping identify mutation in the cell polarity protein GPSM2 as the cause of nonsyndromic hearing loss DFNB82.,Am J Hum Genet 87:90-4 (2010),Tyrosine metabolism,kegg_id_crossref,0.941
20346435,"Deafness, autosomal recessive",Tyrosine metabolism,H00605,hsa00350(N01918),Nervous system disease,Mutations in PTPRQ are a cause of autosomal-recessive nonsyndromic hearing impairment DFNB84 and associated with vestibular dysfunction.,Am J Hum Genet 86:604-10 (2010),Tyrosine metabolism,kegg_id_crossref,0.941
23122586,"Deafness, autosomal recessive",Tyrosine metabolism,H00605,hsa00350(N01918),Nervous system disease,"Mutations in OTOGL, encoding the inner ear protein otogelin-like, cause moderate sensorineural hearing loss.",Am J Hum Genet 91:872-82 (2012),Tyrosine metabolism,kegg_id_crossref,0.941
24387994,"Deafness, autosomal recessive",Tyrosine metabolism,H00605,hsa00350(N01918),Nervous system disease,"Mutations in TBC1D24, a gene associated with epilepsy, also cause nonsyndromic deafness DFNB86.",Am J Hum Genet 94:144-52 (2014),Tyrosine metabolism,kegg_id_crossref,0.941
24039609,"Deafness, autosomal recessive",Tyrosine metabolism,H00605,hsa00350(N01918),Nervous system disease,"An alteration in ELMOD3, an Arl2 GTPase-activating protein, is associated with hearing impairment in humans.",PLoS Genet 9:e1003774 (2013),Tyrosine metabolism,kegg_id_crossref,0.941
23768514,"Deafness, autosomal recessive",Tyrosine metabolism,H00605,hsa00350(N01918),Nervous system disease,"Mutations in KARS, encoding lysyl-tRNA synthetase, cause autosomal-recessive nonsyndromic hearing impairment DFNB89.",Am J Hum Genet 93:132-40 (2013),Tyrosine metabolism,kegg_id_crossref,0.941
20451170,"Deafness, autosomal recessive",Tyrosine metabolism,H00605,hsa00350(N01918),Nervous system disease,A truncating mutation in SERPINB6 is associated with autosomal-recessive nonsyndromic sensorineural hearing loss.,Am J Hum Genet 86:797-804 (2010),Tyrosine metabolism,kegg_id_crossref,0.941
22981119,"Deafness, autosomal recessive",Tyrosine metabolism,H00605,hsa00350(N01918),Nervous system disease,"A mutation in CABP2, expressed in cochlear hair cells, causes autosomal-recessive hearing impairment.",Am J Hum Genet 91:636-45 (2012),Tyrosine metabolism,kegg_id_crossref,0.941
25807530,"Deafness, autosomal recessive",Tyrosine metabolism,H00605,hsa00350(N01918),Nervous system disease,"Mutations of human NARS2, encoding the mitochondrial asparaginyl-tRNA synthetase, cause nonsyndromic deafness and Leigh syndrome.",PLoS Genet 11:e1005097 (2015),Tyrosine metabolism,kegg_id_crossref,0.941
25941349,"Deafness, autosomal recessive",Tyrosine metabolism,H00605,hsa00350(N01918),Nervous system disease,"A mutation of MET, encoding hepatocyte growth factor receptor, is associated with human DFNB97 hearing loss.",J Med Genet 52:548-52 (2015),Tyrosine metabolism,kegg_id_crossref,0.941
22678063,"Deafness, autosomal recessive",Tyrosine metabolism,H00605,hsa00350(N01918),Nervous system disease,Defect in the gene encoding the EAR/EPTP domain-containing protein TSPEAR causes DFNB98 profound deafness.,Hum Mol Genet 21:3835-44 (2012),Tyrosine metabolism,kegg_id_crossref,0.941
25331638,"Deafness, autosomal recessive",Tyrosine metabolism,H00605,hsa00350(N01918),Nervous system disease,Whole-exome sequencing identifies a variant in TMEM132E causing autosomal-recessive nonsyndromic hearing loss DFNB99.,Hum Mutat 36:98-105 (2015),Tyrosine metabolism,kegg_id_crossref,0.941
29590114,"Deafness, autosomal recessive",Tyrosine metabolism,H00605,hsa00350(N01918),Nervous system disease,Mutations in Diphosphoinositol-Pentakisphosphate Kinase PPIP5K2 are associated with hearing loss in human and mouse.,PLoS Genet 14:e1007297 (2018),Tyrosine metabolism,kegg_id_crossref,0.941
24619944,"Deafness, autosomal recessive",Tyrosine metabolism,H00605,hsa00350(N01918),Nervous system disease,A frameshift mutation in GRXCR2 causes recessively inherited hearing loss.,Hum Mutat 35:618-24 (2014),Tyrosine metabolism,kegg_id_crossref,0.941
24741995,"Deafness, autosomal recessive",Tyrosine metabolism,H00605,hsa00350(N01918),Nervous system disease,"EPS8, encoding an actin-binding protein of cochlear hair cell stereocilia, is a new causal gene for autosomal recessive profound deafness.",Orphanet J Rare Dis 9:55 (2014),Tyrosine metabolism,kegg_id_crossref,0.941
17021174,"Deafness, autosomal recessive",Tyrosine metabolism,H00605,hsa00350(N01918),Nervous system disease,The chloride intracellular channel protein CLIC5 is expressed at high levels in hair cell stereocilia and is essential for normal inner ear function.,J Neurosci 26:10188-98 (2006),Tyrosine metabolism,kegg_id_crossref,0.941
24958875,"Deafness, autosomal recessive",Tyrosine metabolism,H00605,hsa00350(N01918),Nervous system disease,FAM65B is a membrane-associated protein of hair cell stereocilia required for hearing.,Proc Natl Acad Sci U S A 111:9864-8 (2014),Tyrosine metabolism,kegg_id_crossref,0.941
26282398,"Deafness, autosomal recessive",Tyrosine metabolism,H00605,hsa00350(N01918),Nervous system disease,EPS8L2 is a new causal gene for childhood onset autosomal recessive progressive hearing loss.,Orphanet J Rare Dis 10:96 (2015),Tyrosine metabolism,kegg_id_crossref,0.941
26881968,"Deafness, autosomal recessive",Tyrosine metabolism,H00605,hsa00350(N01918),Nervous system disease,Wbp2 is required for normal glutamatergic synapses in the cochlea and is crucial for hearing.,EMBO Mol Med 8:191-207 (2016),Tyrosine metabolism,kegg_id_crossref,0.941
27162350,"Deafness, autosomal recessive",Tyrosine metabolism,H00605,hsa00350(N01918),Nervous system disease,ROR1 is essential for proper innervation of auditory hair cells and hearing in humans and mice.,Proc Natl Acad Sci U S A 113:5993-8 (2016),Tyrosine metabolism,kegg_id_crossref,0.941
29107558,"Deafness, autosomal recessive",Tyrosine metabolism,H00605,hsa00350(N01918),Nervous system disease,ESRP1 Mutations Cause Hearing Loss due to Defects in Alternative Splicing that Disrupt Cochlear Development.,Dev Cell 43:318-331.e5 (2017),Tyrosine metabolism,kegg_id_crossref,0.941
29449721,"Deafness, autosomal recessive",Tyrosine metabolism,H00605,hsa00350(N01918),Nervous system disease,Bi-allelic inactivating variants in the COCH gene cause autosomal recessive prelingual hearing impairment.,Eur J Hum Genet 26:587-591 (2018),Tyrosine metabolism,kegg_id_crossref,0.941
29961571,"Deafness, autosomal recessive",Tyrosine metabolism,H00605,hsa00350(N01918),Nervous system disease,"MPZL2, Encoding the Epithelial Junctional Protein Myelin Protein Zero-like 2, Is Essential for Hearing in Man and Mouse.",Am J Hum Genet 103:74-88 (2018),Tyrosine metabolism,kegg_id_crossref,0.941
24312468,"Deafness, autosomal recessive",Tyrosine metabolism,H00605,hsa00350(N01918),Nervous system disease,Linkage study and exome sequencing identify a BDP1 mutation associated with hereditary hearing loss.,PLoS One 8:e80323 (2013),Tyrosine metabolism,kegg_id_crossref,0.941
29703829,"Deafness, autosomal recessive",Tyrosine metabolism,H00605,hsa00350(N01918),Nervous system disease,"Old gene, new phenotype: splice-altering variants in CEACAM16 cause recessive non-syndromic hearing impairment.",J Med Genet 55:555-560 (2018),Tyrosine metabolism,kegg_id_crossref,0.941
30610177,"Deafness, autosomal recessive",Tyrosine metabolism,H00605,hsa00350(N01918),Nervous system disease,"Dysfunction of GRAP, encoding the GRB2-related adaptor protein, is linked to sensorineural hearing loss.",Proc Natl Acad Sci U S A 116:1347-1352 (2019),Tyrosine metabolism,kegg_id_crossref,0.941
30973865,"Deafness, autosomal recessive",Tyrosine metabolism,H00605,hsa00350(N01918),Nervous system disease,Mouse screen reveals multiple new genes underlying mouse and human hearing loss.,PLoS Biol 17:e3000194 (2019),Tyrosine metabolism,kegg_id_crossref,0.941
31175426,"Deafness, autosomal recessive",Tyrosine metabolism,H00605,hsa00350(N01918),Nervous system disease,A truncating CLDN9 variant is associated with autosomal recessive nonsyndromic hearing loss.,Hum Genet 138:1071-1075 (2019),Tyrosine metabolism,kegg_id_crossref,0.941
33496845,"Deafness, autosomal recessive",Tyrosine metabolism,H00605,hsa00350(N01918),Nervous system disease,A biallelic variant in CLRN2 causes non-syndromic hearing loss in humans.,Hum Genet 140:915-931 (2021),Tyrosine metabolism,kegg_id_crossref,0.941
34626583,"Deafness, autosomal recessive",Tyrosine metabolism,H00605,hsa00350(N01918),Nervous system disease,"Bi-allelic variants in SPATA5L1 lead to intellectual disability, spastic-dystonic cerebral palsy, epilepsy, and hearing loss.",Am J Hum Genet 108:2006-2016 (2021),Tyrosine metabolism,kegg_id_crossref,0.941
35727972,"Deafness, autosomal recessive",Tyrosine metabolism,H00605,hsa00350(N01918),Nervous system disease,Mutations in MINAR2 encoding membrane integral NOTCH2-associated receptor 2 cause deafness in humans and mice.,Proc Natl Acad Sci U S A 119:e2204084119 (2022),Tyrosine metabolism,kegg_id_crossref,0.941
37814107,"Deafness, autosomal recessive",Tyrosine metabolism,H00605,hsa00350(N01918),Nervous system disease,Novel GPR156 variants confirm its role in moderate sensorineural hearing loss.,Sci Rep 13:17010 (2023),Tyrosine metabolism,kegg_id_crossref,0.941
37943620,"Deafness, autosomal recessive",Tyrosine metabolism,H00605,hsa00350(N01918),Nervous system disease,TMTC4 is a hair cell-specific human deafness gene.,JCI Insight 8:172665 (2023),Tyrosine metabolism,kegg_id_crossref,0.941
36355422,"Deafness, autosomal recessive",Tyrosine metabolism,H00605,hsa00350(N01918),Nervous system disease,Syntaxin 4 is essential for hearing in human and zebrafish.,Hum Mol Genet 32:1184-1192 (2023),Tyrosine metabolism,kegg_id_crossref,0.941
38459354,"Deafness, autosomal recessive",Tyrosine metabolism,H00605,hsa00350(N01918),Nervous system disease,"PKHD1L1, a gene involved in the stereocilia coat, causes autosomal recessive nonsyndromic hearing loss.",Hum Genet 143:311-329 (2024),Tyrosine metabolism,kegg_id_crossref,0.941
33964205,"Deafness, autosomal recessive",Tyrosine metabolism,H00605,hsa00350(N01918),Nervous system disease,Cochlear supporting cells require GAS2 for cytoskeletal architecture and hearing.,Dev Cell 56:1526-1540.e7 (2021),Tyrosine metabolism,kegg_id_crossref,0.941
18279784,"46,XY gonadal dysgenesis",Steroid hormone biosynthesis,H00607,hsa00140,Reproductive system disease,Disorders of sex development: a new definition and classification.,Best Pract Res Clin Endocrinol Metab 22:119-34 (2008),Steroid metabolism,kegg_id_crossref,1.0
25813279,"46,XY gonadal dysgenesis",Steroid hormone biosynthesis,H00607,hsa00140,Reproductive system disease,"Genetic mutations and somatic anomalies in association with 46,XY gonadal dysgenesis.",Fertil Steril 103:1297-304 (2015),Steroid metabolism,kegg_id_crossref,1.0
31745530,"46,XY gonadal dysgenesis",Steroid hormone biosynthesis,H00607,hsa00140,Reproductive system disease,"Next-Generation Sequencing Reveals Novel Genetic Variants (SRY, DMRT1, NR5A1, DHH, DHX37) in Adults With 46,XY DSD.",J Endocr Soc 3:2341-2360 (2019),Steroid metabolism,kegg_id_crossref,1.0
17503084,"46,XY gonadal dysgenesis",Steroid hormone biosynthesis,H00607,hsa00140,Reproductive system disease,Male-to-female sex reversal associated with an approximately 250 kb deletion upstream of NR0B1 (DAX1).,Hum Genet 122:63-70 (2007),Steroid metabolism,kegg_id_crossref,1.0
23918653,"46,XY gonadal dysgenesis",Steroid hormone biosynthesis,H00607,hsa00140,Reproductive system disease,"Screening and familial characterization of copy-number variations in NR5A1 in 46,XY disorders of sex development and premature ovarian failure.",Am J Med Genet A 161A:2487-94 (2013),Steroid metabolism,kegg_id_crossref,1.0
19361780,"46,XY gonadal dysgenesis",Steroid hormone biosynthesis,H00607,hsa00140,Reproductive system disease,"Ovaries and female phenotype in a girl with 46,XY karyotype and mutations in the CBX2 gene.",Am J Hum Genet 84:658-63 (2009),Steroid metabolism,kegg_id_crossref,1.0
21129722,"46,XY gonadal dysgenesis",Steroid hormone biosynthesis,H00607,hsa00140,Reproductive system disease,"Mutations in MAP3K1 cause 46,XY disorders of sex development and implicate a common signal transduction pathway in human testis determination.",Am J Hum Genet 87:898-904 (2010),Steroid metabolism,kegg_id_crossref,1.0
21802064,"46,XY gonadal dysgenesis",Steroid hormone biosynthesis,H00607,hsa00140,Reproductive system disease,Why boys will be boys: two pathways of fetal testicular androgen biosynthesis are needed for male sexual differentiation.,Am J Hum Genet 89:201-18 (2011),Steroid metabolism,kegg_id_crossref,1.0
24549039,"46,XY gonadal dysgenesis",Steroid hormone biosynthesis,H00607,hsa00140,Reproductive system disease,Mutations in the FOG2/ZFPM2 gene are associated with anomalies of human testis determination.,Hum Mol Genet 23:3657-65 (2014),Steroid metabolism,kegg_id_crossref,1.0
22051515,"46,XY gonadal dysgenesis",Steroid hormone biosynthesis,H00607,hsa00140,Reproductive system disease,Disruption of a long distance regulatory region upstream of SOX9 in isolated disorders of sex development.,J Med Genet 48:825-30 (2011),Steroid metabolism,kegg_id_crossref,1.0
9398852,"46,XY gonadal dysgenesis",Steroid hormone biosynthesis,H00607,hsa00140,Reproductive system disease,Donor splice-site mutations in WT1 are responsible for Frasier syndrome.,Nat Genet 17:467-70 (1997),Steroid metabolism,kegg_id_crossref,1.0
18203154,"46,XY gonadal dysgenesis",Steroid hormone biosynthesis,H00607,hsa00140,Reproductive system disease,Denys-Drash syndrome and congenital diaphragmatic hernia: another case with the 1097GA(Arg366His) mutation.,Am J Med Genet A 146A:496-9 (2008),Steroid metabolism,kegg_id_crossref,1.0
18279784,"46,XY disorder of sex development due to testosterone secretion defect",Steroid hormone biosynthesis,H00608,hsa00140(N01541),Reproductive system disease,Disorders of sex development: a new definition and classification.,Best Pract Res Clin Endocrinol Metab 22:119-34 (2008),Steroid metabolism,kegg_id_crossref,1.0
18811725,"46,XY disorder of sex development due to testosterone secretion defect",Steroid hormone biosynthesis,H00608,hsa00140(N01541),Reproductive system disease,"46,XY disorders of sex development (DSD).",Clin Endocrinol (Oxf) 70:173-87 (2009),Steroid metabolism,kegg_id_crossref,1.0
7719343,"46,XY disorder of sex development due to testosterone secretion defect",Steroid hormone biosynthesis,H00608,hsa00140(N01541),Reproductive system disease,Male pseudohermaphroditism due to a homozygous missense mutation of the luteinizing hormone receptor gene.,Nat Genet 9:160-4 (1995),Steroid metabolism,kegg_id_crossref,1.0
8550739,"46,XY disorder of sex development due to testosterone secretion defect",Steroid hormone biosynthesis,H00608,hsa00140(N01541),Reproductive system disease,Molecular genetics and pathophysiology of 17 beta-hydroxysteroid dehydrogenase 3 deficiency.,J Clin Endocrinol Metab 81:130-6 (1996),Steroid metabolism,kegg_id_crossref,1.0
1944596,"46,XY disorder of sex development due to testosterone secretion defect",Steroid hormone biosynthesis,H00608,hsa00140(N01541),Reproductive system disease,Deletion of steroid 5 alpha-reductase 2 gene in male pseudohermaphroditism.,Nature 354:159-61 (1991),Steroid metabolism,kegg_id_crossref,1.0
21671375,Desmosterolosis,Steroid biosynthesis,H00617,hsa00100,Inherited metabolic disorder,Desmosterolosis-phenotypic and molecular characterization of a third case and review of the literature.,Am J Med Genet A 155A:1597-604 (2011),Cholesterol metabolism,kegg_id_crossref,0.312
9450875,Desmosterolosis,Steroid biosynthesis,H00617,hsa00100,Inherited metabolic disorder,Clinical phenotype of desmosterolosis.,Am J Med Genet 75:145-52 (1998),Cholesterol metabolism,kegg_id_crossref,0.312
12457401,Desmosterolosis,Steroid biosynthesis,H00617,hsa00100,Inherited metabolic disorder,Desmosterolosis presenting with multiple congenital anomalies and profound developmental delay.,Am J Med Genet 113:315-9 (2002),Cholesterol metabolism,kegg_id_crossref,0.312
11519011,Desmosterolosis,Steroid biosynthesis,H00617,hsa00100,Inherited metabolic disorder,"Mutations in the 3beta-hydroxysterol Delta24-reductase gene cause desmosterolosis, an autosomal recessive disorder of cholesterol biosynthesis.",Am J Hum Genet 69:685-94 (2001),Cholesterol metabolism,kegg_id_crossref,0.312
28195083,Progressive familial intrahepatic cholestasis,Cholesterol metabolism,H00624,hsa04979,Inherited metabolic disorder,Progressive familial intrahepatic cholestasis: A comprehensive review of a challenging liver disease.,Indian J Pathol Microbiol 60:2-7 (2017),Cholesterol metabolism,name_exact,1.0
27785268,Progressive familial intrahepatic cholestasis,Cholesterol metabolism,H00624,hsa04979,Inherited metabolic disorder,A Comprehensive Review of Progressive Familial Intrahepatic Cholestasis (PFIC): Genetic Disorders of Hepatocanalicular Transporters.,Gastroenterology Res 7:39-43 (2014),Cholesterol metabolism,name_exact,1.0
9500542,Progressive familial intrahepatic cholestasis,Cholesterol metabolism,H00624,hsa04979,Inherited metabolic disorder,A gene encoding a P-type ATPase mutated in two forms of hereditary cholestasis.,Nat Genet 18:219-24 (1998),Cholesterol metabolism,name_exact,1.0
9806540,Progressive familial intrahepatic cholestasis,Cholesterol metabolism,H00624,hsa04979,Inherited metabolic disorder,A gene encoding a liver-specific ABC transporter is mutated in progressive familial intrahepatic cholestasis.,Nat Genet 20:233-8 (1998),Cholesterol metabolism,name_exact,1.0
9419367,Progressive familial intrahepatic cholestasis,Cholesterol metabolism,H00624,hsa04979,Inherited metabolic disorder,Mutations in the MDR3 gene cause progressive familial intrahepatic cholestasis.,Proc Natl Acad Sci U S A 95:282-7 (1998),Cholesterol metabolism,name_exact,1.0
24614073,Progressive familial intrahepatic cholestasis,Cholesterol metabolism,H00624,hsa04979,Inherited metabolic disorder,Mutations in TJP2 cause progressive cholestatic liver disease.,Nat Genet 46:326-8 (2014),Cholesterol metabolism,name_exact,1.0
26888176,Progressive familial intrahepatic cholestasis,Cholesterol metabolism,H00624,hsa04979,Inherited metabolic disorder,Mutations in the nuclear bile acid receptor FXR cause progressive familial intrahepatic cholestasis.,Nat Commun 7:10713 (2016),Cholesterol metabolism,name_exact,1.0
31863603,Progressive familial intrahepatic cholestasis,Cholesterol metabolism,H00624,hsa04979,Inherited metabolic disorder,"Organic Solute Transporter Alpha Deficiency: A Disorder With Cholestasis, Liver Fibrosis, and Congenital Diarrhea.",Hepatology 71:1879-1882 (2020),Cholesterol metabolism,name_exact,1.0
32124521,Progressive familial intrahepatic cholestasis,Cholesterol metabolism,H00624,hsa04979,Inherited metabolic disorder,"Low-GGT intrahepatic cholestasis associated with biallelic USP53 variants: Clinical, histological and ultrastructural characterization.",Liver Int 40:1142-1150 (2020),Cholesterol metabolism,name_exact,1.0
34555379,Progressive familial intrahepatic cholestasis,Cholesterol metabolism,H00624,hsa04979,Inherited metabolic disorder,KIF12 Variants and Disturbed Hepatocyte Polarity in Children with a Phenotypic Spectrum of Cholestatic Liver Disease.,J Pediatr 240:284-291.e9 (2022),Cholesterol metabolism,name_exact,1.0
32737136,Progressive familial intrahepatic cholestasis,Cholesterol metabolism,H00624,hsa04979,Inherited metabolic disorder,"Biallelic loss-of-function ZFYVE19 mutations are associated with congenital hepatic fibrosis, sclerosing cholangiopathy and high-GGT cholestasis.",J Med Genet 58:514-525 (2021),Cholesterol metabolism,name_exact,1.0
27532546,Progressive familial intrahepatic cholestasis,Cholesterol metabolism,H00624,hsa04979,Inherited metabolic disorder,MYO5B mutations cause cholestasis with normal serum gamma-glutamyl transferase activity in children without microvillous inclusion disease.,Hepatology 65:164-173 (2017),Cholesterol metabolism,name_exact,1.0
34585848,Progressive familial intrahepatic cholestasis,Cholesterol metabolism,H00624,hsa04979,Inherited metabolic disorder,A homozygous R148W mutation in Semaphorin 7A causes progressive familial intrahepatic cholestasis.,EMBO Mol Med 13:e14563 (2021),Cholesterol metabolism,name_exact,1.0
31479177,Progressive familial intrahepatic cholestasis,Cholesterol metabolism,H00624,hsa04979,Inherited metabolic disorder,"Novel missense mutation in VPS33B is associated with isolated low gamma-glutamyltransferase cholestasis: Attenuated, incomplete phenotype of  arthrogryposis, renal dysfunction, and cholestasis syndrome.",Hum Mutat 40:2247-2257 (2019),Cholesterol metabolism,name_exact,1.0
39132680,Progressive familial intrahepatic cholestasis,Cholesterol metabolism,H00624,hsa04979,Inherited metabolic disorder,Large-scale genomic investigation of pediatric cholestasis reveals a novel hepatorenal ciliopathy caused by PSKH1 mutations.,Genet Med 26:101231 (2024),Cholesterol metabolism,name_exact,1.0
18577977,Congenital bile acid synthesis defect,Primary bile acid biosynthesis,H00628,hsa00120(N00805),Inherited metabolic disorder,Mechanisms of disease: Inborn errors of bile acid synthesis.,Nat Clin Pract Gastroenterol Hepatol 5:456-68 (2008),Bile acid synthesis,kegg_id_crossref,0.833
15937079,Congenital bile acid synthesis defect,Primary bile acid biosynthesis,H00628,hsa00120(N00805),Inherited metabolic disorder,Genetics of familial intrahepatic cholestasis syndromes.,J Med Genet 42:449-63 (2005),Bile acid synthesis,kegg_id_crossref,0.833
25168382,Congenital bile acid synthesis defect,Primary bile acid biosynthesis,H00628,hsa00120(N00805),Inherited metabolic disorder,A novel bile acid biosynthesis defect due to a deficiency of peroxisomal ABCD3.,Hum Mol Genet 24:361-70 (2015),Bile acid synthesis,kegg_id_crossref,0.833
27884763,Congenital bile acid synthesis defect,Primary bile acid biosynthesis,H00628,hsa00120(N00805),Inherited metabolic disorder,ACOX2 deficiency: An inborn error of bile acid synthesis identified in an adolescent with persistent hypertransaminasemia.,J Hepatol 66:581-588 (2017),Bile acid synthesis,kegg_id_crossref,0.833
20812380,Barth syndrome,Glycerophospholipid metabolism,H00654,hsa00564,Inherited metabolic disorder,Barth syndrome: an X-linked cause of fetal cardiomyopathy and stillbirth.,Prenat Diagn 30:970-6 (2010),Oxidative phosphorylation,kegg_id_crossref,1.0
18273731,Barth syndrome,Glycerophospholipid metabolism,H00654,hsa00564,Inherited metabolic disorder,Primary myopathies and the heart.,Scand Cardiovasc J 42:9-24 (2008),Oxidative phosphorylation,kegg_id_crossref,1.0
19020898,Restrictive dermopathy,Terpenoid backbone biosynthesis,H00663,hsa00900,Congenital malformation,Restrictive dermopathy--a lethal congenital laminopathy. Case report and review of the literature.,Eur J Pediatr 168:1007-12 (2009),Squalene and cholesterol synthesis,kegg_id_crossref,1.0
9217218,Restrictive dermopathy,Terpenoid backbone biosynthesis,H00663,hsa00900,Congenital malformation,Restrictive dermopathy: report and review.,Am J Med Genet 71:179-85 (1997),Squalene and cholesterol synthesis,kegg_id_crossref,1.0
20635340,Restrictive dermopathy,Terpenoid backbone biosynthesis,H00663,hsa00900,Congenital malformation,Restrictive dermopathy and ZMPSTE24 mutations in Mennonites: Evidence for allelic heterogeneity.,Am J Med Genet A 152A:2140-1; author reply 2142 (2010),Squalene and cholesterol synthesis,kegg_id_crossref,1.0
15317753,Restrictive dermopathy,Terpenoid backbone biosynthesis,H00663,hsa00900,Congenital malformation,Lamin A and ZMPSTE24 (FACE-1) defects cause nuclear disorganization and identify restrictive dermopathy as a lethal neonatal laminopathy.,Hum Mol Genet 13:2493-503 (2004),Squalene and cholesterol synthesis,kegg_id_crossref,1.0
10699493,Anemia due to disorders of glycolytic enzymes,Glycolysis / Gluconeogenesis,H00664,hsa00010,Hematologic disease,Deficiencies of glycolytic enzymes as a possible cause of hemolytic anemia.,Biochim Biophys Acta 1474:75-87 (2000),Glycolysis/gluconeogenesis,kegg_id_crossref,0.731
12393545,Anemia due to disorders of glycolytic enzymes,Glycolysis / Gluconeogenesis,H00664,hsa00010,Hematologic disease,HK Utrecht: missense mutation in the active site of human hexokinase associated with hexokinase deficiency and severe nonspherocytic hemolytic anemia.,Blood 101:345-7 (2003),Glycolysis/gluconeogenesis,kegg_id_crossref,0.731
1547346,Anemia due to disorders of glycolytic enzymes,Glycolysis / Gluconeogenesis,H00664,hsa00010,Hematologic disease,A single amino acid substitution (157 Gly----Val) in a phosphoglycerate kinase variant (PGK Shizuoka) associated with chronic hemolysis and myoglobinuria.,Blood 79:1582-5 (1992),Glycolysis/gluconeogenesis,kegg_id_crossref,0.731
7628118,Anemia due to disorders of glycolytic enzymes,Glycolysis / Gluconeogenesis,H00664,hsa00010,Hematologic disease,Triosephosphate isomerase deficiency: biochemical and molecular genetic analysis for prenatal diagnosis.,Clin Genet 47:175-9 (1995),Glycolysis/gluconeogenesis,kegg_id_crossref,0.731
8499925,Anemia due to disorders of glycolytic enzymes,Glycolysis / Gluconeogenesis,H00664,hsa00010,Hematologic disease,DNA sequence abnormalities in human glucose 6-phosphate isomerase deficiency.,Hum Mol Genet 2:327-9 (1993),Glycolysis/gluconeogenesis,kegg_id_crossref,0.731
15054810,Anemia due to disorders of glycolytic enzymes,Glycolysis / Gluconeogenesis,H00664,hsa00010,Hematologic disease,Erythrocytosis due to bisphosphoglycerate mutase deficiency with concurrent glucose-6-phosphate dehydrogenase (G-6-PD) deficiency.,Am J Hematol 75:205-8 (2004),Glycolysis/gluconeogenesis,kegg_id_crossref,0.731
8634459,Anemia due to disorders of glutathione metabolism,Glutathione metabolism,H00668,hsa00480(N00899+N00904+N00905),Hematologic disease,Three cases of hereditary nonspherocytic hemolytic anemia associated with red blood cell glutathione deficiency.,Blood 87:2071-4 (1996),Glutathione metabolism,kegg_id_crossref,1.0
21852236,Anemia due to disorders of glutathione metabolism,Glutathione metabolism,H00668,hsa00480(N00899+N00904+N00905),Hematologic disease,Glutathione Peroxidase-1 Deficiency Augments Proinflammatory Cytokine-induced Redox Signaling and Human Endothelial Cell Activation.,J Biol Chem 286:35407-17 (2011),Glutathione metabolism,kegg_id_crossref,1.0
10515893,Anemia due to disorders of glutathione metabolism,Glutathione metabolism,H00668,hsa00480(N00899+N00904+N00905),Hematologic disease,The molecular basis of a case of gamma-glutamylcysteine synthetase deficiency.,Blood 94:2890-4 (1999),Glutathione metabolism,kegg_id_crossref,1.0
15717202,Anemia due to disorders of glutathione metabolism,Glutathione metabolism,H00668,hsa00480(N00899+N00904+N00905),Hematologic disease,"Genotype, enzyme activity, glutathione level, and clinical phenotype in patients with glutathione synthetase deficiency.",Hum Genet 116:384-9 (2005),Glutathione metabolism,kegg_id_crossref,1.0
17185460,Anemia due to disorders of glutathione metabolism,Glutathione metabolism,H00668,hsa00480(N00899+N00904+N00905),Hematologic disease,Molecular basis of glutathione reductase deficiency in human blood cells.,Blood 109:3560-6 (2007),Glutathione metabolism,kegg_id_crossref,1.0
1646049,Anemia due to disorders of nucleotide metabolism,Purine metabolism,H00674,hsa00230,Hematologic disease,Hereditary erythrocyte adenylate kinase deficiency: a defect of multiple phosphotransferases?,Blood 77:2774-84 (1991),Purine catabolism,kegg_id_crossref,1.0
11369620,Anemia due to disorders of nucleotide metabolism,Purine metabolism,H00674,hsa00230,Hematologic disease,Genetic basis of hemolytic anemia caused by pyrimidine 5' nucleotidase deficiency.,Blood 97:3327-32 (2001),Purine catabolism,kegg_id_crossref,1.0
19291420,Anemia due to disorders of nucleotide metabolism,Purine metabolism,H00674,hsa00230,Hematologic disease,Inborn errors of purine and pyrimidine metabolism.,J Inherit Metab Dis 32:247-63 (2009),Purine catabolism,kegg_id_crossref,1.0
1646049,Anemia due to disorders of nucleotide metabolism,Pyrimidine metabolism,H00674,hsa00240,Hematologic disease,Hereditary erythrocyte adenylate kinase deficiency: a defect of multiple phosphotransferases?,Blood 77:2774-84 (1991),Pyrimidine synthesis,kegg_id_crossref,1.0
11369620,Anemia due to disorders of nucleotide metabolism,Pyrimidine metabolism,H00674,hsa00240,Hematologic disease,Genetic basis of hemolytic anemia caused by pyrimidine 5' nucleotidase deficiency.,Blood 97:3327-32 (2001),Pyrimidine synthesis,kegg_id_crossref,1.0
19291420,Anemia due to disorders of nucleotide metabolism,Pyrimidine metabolism,H00674,hsa00240,Hematologic disease,Inborn errors of purine and pyrimidine metabolism.,J Inherit Metab Dis 32:247-63 (2009),Pyrimidine synthesis,kegg_id_crossref,1.0
21929966,Delayed sleep phase disorder,Tryptophan metabolism,H00689,hsa00380,Nervous system disease,Circadian rhythm sleep disorders.,Dis Mon 57:423-37 (2011),Tryptophan metabolism,kegg_id_crossref,0.955
18845459,Delayed sleep phase disorder,Tryptophan metabolism,H00689,hsa00380,Nervous system disease,A practical approach to circadian rhythm sleep disorders.,Sleep Med Rev 13:47-60 (2009),Tryptophan metabolism,kegg_id_crossref,0.955
12736803,Delayed sleep phase disorder,Tryptophan metabolism,H00689,hsa00380,Nervous system disease,Significant association of the arylalkylamine N-acetyltransferase ( AA-NAT) gene with delayed sleep phase syndrome.,Neurogenetics 4:151-3 (2003),Tryptophan metabolism,kegg_id_crossref,0.955
28388406,Delayed sleep phase disorder,Tryptophan metabolism,H00689,hsa00380,Nervous system disease,Mutation of the Human Circadian Clock Gene CRY1 in Familial Delayed Sleep Phase Disorder.,Cell 169:203-215.e13 (2017),Tryptophan metabolism,kegg_id_crossref,0.955
16722554,Lowe syndrome,Inositol phosphate metabolism,H00692,hsa00562,Inherited metabolic disorder,Lowe syndrome.,Orphanet J Rare Dis 1:16 (2006),Inositol phosphate metabolism,kegg_id_crossref,1.0
21103682,Lowe syndrome,Inositol phosphate metabolism,H00692,hsa00562,Inherited metabolic disorder,Lowe syndrome: report of five cases.,J Bras Nefrol 32:216-22 (2010),Inositol phosphate metabolism,kegg_id_crossref,1.0
9632163,Lowe syndrome,Inositol phosphate metabolism,H00692,hsa00562,Inherited metabolic disorder,Oculocerebrorenal syndrome of Lowe: three mutations in the OCRL1 gene derived from three patients with different phenotypes.,Am J Med Genet 77:348-55 (1998),Inositol phosphate metabolism,kegg_id_crossref,1.0
20946626,Dent disease,Inositol phosphate metabolism,H00694,hsa00562,Urinary system disease,Dent's disease.,Orphanet J Rare Dis 5:28 (2010),Inositol phosphate metabolism,kegg_id_crossref,1.0
15086899,Dent disease,Inositol phosphate metabolism,H00694,hsa00562,Urinary system disease,Evidence for genetic heterogeneity in Dent's disease.,Kidney Int 65:1615-20 (2004),Inositol phosphate metabolism,kegg_id_crossref,1.0
15627218,Dent disease,Inositol phosphate metabolism,H00694,hsa00562,Urinary system disease,Dent Disease with mutations in OCRL1.,Am J Hum Genet 76:260-7 (2005),Inositol phosphate metabolism,kegg_id_crossref,1.0
20181480,Centronuclear myopathy,Inositol phosphate metabolism,H00700,hsa00562,Nervous system disease; Musculoskeletal disease,Centronuclear myopathies: a widening concept.,Neuromuscul Disord 20:223-8 (2010),Inositol phosphate metabolism,kegg_id_crossref,1.0
18817572,Centronuclear myopathy,Inositol phosphate metabolism,H00700,hsa00562,Nervous system disease; Musculoskeletal disease,Centronuclear (myotubular) myopathy.,Orphanet J Rare Dis 3:26 (2008),Inositol phosphate metabolism,kegg_id_crossref,1.0
8640223,Centronuclear myopathy,Inositol phosphate metabolism,H00700,hsa00562,Nervous system disease; Musculoskeletal disease,A gene mutated in X-linked myotubular myopathy defines a new putative tyrosine phosphatase family conserved in yeast.,Nat Genet 13:175-82 (1996),Inositol phosphate metabolism,kegg_id_crossref,1.0
16227997,Centronuclear myopathy,Inositol phosphate metabolism,H00700,hsa00562,Nervous system disease; Musculoskeletal disease,Mutations in dynamin 2 cause dominant centronuclear myopathy.,Nat Genet 37:1207-9 (2005),Inositol phosphate metabolism,kegg_id_crossref,1.0
17676042,Centronuclear myopathy,Inositol phosphate metabolism,H00700,hsa00562,Nervous system disease; Musculoskeletal disease,Mutations in amphiphysin 2 (BIN1) disrupt interaction with dynamin 2 and cause autosomal recessive centronuclear myopathy.,Nat Genet 39:1134-9 (2007),Inositol phosphate metabolism,kegg_id_crossref,1.0
11053684,Centronuclear myopathy,Inositol phosphate metabolism,H00700,hsa00562,Nervous system disease; Musculoskeletal disease,Heterozygous myogenic factor 6 mutation associated with myopathy and severe course of Becker muscular dystrophy.,Neuromuscul Disord 10:572-7 (2000),Inositol phosphate metabolism,kegg_id_crossref,1.0
22818856,Centronuclear myopathy,Inositol phosphate metabolism,H00700,hsa00562,Nervous system disease; Musculoskeletal disease,Dominant mutation of CCDC78 in a unique congenital myopathy with prominent internal nuclei and atypical cores.,Am J Hum Genet 91:365-71 (2012),Inositol phosphate metabolism,kegg_id_crossref,1.0
25087613,Centronuclear myopathy,Inositol phosphate metabolism,H00700,hsa00562,Nervous system disease; Musculoskeletal disease,"SPEG interacts with myotubularin, and its deficiency causes centronuclear myopathy with dilated cardiomyopathy.",Am J Hum Genet 95:218-26 (2014),Inositol phosphate metabolism,kegg_id_crossref,1.0
27816943,Centronuclear myopathy,Inositol phosphate metabolism,H00700,hsa00562,Nervous system disease; Musculoskeletal disease,Recessive mutations in the kinase ZAK cause a congenital myopathy with fibre type disproportion.,Brain 140:37-48 (2017),Inositol phosphate metabolism,kegg_id_crossref,1.0
12807965,Sotos syndrome,Lysine degradation,H00718,hsa00310,Congenital malformation,Spectrum of NSD1 mutations in Sotos and Weaver syndromes.,J Med Genet 40:436-40 (2003),Lysine metabolism,kegg_id_crossref,0.929
12464997,Sotos syndrome,Lysine degradation,H00718,hsa00310,Congenital malformation,NSD1 mutations are the major cause of Sotos syndrome and occur in some cases of Weaver syndrome but are rare in other overgrowth phenotypes.,Am J Hum Genet 72:132-43 (2003),Lysine metabolism,kegg_id_crossref,0.929
14997421,Sotos syndrome,Lysine degradation,H00718,hsa00310,Congenital malformation,Paradoxical NSD1 mutations in Beckwith-Wiedemann syndrome and 11p15 anomalies in Sotos syndrome.,Am J Hum Genet 74:715-20 (2004),Lysine metabolism,kegg_id_crossref,0.929
26927468,Sotos syndrome,Lysine degradation,H00718,hsa00310,Congenital malformation,Malan syndrome (Sotos syndrome 2) in two patients with 19p13.2 deletion encompassing NFIX gene and novel NFIX sequence variant.,Biomed Pap Med Fac Univ Palacky Olomouc Czech Repub 160:161-7 (2016),Lysine metabolism,kegg_id_crossref,0.929
25753423,Sotos syndrome,Lysine degradation,H00718,hsa00310,Congenital malformation,Loss-of-Function Mutation in APC2 Causes Sotos Syndrome Features.,Cell Rep 10:1585-1598 (2015),Lysine metabolism,kegg_id_crossref,0.929
15719488,3-Methylglutaconic aciduria,"Valine, leucine and isoleucine degradation",H00754,hsa00280(N00851),Inherited metabolic disorder,3-Methylglutaconic aciduria: a common biochemical marker in various syndromes with diverse clinical features.,Mol Genet Metab 84:1-3 (2005),"Valine, leucine, and isoleucine metabolism",kegg_id_crossref,0.85
12434311,3-Methylglutaconic aciduria,"Valine, leucine and isoleucine degradation",H00754,hsa00280(N00851),Inherited metabolic disorder,3-Methylglutaconic aciduria type I is caused by mutations in AUH.,Am J Hum Genet 71:1463-6 (2002),"Valine, leucine, and isoleucine metabolism",kegg_id_crossref,0.85
8630491,3-Methylglutaconic aciduria,"Valine, leucine and isoleucine degradation",H00754,hsa00280(N00851),Inherited metabolic disorder,"A novel X-linked gene, G4.5. is responsible for Barth syndrome.",Nat Genet 12:385-9 (1996),"Valine, leucine, and isoleucine metabolism",kegg_id_crossref,0.85
20350831,3-Methylglutaconic aciduria,"Valine, leucine and isoleucine degradation",H00754,hsa00280(N00851),Inherited metabolic disorder,"OPA3, mutated in 3-methylglutaconic aciduria type III, encodes two transcripts targeted primarily to mitochondria.",Mol Genet Metab 100:149-54 (2010),"Valine, leucine, and isoleucine metabolism",kegg_id_crossref,0.85
16055927,3-Methylglutaconic aciduria,"Valine, leucine and isoleucine degradation",H00754,hsa00280(N00851),Inherited metabolic disorder,"Mutation of DNAJC19, a human homologue of yeast inner mitochondrial membrane co-chaperones, causes DCMA syndrome, a novel autosomal recessive Barth syndrome-like condition.",J Med Genet 43:385-93 (2006),"Valine, leucine, and isoleucine metabolism",kegg_id_crossref,0.85
23918762,3-Methylglutaconic aciduria,"Valine, leucine and isoleucine degradation",H00754,hsa00280(N00851),Inherited metabolic disorder,"Infantile mitochondrial hepatopathy is a cardinal feature of MEGDEL syndrome (3-methylglutaconic aciduria type IV with sensorineural deafness, encephalopathy and Leigh-like syndrome) caused by novel mutations in SERAC1.",Am J Med Genet A 161A:2204-15 (2013),"Valine, leucine, and isoleucine metabolism",kegg_id_crossref,0.85
34140661,3-Methylglutaconic aciduria,"Valine, leucine and isoleucine degradation",H00754,hsa00280(N00851),Inherited metabolic disorder,Neutropenia and intellectual disability are hallmarks of biallelic and de novo CLPB deficiency.,Genet Med 23:1705-1714 (2021),"Valine, leucine, and isoleucine metabolism",kegg_id_crossref,0.85
25597510,3-Methylglutaconic aciduria,"Valine, leucine and isoleucine degradation",H00754,hsa00280(N00851),Inherited metabolic disorder,"CLPB mutations cause 3-methylglutaconic aciduria, progressive brain atrophy, intellectual disability, congenital neutropenia, cataracts, movement disorder.",Am J Hum Genet 96:245-57 (2015),"Valine, leucine, and isoleucine metabolism",kegg_id_crossref,0.85
27208207,3-Methylglutaconic aciduria,"Valine, leucine and isoleucine degradation",H00754,hsa00280(N00851),Inherited metabolic disorder,Deficiency of HTRA2/Omi is associated with infantile neurodegeneration and 3-methylglutaconic aciduria.,J Med Genet 53:690-6 (2016),"Valine, leucine, and isoleucine metabolism",kegg_id_crossref,0.85
27573165,3-Methylglutaconic aciduria,"Valine, leucine and isoleucine degradation",H00754,hsa00280(N00851),Inherited metabolic disorder,"Mitochondrial epileptic encephalopathy, 3-methylglutaconic aciduria and variable complex V deficiency associated with TIMM50 mutations.",Clin Genet 91:690-696 (2017),"Valine, leucine, and isoleucine metabolism",kegg_id_crossref,0.85
9714015,"SEMD, Pakistani type",Purine metabolism,H00761,hsa00230,Congenital malformation,"Distinct, autosomal recessive form of spondyloepimetaphyseal dysplasia segregating in an inbred Pakistani kindred.",Am J Med Genet 78:468-73 (1998),Purine catabolism,kegg_id_crossref,1.0
9771708,"SEMD, Pakistani type",Purine metabolism,H00761,hsa00230,Congenital malformation,Mutations in orthologous genes in human spondyloepimetaphyseal dysplasia and the brachymorphic mouse.,Nat Genet 20:157-62 (1998),Purine catabolism,kegg_id_crossref,1.0
22791835,"SEMD, Pakistani type",Purine metabolism,H00761,hsa00230,Congenital malformation,PAPSS2 mutations cause autosomal recessive brachyolmia.,J Med Genet 49:533-8 (2012),Purine catabolism,kegg_id_crossref,1.0
18698629,Spondyloepiphyseal dysplasia with congenital joint dislocations,Glycosaminoglycan biosynthesis - chondroitin sulfate / dermatan sulfate,H00762,hsa00532(N01580),Congenital malformation,"Spondyloepiphyseal dysplasia, Omani type: further definition of the phenotype.",Am J Med Genet A 146A:2376-84 (2008),Chondroitin synthesis,kegg_id_crossref,1.0
15602087,Spondyloepiphyseal dysplasia with congenital joint dislocations,Glycosaminoglycan biosynthesis - chondroitin sulfate / dermatan sulfate,H00762,hsa00532(N01580),Congenital malformation,A new familial case of spondylo-epi-metaphyseal dysplasia with multiple dislocations Hall type (leptodactylic form).,Clin Dysmorphol 14:13-8 (2005),Chondroitin synthesis,kegg_id_crossref,1.0
9678701,Spondyloepiphyseal dysplasia with congenital joint dislocations,Glycosaminoglycan biosynthesis - chondroitin sulfate / dermatan sulfate,H00762,hsa00532(N01580),Congenital malformation,A distinct form of spondyloepimetaphyseal dysplasia with multiple dislocations.,J Med Genet 35:566-72 (1998),Chondroitin synthesis,kegg_id_crossref,1.0
21063731,Autosomal recessive intellectual developmental disorder,Glycosaminoglycan biosynthesis - heparan sulfate / heparin,H00768,hsa00534(N01582),Mental and behavioural disorder,"Autosomal recessive mental retardation: homozygosity mapping identifies 27 single linkage intervals, at least 14 novel loci and several mutation hotspots.",Hum Genet 129:141-8 (2011),Chondroitin synthesis,kegg_id_crossref,1.0
20092579,Autosomal recessive intellectual developmental disorder,Glycosaminoglycan biosynthesis - heparan sulfate / heparin,H00768,hsa00534(N01582),Mental and behavioural disorder,"A mental retardation gene, motopsin/neurotrypsin/prss12, modulates hippocampal function and social interaction.",Eur J Neurosci 30:2368-78 (2009),Chondroitin synthesis,kegg_id_crossref,1.0
17380424,Autosomal recessive intellectual developmental disorder,Glycosaminoglycan biosynthesis - heparan sulfate / heparin,H00768,hsa00534(N01582),Mental and behavioural disorder,Primary function analysis of human mental retardation related gene CRBN.,Mol Biol Rep 35:251-6 (2008),Chondroitin synthesis,kegg_id_crossref,1.0
17714190,Autosomal recessive intellectual developmental disorder,Glycosaminoglycan biosynthesis - heparan sulfate / heparin,H00768,hsa00534(N01582),Mental and behavioural disorder,The mental retardation gene CC2D1A/Freud-1 encodes a long isoform that binds conserved DNA elements to repress gene transcription.,Eur J Neurosci 26:965-74 (2007),Chondroitin synthesis,kegg_id_crossref,1.0
22541559,Autosomal recessive intellectual developmental disorder,Glycosaminoglycan biosynthesis - heparan sulfate / heparin,H00768,hsa00534(N01582),Mental and behavioural disorder,Mutations in NSUN2 cause autosomal-recessive intellectual disability.,Am J Hum Genet 90:847-55 (2012),Chondroitin synthesis,kegg_id_crossref,1.0
17847003,Autosomal recessive intellectual developmental disorder,Glycosaminoglycan biosynthesis - heparan sulfate / heparin,H00768,hsa00534(N01582),Mental and behavioural disorder,A defect in the ionotropic glutamate receptor 6 gene (GRIK2) is associated with autosomal recessive mental retardation.,Am J Hum Genet 81:792-8 (2007),Chondroitin synthesis,kegg_id_crossref,1.0
18452889,Autosomal recessive intellectual developmental disorder,Glycosaminoglycan biosynthesis - heparan sulfate / heparin,H00768,hsa00534(N01582),Mental and behavioural disorder,A defect in the TUSC3 gene is associated with autosomal recessive mental retardation.,Am J Hum Genet 82:1158-64 (2008),Chondroitin synthesis,kegg_id_crossref,1.0
21907012,Autosomal recessive intellectual developmental disorder,Glycosaminoglycan biosynthesis - heparan sulfate / heparin,H00768,hsa00534(N01582),Mental and behavioural disorder,ST3GAL3 mutations impair the development of higher cognitive functions.,Am J Hum Genet 89:407-14 (2011),Chondroitin synthesis,kegg_id_crossref,1.0
20004765,Autosomal recessive intellectual developmental disorder,Glycosaminoglycan biosynthesis - heparan sulfate / heparin,H00768,hsa00534(N01582),Mental and behavioural disorder,"Identification of mutations in TRAPPC9, which encodes the NIK- and IKK-beta-binding protein, in nonsyndromic autosomal-recessive mental retardation.",Am J Hum Genet 85:909-15 (2009),Chondroitin synthesis,kegg_id_crossref,1.0
21212097,Autosomal recessive intellectual developmental disorder,Glycosaminoglycan biosynthesis - heparan sulfate / heparin,H00768,hsa00534(N01582),Mental and behavioural disorder,Exome sequencing reveals a novel mutation for autosomal recessive non-syndromic mental retardation in the TECR gene on chromosome 19p13.,Hum Mol Genet 20:1285-9 (2011),Chondroitin synthesis,kegg_id_crossref,1.0
21763484,Autosomal recessive intellectual developmental disorder,Glycosaminoglycan biosynthesis - heparan sulfate / heparin,H00768,hsa00534(N01582),Mental and behavioural disorder,"Mutations in the alpha 1,2-mannosidase gene, MAN1B1, cause autosomal-recessive intellectual disability.",Am J Hum Genet 89:176-82 (2011),Chondroitin synthesis,kegg_id_crossref,1.0
21868677,Autosomal recessive intellectual developmental disorder,Glycosaminoglycan biosynthesis - heparan sulfate / heparin,H00768,hsa00534(N01582),Mental and behavioural disorder,MED23 mutation links intellectual disability to dysregulation of immediate early gene expression.,Science 333:1161-3 (2011),Chondroitin synthesis,kegg_id_crossref,1.0
21937992,Autosomal recessive intellectual developmental disorder,Glycosaminoglycan biosynthesis - heparan sulfate / heparin,H00768,hsa00534(N01582),Mental and behavioural disorder,Deep sequencing reveals 50 novel genes for recessive cognitive disorders.,Nature 478:57-63 (2011),Chondroitin synthesis,kegg_id_crossref,1.0
22279524,Autosomal recessive intellectual developmental disorder,Glycosaminoglycan biosynthesis - heparan sulfate / heparin,H00768,hsa00534(N01582),Mental and behavioural disorder,Genetic mapping and exome sequencing identify variants associated with five novel diseases.,PLoS One 7:e28936 (2012),Chondroitin synthesis,kegg_id_crossref,1.0
23620220,Autosomal recessive intellectual developmental disorder,Glycosaminoglycan biosynthesis - heparan sulfate / heparin,H00768,hsa00534(N01582),Mental and behavioural disorder,"Mutation in ADAT3, encoding adenosine deaminase acting on transfer RNA, causes intellectual disability and strabismus.",J Med Genet 50:425-30 (2013),Chondroitin synthesis,kegg_id_crossref,1.0
23390136,Autosomal recessive intellectual developmental disorder,Glycosaminoglycan biosynthesis - heparan sulfate / heparin,H00768,hsa00534(N01582),Mental and behavioural disorder,Homozygous and heterozygous disruptions of ANK3: at the crossroads of neurodevelopmental and psychiatric disorders.,Hum Mol Genet 22:1960-70 (2013),Chondroitin synthesis,kegg_id_crossref,1.0
23243086,Autosomal recessive intellectual developmental disorder,Glycosaminoglycan biosynthesis - heparan sulfate / heparin,H00768,hsa00534(N01582),Mental and behavioural disorder,Mutation of HERC2 causes developmental delay with Angelman-like features.,J Med Genet 50:65-73 (2013),Chondroitin synthesis,kegg_id_crossref,1.0
24239382,Autosomal recessive intellectual developmental disorder,Glycosaminoglycan biosynthesis - heparan sulfate / heparin,H00768,hsa00534(N01582),Mental and behavioural disorder,"Mutations in KPTN cause macrocephaly, neurodevelopmental delay, and seizures.",Am J Hum Genet 94:87-94 (2014),Chondroitin synthesis,kegg_id_crossref,1.0
24784135,Autosomal recessive intellectual developmental disorder,Glycosaminoglycan biosynthesis - heparan sulfate / heparin,H00768,hsa00534(N01582),Mental and behavioural disorder,Null mutation in PGAP1 impairing Gpi-anchor maturation in patients with intellectual disability and encephalopathy.,PLoS Genet 10:e1004320 (2014),Chondroitin synthesis,kegg_id_crossref,1.0
21498477,Autosomal recessive intellectual developmental disorder,Glycosaminoglycan biosynthesis - heparan sulfate / heparin,H00768,hsa00534(N01582),Mental and behavioural disorder,Identification of a novel candidate gene for non-syndromic autosomal recessive intellectual disability: the WASH complex member SWIP.,Hum Mol Genet 20:2585-90 (2011),Chondroitin synthesis,kegg_id_crossref,1.0
24626631,Autosomal recessive intellectual developmental disorder,Glycosaminoglycan biosynthesis - heparan sulfate / heparin,H00768,hsa00534(N01582),Mental and behavioural disorder,Disruption of the methyltransferase-like 23 gene METTL23 causes mild autosomal recessive intellectual disability.,Hum Mol Genet 23:4015-23 (2014),Chondroitin synthesis,kegg_id_crossref,1.0
24623383,Autosomal recessive intellectual developmental disorder,Glycosaminoglycan biosynthesis - heparan sulfate / heparin,H00768,hsa00534(N01582),Mental and behavioural disorder,Truncation of the E3 ubiquitin ligase component FBXO31 causes non-syndromic autosomal recessive intellectual disability in a Pakistani family.,Hum Genet 133:975-84 (2014),Chondroitin synthesis,kegg_id_crossref,1.0
25125150,Autosomal recessive intellectual developmental disorder,Glycosaminoglycan biosynthesis - heparan sulfate / heparin,H00768,hsa00534(N01582),Mental and behavioural disorder,NDST1 missense mutations in autosomal recessive intellectual disability.,Am J Med Genet A 164A:2753-63 (2014),Chondroitin synthesis,kegg_id_crossref,1.0
25480035,Autosomal recessive intellectual developmental disorder,Glycosaminoglycan biosynthesis - heparan sulfate / heparin,H00768,hsa00534(N01582),Mental and behavioural disorder,"Biallelic truncating mutations in FMN2, encoding the actin-regulatory protein Formin 2, cause nonsyndromic autosomal-recessive intellectual disability.",Am J Hum Genet 95:721-8 (2014),Chondroitin synthesis,kegg_id_crossref,1.0
25704603,Autosomal recessive intellectual developmental disorder,Glycosaminoglycan biosynthesis - heparan sulfate / heparin,H00768,hsa00534(N01582),Mental and behavioural disorder,"Homozygous SLC6A17 mutations cause autosomal-recessive intellectual disability with progressive tremor, speech impairment, and behavioral problems.",Am J Hum Genet 96:386-96 (2015),Chondroitin synthesis,kegg_id_crossref,1.0
27601654,Autosomal recessive intellectual developmental disorder,Glycosaminoglycan biosynthesis - heparan sulfate / heparin,H00768,hsa00534(N01582),Mental and behavioural disorder,Mutations in mitochondrial enzyme GPT2 cause metabolic dysfunction and neurological disease with developmental and progressive features.,Proc Natl Acad Sci U S A 113:E5598-607 (2016),Chondroitin synthesis,kegg_id_crossref,1.0
25701870,Autosomal recessive intellectual developmental disorder,Glycosaminoglycan biosynthesis - heparan sulfate / heparin,H00768,hsa00534(N01582),Mental and behavioural disorder,Mutations in DCPS and EDC3 in autosomal recessive intellectual disability indicate a crucial role for mRNA decapping in neurodevelopment.,Hum Mol Genet 24:3172-80 (2015),Chondroitin synthesis,kegg_id_crossref,1.0
26206890,Autosomal recessive intellectual developmental disorder,Glycosaminoglycan biosynthesis - heparan sulfate / heparin,H00768,hsa00534(N01582),Mental and behavioural disorder,"Mutations in the histamine N-methyltransferase gene, HNMT, are associated with nonsyndromic autosomal recessive intellectual disability.",Hum Mol Genet 24:5697-710 (2015),Chondroitin synthesis,kegg_id_crossref,1.0
26566883,Autosomal recessive intellectual developmental disorder,Glycosaminoglycan biosynthesis - heparan sulfate / heparin,H00768,hsa00534(N01582),Mental and behavioural disorder,Homozygous missense mutation in the LMAN2L gene segregates with intellectual disability in a large consanguineous Pakistani family.,J Med Genet 53:138-44 (2016),Chondroitin synthesis,kegg_id_crossref,1.0
26996948,Autosomal recessive intellectual developmental disorder,Glycosaminoglycan biosynthesis - heparan sulfate / heparin,H00768,hsa00534(N01582),Mental and behavioural disorder,Pathogenic Variants in PIGG Cause Intellectual Disability with Seizures and Hypotonia.,Am J Hum Genet 98:615-26 (2016),Chondroitin synthesis,kegg_id_crossref,1.0
27106596,Autosomal recessive intellectual developmental disorder,Glycosaminoglycan biosynthesis - heparan sulfate / heparin,H00768,hsa00534(N01582),Mental and behavioural disorder,A null mutation in TNIK defines a novel locus for intellectual disability.,Hum Genet 135:773-8 (2016),Chondroitin synthesis,kegg_id_crossref,1.0
27055666,Autosomal recessive intellectual developmental disorder,Glycosaminoglycan biosynthesis - heparan sulfate / heparin,H00768,hsa00534(N01582),Mental and behavioural disorder,A homozygous truncating mutation in PUS3 expands the role of tRNA modification in normal cognition.,Hum Genet 135:707-13 (2016),Chondroitin synthesis,kegg_id_crossref,1.0
21734151,Autosomal recessive intellectual developmental disorder,Glycosaminoglycan biosynthesis - heparan sulfate / heparin,H00768,hsa00534(N01582),Mental and behavioural disorder,"Mutation of the conserved polyadenosine RNA binding protein, ZC3H14/dNab2, impairs neural function in Drosophila and humans.",Proc Natl Acad Sci U S A 108:12390-5 (2011),Chondroitin synthesis,kegg_id_crossref,1.0
27616480,Autosomal recessive intellectual developmental disorder,Glycosaminoglycan biosynthesis - heparan sulfate / heparin,H00768,hsa00534(N01582),Mental and behavioural disorder,"Mutations in MBOAT7, Encoding Lysophosphatidylinositol Acyltransferase I, Lead to Intellectual Disability Accompanied by Epilepsy and Autistic Features.",Am J Hum Genet 99:912-916 (2016),Chondroitin synthesis,kegg_id_crossref,1.0
26416544,Autosomal recessive intellectual developmental disorder,Glycosaminoglycan biosynthesis - heparan sulfate / heparin,H00768,hsa00534(N01582),Mental and behavioural disorder,A homozygous loss-of-function mutation in inositol monophosphatase 1 (IMPA1) causes severe intellectual disability.,Mol Psychiatry 21:1125-9 (2016),Chondroitin synthesis,kegg_id_crossref,1.0
28257693,Autosomal recessive intellectual developmental disorder,Glycosaminoglycan biosynthesis - heparan sulfate / heparin,H00768,hsa00534(N01582),Mental and behavioural disorder,Hypomorphic Pathogenic Variants in TAF13 Are Associated with Autosomal-Recessive Intellectual Disability and Microcephaly.,Am J Hum Genet 100:555-561 (2017),Chondroitin synthesis,kegg_id_crossref,1.0
27612186,Autosomal recessive intellectual developmental disorder,Glycosaminoglycan biosynthesis - heparan sulfate / heparin,H00768,hsa00534(N01582),Mental and behavioural disorder,Loss-of-function mutation in RUSC2 causes intellectual disability and secondary microcephaly.,Dev Med Child Neurol 58:1317-1322 (2016),Chondroitin synthesis,kegg_id_crossref,1.0
27694521,Autosomal recessive intellectual developmental disorder,Glycosaminoglycan biosynthesis - heparan sulfate / heparin,H00768,hsa00534(N01582),Mental and behavioural disorder,Mutations in the phosphatidylinositol glycan C (PIGC) gene are associated with epilepsy and intellectual disability.,J Med Genet 54:196-201 (2017),Chondroitin synthesis,kegg_id_crossref,1.0
29784083,Autosomal recessive intellectual developmental disorder,Glycosaminoglycan biosynthesis - heparan sulfate / heparin,H00768,hsa00534(N01582),Mental and behavioural disorder,"A homozygous loss-of-function CAMK2A mutation causes growth delay, frequent seizures and severe intellectual disability.",Elife 7:e32451 (2018),Chondroitin synthesis,kegg_id_crossref,1.0
28837161,Autosomal recessive intellectual developmental disorder,Glycosaminoglycan biosynthesis - heparan sulfate / heparin,H00768,hsa00534(N01582),Mental and behavioural disorder,"Biallelic variants in LINGO1 are associated with autosomal recessive intellectual disability, microcephaly, speech and motor delay.",Genet Med 20:778-784 (2018),Chondroitin synthesis,kegg_id_crossref,1.0
29276005,Autosomal recessive intellectual developmental disorder,Glycosaminoglycan biosynthesis - heparan sulfate / heparin,H00768,hsa00534(N01582),Mental and behavioural disorder,Histone Lysine Methylases and Demethylases in the Landscape of Human Developmental Disorders.,Am J Hum Genet 102:175-187 (2018),Chondroitin synthesis,kegg_id_crossref,1.0
27311568,Autosomal recessive intellectual developmental disorder,Glycosaminoglycan biosynthesis - heparan sulfate / heparin,H00768,hsa00534(N01582),Mental and behavioural disorder,Identification of C12orf4 as a gene for autosomal recessive intellectual disability.,Clin Genet 91:100-105 (2017),Chondroitin synthesis,kegg_id_crossref,1.0
30409806,Autosomal recessive intellectual developmental disorder,Glycosaminoglycan biosynthesis - heparan sulfate / heparin,H00768,hsa00534(N01582),Mental and behavioural disorder,Quantifying the contribution of recessive coding variation to developmental disorders.,Science 362:1161-1164 (2018),Chondroitin synthesis,kegg_id_crossref,1.0
29893856,Autosomal recessive intellectual developmental disorder,Glycosaminoglycan biosynthesis - heparan sulfate / heparin,H00768,hsa00534(N01582),Mental and behavioural disorder,Biallelic missense variants in ZBTB11 can cause intellectual disability in humans.,Hum Mol Genet 27:3177-3188 (2018),Chondroitin synthesis,kegg_id_crossref,1.0
28640246,Autosomal recessive intellectual developmental disorder,Glycosaminoglycan biosynthesis - heparan sulfate / heparin,H00768,hsa00534(N01582),Mental and behavioural disorder,GWAS signals revisited using human knockouts.,Genet Med 20:64-68 (2018),Chondroitin synthesis,kegg_id_crossref,1.0
31079898,Autosomal recessive intellectual developmental disorder,Glycosaminoglycan biosynthesis - heparan sulfate / heparin,H00768,hsa00534(N01582),Mental and behavioural disorder,Recessive Truncating Mutations in ALKBH8 Cause Intellectual Disability and Severe Impairment of Wobble Uridine Modification.,Am J Hum Genet 104:1202-1209 (2019),Chondroitin synthesis,kegg_id_crossref,1.0
31564433,Autosomal recessive intellectual developmental disorder,Glycosaminoglycan biosynthesis - heparan sulfate / heparin,H00768,hsa00534(N01582),Mental and behavioural disorder,Bi-allelic Variants in METTL5 Cause Autosomal-Recessive Intellectual Disability and Microcephaly.,Am J Hum Genet 105:869-878 (2019),Chondroitin synthesis,kegg_id_crossref,1.0
34230638,Autosomal recessive intellectual developmental disorder,Glycosaminoglycan biosynthesis - heparan sulfate / heparin,H00768,hsa00534(N01582),Mental and behavioural disorder,"Missense NAA20 variants impairing the NatB protein N-terminal acetyltransferase cause autosomal recessive developmental delay, intellectual disability, and microcephaly.",Genet Med 23:2213-2218 (2021),Chondroitin synthesis,kegg_id_crossref,1.0
25753423,Autosomal recessive intellectual developmental disorder,Glycosaminoglycan biosynthesis - heparan sulfate / heparin,H00768,hsa00534(N01582),Mental and behavioural disorder,Loss-of-Function Mutation in APC2 Causes Sotos Syndrome Features.,Cell Rep 10:1585-1598 (2015),Chondroitin synthesis,kegg_id_crossref,1.0
28397838,Autosomal recessive intellectual developmental disorder,Glycosaminoglycan biosynthesis - heparan sulfate / heparin,H00768,hsa00534(N01582),Mental and behavioural disorder,Mapping autosomal recessive intellectual disability: combined microarray and exome sequencing identifies 26 novel candidate genes in 192 consanguineous  families.,Mol Psychiatry 23:973-984 (2018),Chondroitin synthesis,kegg_id_crossref,1.0
35675825,Autosomal recessive intellectual developmental disorder,Glycosaminoglycan biosynthesis - heparan sulfate / heparin,H00768,hsa00534(N01582),Mental and behavioural disorder,Identification and functional evaluation of GRIA1 missense and truncation variants in individuals with ID: An emerging neurodevelopmental syndrome.,Am J Hum Genet 109:1217-1241 (2022),Chondroitin synthesis,kegg_id_crossref,1.0
34196201,Autosomal recessive intellectual developmental disorder,Glycosaminoglycan biosynthesis - heparan sulfate / heparin,H00768,hsa00534(N01582),Mental and behavioural disorder,CEP104 and CEP290; Genes with Ciliary Functions Cause Intellectual Disability in Multiple Families.,Arch Iran Med 24:364-373 (2021),Chondroitin synthesis,kegg_id_crossref,1.0
34413497,Autosomal recessive intellectual developmental disorder,Glycosaminoglycan biosynthesis - heparan sulfate / heparin,H00768,hsa00534(N01582),Mental and behavioural disorder,Biallelic loss-of-function variants in WDR11 are associated with microcephaly and intellectual disability.,Eur J Hum Genet 29:1663-1668 (2021),Chondroitin synthesis,kegg_id_crossref,1.0
34494102,Autosomal recessive intellectual developmental disorder,Glycosaminoglycan biosynthesis - heparan sulfate / heparin,H00768,hsa00534(N01582),Mental and behavioural disorder,"Pathogenic variants in nucleoporin TPR (translocated promoter region, nuclear basket protein) cause severe intellectual disability in humans.",Hum Mol Genet 31:362-375 (2022),Chondroitin synthesis,kegg_id_crossref,1.0
37880421,Autosomal recessive intellectual developmental disorder,Glycosaminoglycan biosynthesis - heparan sulfate / heparin,H00768,hsa00534(N01582),Mental and behavioural disorder,Bi-allelic truncating variants in CASP2 underlie a neurodevelopmental disorder with lissencephaly.,Eur J Hum Genet 32:52-60 (2024),Chondroitin synthesis,kegg_id_crossref,1.0
35047834,Autosomal recessive intellectual developmental disorder,Glycosaminoglycan biosynthesis - heparan sulfate / heparin,H00768,hsa00534(N01582),Mental and behavioural disorder,Discovery of a neuromuscular syndrome caused by biallelic variants in ASCC3.,HGG Adv 2:100024 (2021),Chondroitin synthesis,kegg_id_crossref,1.0
37226891,Autosomal recessive intellectual developmental disorder,Glycosaminoglycan biosynthesis - heparan sulfate / heparin,H00768,hsa00534(N01582),Mental and behavioural disorder,Biallelic variants in NSUN6 cause an autosomal recessive neurodevelopmental disorder.,Genet Med 25:100900 (2023),Chondroitin synthesis,kegg_id_crossref,1.0
39824192,Autosomal recessive intellectual developmental disorder,Glycosaminoglycan biosynthesis - heparan sulfate / heparin,H00768,hsa00534(N01582),Mental and behavioural disorder,"Bi-allelic KICS2 mutations impair KICSTOR complex-mediated mTORC1 regulation, causing intellectual disability and epilepsy.",Am J Hum Genet 112:374-393 (2025),Chondroitin synthesis,kegg_id_crossref,1.0
37833060,Autosomal recessive intellectual developmental disorder,Glycosaminoglycan biosynthesis - heparan sulfate / heparin,H00768,hsa00534(N01582),Mental and behavioural disorder,Intellectual disability syndrome associated with a homozygous founder variant in SGSM3 in Ashkenazi Jews.,J Med Genet 61:289-293 (2024),Chondroitin synthesis,kegg_id_crossref,1.0
41260215,Autosomal recessive intellectual developmental disorder,Glycosaminoglycan biosynthesis - heparan sulfate / heparin,H00768,hsa00534(N01582),Mental and behavioural disorder,Bi-allelic PRMT9 loss-of-function variants cause a syndromic form of intellectual disability.,Am J Hum Genet 112:2943-2960 (2025),Chondroitin synthesis,kegg_id_crossref,1.0
21470988,Aromatase excess syndrome,Steroid hormone biosynthesis,H00794,hsa00140(N01540),Endocrine and metabolic disease,Aromatase excess syndrome: identification of cryptic duplications and deletions leading to gain of function of CYP19A1 and assessment of phenotypic determinants.,J Clin Endocrinol Metab 96:E1035-43 (2011),Steroid metabolism,kegg_id_crossref,1.0
17584767,Aromatase excess syndrome,Steroid hormone biosynthesis,H00794,hsa00140(N01540),Endocrine and metabolic disease,Regional rearrangements in chromosome 15q21 cause formation of cryptic promoters for the CYP19 (aromatase) gene.,Hum Mol Genet 16:2529-41 (2007),Steroid metabolism,kegg_id_crossref,1.0
12736278,Aromatase excess syndrome,Steroid hormone biosynthesis,H00794,hsa00140(N01540),Endocrine and metabolic disease,Estrogen excess associated with novel gain-of-function mutations affecting the aromatase gene.,N Engl J Med 348:1855-65 (2003),Steroid metabolism,kegg_id_crossref,1.0
12761039,Multiple cutaneous and uterine leiomyomata,Citrate cycle (TCA cycle),H00804,hsa00020,Neoplasm,"Genetic and functional analyses of FH mutations in multiple cutaneous and uterine leiomyomatosis, hereditary leiomyomatosis and renal cancer, and fumarate hydratase deficiency.",Hum Mol Genet 12:1241-52 (2003),Citric acid cycle,kegg_id_crossref,0.588
17768033,Multiple cutaneous and uterine leiomyomata,Citrate cycle (TCA cycle),H00804,hsa00020,Neoplasm,Novel mutation in a fumalate hydratase gene of a Japanese patient with multiple cutaneous and uterine leiomyomatosis.,J Dermatol Sci 48:151-3 (2007),Citric acid cycle,kegg_id_crossref,0.588
21051878,Multiple cutaneous and uterine leiomyomata,Citrate cycle (TCA cycle),H00804,hsa00020,Neoplasm,A novel missense mutation in fumarate hydratase in an Italian patient with a diffuse variant of cutaneous leiomyomatosis (Reed's syndrome).,Dermatology 221:378-80 (2010),Citric acid cycle,kegg_id_crossref,0.588
12789571,Stargardt disease,Fatty acid elongation,H00819,hsa00062,Nervous system disease,"The gene for Stargardt disease, ABCA4, is a major retinal gene: a mini-review.",Ophthalmic Genet 24:75-80 (2003),Fatty acid oxidation,kegg_id_crossref,0.645
9054934,Stargardt disease,Fatty acid elongation,H00819,hsa00062,Nervous system disease,A photoreceptor cell-specific ATP-binding transporter gene (ABCR) is mutated in recessive Stargardt macular dystrophy.,Nat Genet 15:236-46 (1997),Fatty acid oxidation,kegg_id_crossref,0.645
11138005,Stargardt disease,Fatty acid elongation,H00819,hsa00062,Nervous system disease,A 5-bp deletion in ELOVL4 is associated with two related forms of autosomal dominant macular dystrophy.,Nat Genet 27:89-93 (2001),Fatty acid oxidation,kegg_id_crossref,0.645
20393116,Stargardt disease,Fatty acid elongation,H00819,hsa00062,Nervous system disease,"The PROM1 mutation p.R373C causes an autosomal dominant bull's eye maculopathy associated with rod, rod-cone, and macular dystrophy.",Invest Ophthalmol Vis Sci 51:4771-80 (2010),Fatty acid oxidation,kegg_id_crossref,0.645
37628710,Stargardt disease,Fatty acid elongation,H00819,hsa00062,Nervous system disease,A Splicing Variant in RDH8 Is Associated with Autosomal Recessive Stargardt Macular Dystrophy.,Genes (Basel) 14:1659 (2023),Fatty acid oxidation,kegg_id_crossref,0.645
12789571,Stargardt disease,Biosynthesis of unsaturated fatty acids,H00819,hsa01040,Nervous system disease,"The gene for Stargardt disease, ABCA4, is a major retinal gene: a mini-review.",Ophthalmic Genet 24:75-80 (2003),Fatty acid synthesis,kegg_id_crossref,1.0
9054934,Stargardt disease,Biosynthesis of unsaturated fatty acids,H00819,hsa01040,Nervous system disease,A photoreceptor cell-specific ATP-binding transporter gene (ABCR) is mutated in recessive Stargardt macular dystrophy.,Nat Genet 15:236-46 (1997),Fatty acid synthesis,kegg_id_crossref,1.0
11138005,Stargardt disease,Biosynthesis of unsaturated fatty acids,H00819,hsa01040,Nervous system disease,A 5-bp deletion in ELOVL4 is associated with two related forms of autosomal dominant macular dystrophy.,Nat Genet 27:89-93 (2001),Fatty acid synthesis,kegg_id_crossref,1.0
20393116,Stargardt disease,Biosynthesis of unsaturated fatty acids,H00819,hsa01040,Nervous system disease,"The PROM1 mutation p.R373C causes an autosomal dominant bull's eye maculopathy associated with rod, rod-cone, and macular dystrophy.",Invest Ophthalmol Vis Sci 51:4771-80 (2010),Fatty acid synthesis,kegg_id_crossref,1.0
37628710,Stargardt disease,Biosynthesis of unsaturated fatty acids,H00819,hsa01040,Nervous system disease,A Splicing Variant in RDH8 Is Associated with Autosomal Recessive Stargardt Macular Dystrophy.,Genes (Basel) 14:1659 (2023),Fatty acid synthesis,kegg_id_crossref,1.0
21288095,Calcification of joints and arteries,Purine metabolism,H00824,hsa00230,Cardiovascular disease,NT5E mutations and arterial calcifications.,N Engl J Med 364:432-42 (2011),Purine catabolism,kegg_id_crossref,1.0
21288095,Calcification of joints and arteries,Pyrimidine metabolism,H00824,hsa00240,Cardiovascular disease,NT5E mutations and arterial calcifications.,N Engl J Med 364:432-42 (2011),Pyrimidine synthesis,kegg_id_crossref,1.0
21288095,Calcification of joints and arteries,Nicotinate and nicotinamide metabolism,H00824,hsa00760,Cardiovascular disease,NT5E mutations and arterial calcifications.,N Engl J Med 364:432-42 (2011),NAD metabolism,kegg_id_crossref,1.0
19373677,Familial flecked retina syndrome,Retinol metabolism,H00825,hsa00830,Nervous system disease,Flecked-retina syndromes.,Ophthalmic Genet 30:69-75 (2009),Vitamin A metabolism,kegg_id_crossref,0.8
11913893,Familial flecked retina syndrome,Retinol metabolism,H00825,hsa00830,Nervous system disease,Symptomatic abnormalities of dark adaptation in patients with EFEMP1 retinal dystrophy (Malattia Leventinese/Doyne honeycomb retinal dystrophy).,Eye (Lond) 16:7-15 (2002),Vitamin A metabolism,kegg_id_crossref,0.8
14767656,Familial flecked retina syndrome,Retinol metabolism,H00825,hsa00830,Nervous system disease,A case of sectorial benign flecked retina.,Jpn J Ophthalmol 48:72-4 (2004),Vitamin A metabolism,kegg_id_crossref,0.8
8485575,Familial flecked retina syndrome,Retinol metabolism,H00825,hsa00830,Nervous system disease,A null mutation in the human peripherin/RDS gene in a family with autosomal dominant retinitis punctata albescens.,Nat Genet 3:208-12 (1993),Vitamin A metabolism,kegg_id_crossref,0.8
10102299,Familial flecked retina syndrome,Retinol metabolism,H00825,hsa00830,Nervous system disease,Recessive mutations in the RLBP1 gene encoding cellular retinaldehyde-binding protein in a form of retinitis punctata albescens.,Invest Ophthalmol Vis Sci 40:1000-4 (1999),Vitamin A metabolism,kegg_id_crossref,0.8
22027213,Core neuroacanthocytosis syndromes,Pantothenate and CoA biosynthesis,H00832,hsa00770,Nervous system disease,Neuroacanthocytosis syndromes.,Orphanet J Rare Dis 6:68 (2011),CoA synthesis,kegg_id_crossref,0.857
18567359,Core neuroacanthocytosis syndromes,Pantothenate and CoA biosynthesis,H00832,hsa00770,Nervous system disease,[Neuroacanthocytosis update].,Brain Nerve 60:635-41 (2008),CoA synthesis,kegg_id_crossref,0.857
21550835,Neurodegeneration with brain iron accumulation,Pantothenate and CoA biosynthesis,H00833,hsa00770,Nervous system disease,Ferritin as an important player in neurodegeneration.,Parkinsonism Relat Disord 17:423-30 (2011),CoA synthesis,kegg_id_crossref,0.857
21480873,Neurodegeneration with brain iron accumulation,Pantothenate and CoA biosynthesis,H00833,hsa00770,Nervous system disease,Childhood disorders of neurodegeneration with brain iron accumulation (NBIA).,Dev Med Child Neurol 53:394-404 (2011),CoA synthesis,kegg_id_crossref,0.857
20882425,Neurodegeneration with brain iron accumulation,Pantothenate and CoA biosynthesis,H00833,hsa00770,Nervous system disease,'Eye-of-the-tiger' sign and classic pantothenate kinase associated neurodegeneration.,Indian J Pediatr 78:121-2 (2011),CoA synthesis,kegg_id_crossref,0.857
11479594,Neurodegeneration with brain iron accumulation,Pantothenate and CoA biosynthesis,H00833,hsa00770,Nervous system disease,A novel pantothenate kinase gene (PANK2) is defective in Hallervorden-Spatz syndrome.,Nat Genet 28:345-9 (2001),CoA synthesis,kegg_id_crossref,0.857
16783378,Neurodegeneration with brain iron accumulation,Pantothenate and CoA biosynthesis,H00833,hsa00770,Nervous system disease,"PLA2G6, encoding a phospholipase A2, is mutated in neurodegenerative disorders with high brain iron.",Nat Genet 38:752-4 (2006),CoA synthesis,kegg_id_crossref,0.857
15099026,Neurodegeneration with brain iron accumulation,Pantothenate and CoA biosynthesis,H00833,hsa00770,Nervous system disease,Intracellular ferritin accumulation in neural and extraneural tissue characterizes a neurodegenerative disease associated with a mutation in the ferritin light polypeptide gene.,J Neuropathol Exp Neurol 63:363-80 (2004),CoA synthesis,kegg_id_crossref,0.857
23269600,Neurodegeneration with brain iron accumulation,Pantothenate and CoA biosynthesis,H00833,hsa00770,Nervous system disease,"New NBIA subtype: genetic, clinical, pathologic, and radiographic features of MPAN.",Neurology 80:268-75 (2013),CoA synthesis,kegg_id_crossref,0.857
23176820,Neurodegeneration with brain iron accumulation,Pantothenate and CoA biosynthesis,H00833,hsa00770,Nervous system disease,"Exome sequencing reveals de novo WDR45 mutations causing a phenotypically distinct, X-linked dominant form of NBIA.",Am J Hum Genet 91:1144-9 (2012),CoA synthesis,kegg_id_crossref,0.857
24360804,Neurodegeneration with brain iron accumulation,Pantothenate and CoA biosynthesis,H00833,hsa00770,Nervous system disease,Exome sequence reveals mutations in CoA synthase as a cause of neurodegeneration with brain iron accumulation.,Am J Hum Genet 94:11-22 (2014),CoA synthesis,kegg_id_crossref,0.857
29395073,Neurodegeneration with brain iron accumulation,Pantothenate and CoA biosynthesis,H00833,hsa00770,Nervous system disease,Impaired Transferrin Receptor Palmitoylation and Recycling in Neurodegeneration with Brain Iron Accumulation.,Am J Hum Genet 102:266-277 (2018),CoA synthesis,kegg_id_crossref,0.857
37660254,Neurodegeneration with brain iron accumulation,Pantothenate and CoA biosynthesis,H00833,hsa00770,Nervous system disease,Heterozygous Nonsense Variants in the Ferritin Heavy Chain Gene FTH1 Cause a Neuroferritinopathy.,HGG Adv 4:100236 (2023),CoA synthesis,kegg_id_crossref,0.857
18708003,Guanidinoacetate methyltransferase deficiency,"Glycine, serine and threonine metabolism",H00834,hsa00260,Inherited metabolic disorder,Inherited metabolic diseases in neurodevelopmental and neurobehavioral disorders.,Semin Pediatr Neurol 15:127-31 (2008),"Glycine, serine, alanine, and threonine metabolism",kegg_id_crossref,0.929
19289269,Guanidinoacetate methyltransferase deficiency,"Glycine, serine and threonine metabolism",H00834,hsa00260,Inherited metabolic disorder,Guanidinoacetate methyltransferase deficiency (GAMT).,Brain Dev 32:79-81 (2010),"Glycine, serine, alanine, and threonine metabolism",kegg_id_crossref,0.929
18708003,Guanidinoacetate methyltransferase deficiency,Arginine and proline metabolism,H00834,hsa00330,Inherited metabolic disorder,Inherited metabolic diseases in neurodevelopmental and neurobehavioral disorders.,Semin Pediatr Neurol 15:127-31 (2008),Arginine and proline metabolism,kegg_id_crossref,0.69
19289269,Guanidinoacetate methyltransferase deficiency,Arginine and proline metabolism,H00834,hsa00330,Inherited metabolic disorder,Guanidinoacetate methyltransferase deficiency (GAMT).,Brain Dev 32:79-81 (2010),Arginine and proline metabolism,kegg_id_crossref,0.69
18708003,Succinic semialdehyde dehydrogenase deficiency,"Alanine, aspartate and glutamate metabolism",H00835,hsa00250,Inherited metabolic disorder,Inherited metabolic diseases in neurodevelopmental and neurobehavioral disorders.,Semin Pediatr Neurol 15:127-31 (2008),Alanine and aspartate metabolism,kegg_id_crossref,0.923
19172412,Succinic semialdehyde dehydrogenase deficiency,"Alanine, aspartate and glutamate metabolism",H00835,hsa00250,Inherited metabolic disorder,Succinic semialdehyde dehydrogenase deficiency: lessons from mice and men.,J Inherit Metab Dis 32:343-52 (2009),Alanine and aspartate metabolism,kegg_id_crossref,0.923
9683595,Succinic semialdehyde dehydrogenase deficiency,"Alanine, aspartate and glutamate metabolism",H00835,hsa00250,Inherited metabolic disorder,Two exon-skipping mutations as the molecular basis of succinic semialdehyde dehydrogenase deficiency (4-hydroxybutyric aciduria).,Am J Hum Genet 63:399-408 (1998),Alanine and aspartate metabolism,kegg_id_crossref,0.923
18708003,Succinic semialdehyde dehydrogenase deficiency,Butanoate metabolism,H00835,hsa00650,Inherited metabolic disorder,Inherited metabolic diseases in neurodevelopmental and neurobehavioral disorders.,Semin Pediatr Neurol 15:127-31 (2008),Butanoate metabolism,kegg_id_crossref,1.0
19172412,Succinic semialdehyde dehydrogenase deficiency,Butanoate metabolism,H00835,hsa00650,Inherited metabolic disorder,Succinic semialdehyde dehydrogenase deficiency: lessons from mice and men.,J Inherit Metab Dis 32:343-52 (2009),Butanoate metabolism,kegg_id_crossref,1.0
9683595,Succinic semialdehyde dehydrogenase deficiency,Butanoate metabolism,H00835,hsa00650,Inherited metabolic disorder,Two exon-skipping mutations as the molecular basis of succinic semialdehyde dehydrogenase deficiency (4-hydroxybutyric aciduria).,Am J Hum Genet 63:399-408 (1998),Butanoate metabolism,kegg_id_crossref,1.0
21705775,Leber congenital amaurosis,Retinol metabolism,H00837,hsa00830,Nervous system disease,Republished review: Gene therapy for ocular diseases.,Postgrad Med J 87:487-95 (2011),Vitamin A metabolism,kegg_id_crossref,0.8
20301475,Leber congenital amaurosis,Retinol metabolism,H00837,hsa00830,Nervous system disease,Leber Congenital Amaurosis,GeneReviews (1993),Vitamin A metabolism,kegg_id_crossref,0.8
20399883,Leber congenital amaurosis,Retinol metabolism,H00837,hsa00830,Nervous system disease,Leber congenital amaurosis due to RPE65 mutations and its treatment with gene therapy.,Prog Retin Eye Res 29:398-427 (2010),Vitamin A metabolism,kegg_id_crossref,0.8
22842230,Leber congenital amaurosis,Retinol metabolism,H00837,hsa00830,Nervous system disease,Mutations in NMNAT1 cause Leber congenital amaurosis and identify a new disease pathway for retinal degeneration.,Nat Genet 44:1035-9 (2012),Vitamin A metabolism,kegg_id_crossref,0.8
22570351,Leber congenital amaurosis,Retinol metabolism,H00837,hsa00830,Nervous system disease,Early onset retinal dystrophy due to mutations in LRAT: molecular analysis and detailed phenotypic study.,Invest Ophthalmol Vis Sci 53:3927-38 (2012),Vitamin A metabolism,kegg_id_crossref,0.8
17962469,Leber congenital amaurosis,Retinol metabolism,H00837,hsa00830,Nervous system disease,Novel TULP1 mutation causing leber congenital amaurosis or early onset retinal degeneration.,Invest Ophthalmol Vis Sci 48:5160-7 (2007),Vitamin A metabolism,kegg_id_crossref,0.8
21763485,Leber congenital amaurosis,Retinol metabolism,H00837,hsa00830,Nervous system disease,"Recessive mutations in KCNJ13, encoding an inwardly rectifying potassium channel subunit, cause leber congenital amaurosis.",Am J Hum Genet 89:183-90 (2011),Vitamin A metabolism,kegg_id_crossref,0.8
30573563,Leber congenital amaurosis,Retinol metabolism,H00837,hsa00830,Nervous system disease,"Biallelic mutations in USP45, encoding a deubiquitinating enzyme, are associated with Leber congenital amaurosis.",J Med Genet 56:325-331 (2019),Vitamin A metabolism,kegg_id_crossref,0.8
29198720,Leber congenital amaurosis,Retinol metabolism,H00837,hsa00830,Nervous system disease,Mutations in TUBB4B Cause a Distinctive Sensorineural Disease.,Am J Hum Genet 101:1006-1012 (2017),Vitamin A metabolism,kegg_id_crossref,0.8
23307924,Leber congenital amaurosis,Retinol metabolism,H00837,hsa00830,Nervous system disease,Contribution of growth differentiation factor 6-dependent cell survival to early-onset retinal dystrophies.,Hum Mol Genet 22:1432-42 (2013),Vitamin A metabolism,kegg_id_crossref,0.8
23847139,Leber congenital amaurosis,Retinol metabolism,H00837,hsa00830,Nervous system disease,Comprehensive molecular diagnosis of 179 Leber congenital amaurosis and juvenile retinitis pigmentosa patients by targeted next generation sequencing.,J Med Genet 50:674-88 (2013),Vitamin A metabolism,kegg_id_crossref,0.8
21705775,Leber congenital amaurosis,Purine metabolism,H00837,hsa00230,Nervous system disease,Republished review: Gene therapy for ocular diseases.,Postgrad Med J 87:487-95 (2011),Purine catabolism,kegg_id_crossref,1.0
20301475,Leber congenital amaurosis,Purine metabolism,H00837,hsa00230,Nervous system disease,Leber Congenital Amaurosis,GeneReviews (1993),Purine catabolism,kegg_id_crossref,1.0
20399883,Leber congenital amaurosis,Purine metabolism,H00837,hsa00230,Nervous system disease,Leber congenital amaurosis due to RPE65 mutations and its treatment with gene therapy.,Prog Retin Eye Res 29:398-427 (2010),Purine catabolism,kegg_id_crossref,1.0
22842230,Leber congenital amaurosis,Purine metabolism,H00837,hsa00230,Nervous system disease,Mutations in NMNAT1 cause Leber congenital amaurosis and identify a new disease pathway for retinal degeneration.,Nat Genet 44:1035-9 (2012),Purine catabolism,kegg_id_crossref,1.0
22570351,Leber congenital amaurosis,Purine metabolism,H00837,hsa00230,Nervous system disease,Early onset retinal dystrophy due to mutations in LRAT: molecular analysis and detailed phenotypic study.,Invest Ophthalmol Vis Sci 53:3927-38 (2012),Purine catabolism,kegg_id_crossref,1.0
17962469,Leber congenital amaurosis,Purine metabolism,H00837,hsa00230,Nervous system disease,Novel TULP1 mutation causing leber congenital amaurosis or early onset retinal degeneration.,Invest Ophthalmol Vis Sci 48:5160-7 (2007),Purine catabolism,kegg_id_crossref,1.0
21763485,Leber congenital amaurosis,Purine metabolism,H00837,hsa00230,Nervous system disease,"Recessive mutations in KCNJ13, encoding an inwardly rectifying potassium channel subunit, cause leber congenital amaurosis.",Am J Hum Genet 89:183-90 (2011),Purine catabolism,kegg_id_crossref,1.0
30573563,Leber congenital amaurosis,Purine metabolism,H00837,hsa00230,Nervous system disease,"Biallelic mutations in USP45, encoding a deubiquitinating enzyme, are associated with Leber congenital amaurosis.",J Med Genet 56:325-331 (2019),Purine catabolism,kegg_id_crossref,1.0
29198720,Leber congenital amaurosis,Purine metabolism,H00837,hsa00230,Nervous system disease,Mutations in TUBB4B Cause a Distinctive Sensorineural Disease.,Am J Hum Genet 101:1006-1012 (2017),Purine catabolism,kegg_id_crossref,1.0
23307924,Leber congenital amaurosis,Purine metabolism,H00837,hsa00230,Nervous system disease,Contribution of growth differentiation factor 6-dependent cell survival to early-onset retinal dystrophies.,Hum Mol Genet 22:1432-42 (2013),Purine catabolism,kegg_id_crossref,1.0
23847139,Leber congenital amaurosis,Purine metabolism,H00837,hsa00230,Nervous system disease,Comprehensive molecular diagnosis of 179 Leber congenital amaurosis and juvenile retinitis pigmentosa patients by targeted next generation sequencing.,J Med Genet 50:674-88 (2013),Purine catabolism,kegg_id_crossref,1.0
19879361,Cerebral creatine deficiency syndrome,"Glycine, serine and threonine metabolism",H00849,hsa00260,Inherited metabolic disorder,"Dissociation of AGAT, GAMT and SLC6A8 in CNS: relevance to creatine deficiency syndromes.",Neurobiol Dis 37:423-33 (2010),"Glycine, serine, alanine, and threonine metabolism",kegg_id_crossref,0.929
20301745,Cerebral creatine deficiency syndrome,"Glycine, serine and threonine metabolism",H00849,hsa00260,Inherited metabolic disorder,Creatine Deficiency Syndromes,GeneReviews (1993),"Glycine, serine, alanine, and threonine metabolism",kegg_id_crossref,0.929
11326334,Cerebral creatine deficiency syndrome,"Glycine, serine and threonine metabolism",H00849,hsa00260,Inherited metabolic disorder,X-linked creatine-transporter gene (SLC6A8) defect: a new creatine-deficiency syndrome.,Am J Hum Genet 68:1497-500 (2001),"Glycine, serine, alanine, and threonine metabolism",kegg_id_crossref,0.929
8651275,Cerebral creatine deficiency syndrome,"Glycine, serine and threonine metabolism",H00849,hsa00260,Inherited metabolic disorder,Guanidinoacetate methyltransferase deficiency: the first inborn error of creatine metabolism in man.,Am J Hum Genet 58:914-22 (1996),"Glycine, serine, alanine, and threonine metabolism",kegg_id_crossref,0.929
11555793,Cerebral creatine deficiency syndrome,"Glycine, serine and threonine metabolism",H00849,hsa00260,Inherited metabolic disorder,Arginine:glycine amidinotransferase deficiency: the third inborn error of creatine metabolism in humans.,Am J Hum Genet 69:1127-33 (2001),"Glycine, serine, alanine, and threonine metabolism",kegg_id_crossref,0.929
19879361,Cerebral creatine deficiency syndrome,Arginine and proline metabolism,H00849,hsa00330,Inherited metabolic disorder,"Dissociation of AGAT, GAMT and SLC6A8 in CNS: relevance to creatine deficiency syndromes.",Neurobiol Dis 37:423-33 (2010),Arginine and proline metabolism,kegg_id_crossref,0.69
20301745,Cerebral creatine deficiency syndrome,Arginine and proline metabolism,H00849,hsa00330,Inherited metabolic disorder,Creatine Deficiency Syndromes,GeneReviews (1993),Arginine and proline metabolism,kegg_id_crossref,0.69
11326334,Cerebral creatine deficiency syndrome,Arginine and proline metabolism,H00849,hsa00330,Inherited metabolic disorder,X-linked creatine-transporter gene (SLC6A8) defect: a new creatine-deficiency syndrome.,Am J Hum Genet 68:1497-500 (2001),Arginine and proline metabolism,kegg_id_crossref,0.69
8651275,Cerebral creatine deficiency syndrome,Arginine and proline metabolism,H00849,hsa00330,Inherited metabolic disorder,Guanidinoacetate methyltransferase deficiency: the first inborn error of creatine metabolism in man.,Am J Hum Genet 58:914-22 (1996),Arginine and proline metabolism,kegg_id_crossref,0.69
11555793,Cerebral creatine deficiency syndrome,Arginine and proline metabolism,H00849,hsa00330,Inherited metabolic disorder,Arginine:glycine amidinotransferase deficiency: the third inborn error of creatine metabolism in humans.,Am J Hum Genet 69:1127-33 (2001),Arginine and proline metabolism,kegg_id_crossref,0.69
21277193,Tourette syndrome,Histidine metabolism,H00862,hsa00340,Mental and behavioural disorder,The genetics of Tourette disorder.,Curr Opin Genet Dev 21:302-9 (2011),Histidine metabolism,kegg_id_crossref,1.0
21386676,Tourette syndrome,Histidine metabolism,H00862,hsa00340,Mental and behavioural disorder,Recent advances in Tourette syndrome.,Curr Opin Neurol 24:119-25 (2011),Histidine metabolism,kegg_id_crossref,1.0
16224024,Tourette syndrome,Histidine metabolism,H00862,hsa00340,Mental and behavioural disorder,Sequence variants in SLITRK1 are associated with Tourette's syndrome.,Science 310:317-20 (2005),Histidine metabolism,kegg_id_crossref,1.0
20445167,Tourette syndrome,Histidine metabolism,H00862,hsa00340,Mental and behavioural disorder,L-histidine decarboxylase and Tourette's syndrome.,N Engl J Med 362:1901-8 (2010),Histidine metabolism,kegg_id_crossref,1.0
16685654,Leukoencephalopathy with dystonia and motor neuropathy,Primary bile acid biosynthesis,H00874,hsa00120(N00779),"Inherited metabolic disorder, Peroxisomal disease",Mutations in the gene encoding peroxisomal sterol carrier protein X (SCPx) cause leukencephalopathy with dystonia and motor neuropathy.,Am J Hum Genet 78:1046-52 (2006),Bile acid synthesis,kegg_id_crossref,0.833
21910222,Kleefstra syndrome,Lysine degradation,H00907,hsa00310,Congenital malformation,Kleefstra syndrome in three adult patients: further delineation of the behavioral and neurological phenotype shows aspects of a neurodegenerative course.,Am J Med Genet A 155A:2409-15 (2011),Lysine metabolism,kegg_id_crossref,0.929
20945554,Kleefstra syndrome,Lysine degradation,H00907,hsa00310,Congenital malformation,Kleefstra Syndrome,GeneReviews (1993),Lysine metabolism,kegg_id_crossref,0.929
29069077,Kleefstra syndrome,Lysine degradation,H00907,hsa00310,Congenital malformation,Functional convergence of histone methyltransferases EHMT1 and KMT2C involved in intellectual disability and autism spectrum disorder.,PLoS Genet 13:e1006864 (2017),Lysine metabolism,kegg_id_crossref,0.929
19268275,"Exocrine pancreatic insufficiency, dyserythropoietic anemia, and calvarial hyperostosis",Oxidative phosphorylation,H00920,hsa00190,"Inherited metabolic disorder, Mitochondrial disease","Exocrine pancreatic insufficiency, dyserythropoeitic anemia, and calvarial hyperostosis are caused by a mutation in the COX4I2 gene.",Am J Hum Genet 84:412-7 (2009),Oxidative phosphorylation,name_exact,1.0
16763901,Congenital systemic glutamine deficiency,"Alanine, aspartate and glutamate metabolism",H00923,hsa00250,Inherited metabolic disorder,Inborn error of amino acid synthesis: human glutamine synthetase deficiency.,J Inherit Metab Dis 29:352-8 (2006),Alanine and aspartate metabolism,kegg_id_crossref,0.923
16528811,Congenital systemic glutamine deficiency,"Alanine, aspartate and glutamate metabolism",H00923,hsa00250,Inherited metabolic disorder,Congenital glutamine deficiency with glutamine synthetase mutations.,N Engl J Med 354:1093-4; author reply 1093-4 (2006),Alanine and aspartate metabolism,kegg_id_crossref,0.923
16148061,2-Methyl-3-hydroxybutyryl-CoA dehydrogenase (MHBD) deficiency,"Valine, leucine and isoleucine degradation",H00925,hsa00280(N00856),Inherited metabolic disorder,2-Methyl-3-hydroxybutyryl-CoA dehydrogenase (MHBD) deficiency: an X-linked inborn error of isoleucine metabolism that may mimic a mitochondrial disease.,Pediatr Res 58:488-91 (2005),"Valine, leucine, and isoleucine metabolism",kegg_id_crossref,0.85
15841208,Hypoalphalipoproteinemia,Cholesterol metabolism,H00930,hsa04979,Inherited metabolic disorder,Targeted inactivation of hepatic Abca1 causes profound hypoalphalipoproteinemia and kidney hypercatabolism of apoA-I.,J Clin Invest 115:1333-42 (2005),Cholesterol metabolism,name_exact,1.0
10998475,Hypoalphalipoproteinemia,Cholesterol metabolism,H00930,hsa04979,Inherited metabolic disorder,Decreased cellular cholesterol efflux is a common cause of familial hypoalphalipoproteinemia: role of the ABCA1 gene mutations.,Atherosclerosis 152:457-68 (2000),Cholesterol metabolism,name_exact,1.0
17991432,Hypoalphalipoproteinemia,Cholesterol metabolism,H00930,hsa04979,Inherited metabolic disorder,A new APOA1 mutation with severe HDL-cholesterol deficiency and premature coronary artery disease.,Clin Chim Acta 388:222-4 (2008),Cholesterol metabolism,name_exact,1.0
9931341,Hypoalphalipoproteinemia,Cholesterol metabolism,H00930,hsa04979,Inherited metabolic disorder,Frequent occurrence of hypoalphalipoproteinemia due to mutant apolipoprotein A-I gene in the population: a population-based survey.,Hum Mol Genet 8:331-6 (1999),Cholesterol metabolism,name_exact,1.0
20301738,Arts syndrome,Pentose phosphate pathway,H00946,hsa00030,Congenital malformation,Arts Syndrome,GeneReviews (1993),Pentose phosphate pathway,kegg_id_crossref,0.45
17701896,Arts syndrome,Pentose phosphate pathway,H00946,hsa00030,Congenital malformation,Arts syndrome is caused by loss-of-function mutations in PRPS1.,Am J Hum Genet 81:507-18 (2007),Pentose phosphate pathway,kegg_id_crossref,0.45
20380929,Arts syndrome,Pentose phosphate pathway,H00946,hsa00030,Congenital malformation,PRPS1 mutations: four distinct syndromes and potential treatment.,Am J Hum Genet 86:506-18 (2010),Pentose phosphate pathway,kegg_id_crossref,0.45
20301738,Arts syndrome,Purine metabolism,H00946,hsa00230,Congenital malformation,Arts Syndrome,GeneReviews (1993),Purine catabolism,kegg_id_crossref,1.0
17701896,Arts syndrome,Purine metabolism,H00946,hsa00230,Congenital malformation,Arts syndrome is caused by loss-of-function mutations in PRPS1.,Am J Hum Genet 81:507-18 (2007),Purine catabolism,kegg_id_crossref,1.0
20380929,Arts syndrome,Purine metabolism,H00946,hsa00230,Congenital malformation,PRPS1 mutations: four distinct syndromes and potential treatment.,Am J Hum Genet 86:506-18 (2010),Purine catabolism,kegg_id_crossref,1.0
20301738,Arts syndrome,Biosynthesis of amino acids,H00946,hsa01230,Congenital malformation,Arts Syndrome,GeneReviews (1993),Citric acid cycle,kegg_id_crossref,0.471
17701896,Arts syndrome,Biosynthesis of amino acids,H00946,hsa01230,Congenital malformation,Arts syndrome is caused by loss-of-function mutations in PRPS1.,Am J Hum Genet 81:507-18 (2007),Citric acid cycle,kegg_id_crossref,0.471
20380929,Arts syndrome,Biosynthesis of amino acids,H00946,hsa01230,Congenital malformation,PRPS1 mutations: four distinct syndromes and potential treatment.,Am J Hum Genet 86:506-18 (2010),Citric acid cycle,kegg_id_crossref,0.471
19236704,Corneal fleck dystrophy,Inositol phosphate metabolism,H00957,hsa00562,Nervous system disease,Corneal dystrophies.,Orphanet J Rare Dis 4:7 (2009),Inositol phosphate metabolism,kegg_id_crossref,1.0
18214787,Corneal fleck dystrophy,Inositol phosphate metabolism,H00957,hsa00562,Nervous system disease,Genetics of anterior and stromal corneal dystrophies.,Semin Ophthalmol 23:9-17 (2008),Inositol phosphate metabolism,kegg_id_crossref,1.0
15114530,AICA-ribosiduria,One carbon pool by folate,H00966,hsa00670,Inherited metabolic disorder,"AICA-ribosiduria: a novel, neurologically devastating inborn error of purine biosynthesis caused by mutation of ATIC.",Am J Hum Genet 74:1276-81 (2004),Folate metabolism,kegg_id_crossref,1.0
16798121,AICA-ribosiduria,One carbon pool by folate,H00966,hsa00670,Inherited metabolic disorder,Diagnosing AICA-ribosiduria by capillary electrophoresis.,J Chromatogr B Analyt Technol Biomed Life Sci 843:15-9 (2006),Folate metabolism,kegg_id_crossref,1.0
15114530,AICA-ribosiduria,Purine metabolism,H00966,hsa00230,Inherited metabolic disorder,"AICA-ribosiduria: a novel, neurologically devastating inborn error of purine biosynthesis caused by mutation of ATIC.",Am J Hum Genet 74:1276-81 (2004),Purine catabolism,kegg_id_crossref,1.0
16798121,AICA-ribosiduria,Purine metabolism,H00966,hsa00230,Inherited metabolic disorder,Diagnosing AICA-ribosiduria by capillary electrophoresis.,J Chromatogr B Analyt Technol Biomed Life Sci 843:15-9 (2006),Purine catabolism,kegg_id_crossref,1.0
19927164,Achromatopsia,Purine metabolism,H00971,hsa00230,Nervous system disease,Colour vision deficiency.,Eye (Lond) 24:747-55 (2010),Purine catabolism,kegg_id_crossref,1.0
9662398,Achromatopsia,Purine metabolism,H00971,hsa00230,Nervous system disease,Total colourblindness is caused by mutations in the gene encoding the alpha-subunit of the cone photoreceptor cGMP-gated cation channel.,Nat Genet 19:257-9 (1998),Purine catabolism,kegg_id_crossref,1.0
20454696,Achromatopsia,Purine metabolism,H00971,hsa00230,Nervous system disease,Novel CNGA3 and CNGB3 mutations in two Pakistani families with achromatopsia.,Mol Vis 16:774-81 (2010),Purine catabolism,kegg_id_crossref,1.0
12205108,Achromatopsia,Purine metabolism,H00971,hsa00230,Nervous system disease,Mapping of a novel locus for achromatopsia (ACHM4) to 1p and identification of a germline mutation in the alpha subunit of cone transducin (GNAT2).,J Med Genet 39:656-60 (2002),Purine catabolism,kegg_id_crossref,1.0
19887631,Achromatopsia,Purine metabolism,H00971,hsa00230,Nervous system disease,A homologous genetic basis of the murine cpfl1 mutant and human achromatopsia linked to mutations in the PDE6C gene.,Proc Natl Acad Sci U S A 106:19581-6 (2009),Purine catabolism,kegg_id_crossref,1.0
22901948,Achromatopsia,Purine metabolism,H00971,hsa00230,Nervous system disease,A nonsense mutation in PDE6H causes autosomal-recessive incomplete achromatopsia.,Am J Hum Genet 91:527-32 (2012),Purine catabolism,kegg_id_crossref,1.0
26063662,Achromatopsia,Purine metabolism,H00971,hsa00230,Nervous system disease,Mutation of ATF6 causes autosomal recessive achromatopsia.,Hum Genet 134:941-50 (2015),Purine catabolism,kegg_id_crossref,1.0
15666309,Nevo syndrome,Lysine degradation,H00980,hsa00310,Congenital malformation,Nevo syndrome is allelic to the kyphoscoliotic type of the Ehlers-Danlos syndrome (EDS VIA).,Am J Med Genet A 133A:158-64 (2005),Lysine metabolism,kegg_id_crossref,0.929
8574422,Nevo syndrome,Lysine degradation,H00980,hsa00310,Congenital malformation,Nevo syndrome.,Clin Dysmorphol 4:319-23 (1995),Lysine metabolism,kegg_id_crossref,0.929
20848343,Sideroblastic anemia,Porphyrin metabolism,H00982,hsa00860,Hematologic disease,Hereditary sideroblastic anemia: pathophysiology and gene mutations.,Int J Hematol 92:425-31 (2010),Heme degradation,kegg_id_crossref,1.0
1570328,Sideroblastic anemia,Porphyrin metabolism,H00982,hsa00860,Hematologic disease,"Enzymatic defect in ""X-linked"" sideroblastic anemia: molecular evidence for erythroid delta-aminolevulinate synthase deficiency.",Proc Natl Acad Sci U S A 89:4028-32 (1992),Heme degradation,kegg_id_crossref,1.0
19412178,Sideroblastic anemia,Porphyrin metabolism,H00982,hsa00860,Hematologic disease,Mutations in mitochondrial carrier family gene SLC25A38 cause nonsyndromic autosomal recessive congenital sideroblastic anemia.,Nat Genet 41:651-3 (2009),Heme degradation,kegg_id_crossref,1.0
17485548,Sideroblastic anemia,Porphyrin metabolism,H00982,hsa00860,Hematologic disease,The human counterpart of zebrafish shiraz shows sideroblastic-like microcytic anemia and iron overload.,Blood 110:1353-8 (2007),Heme degradation,kegg_id_crossref,1.0
26491070,Sideroblastic anemia,Porphyrin metabolism,H00982,hsa00860,Hematologic disease,Congenital sideroblastic anemia due to mutations in the mitochondrial HSP70 homologue HSPA9.,Blood 126:2734-8 (2015),Heme degradation,kegg_id_crossref,1.0
32634119,Sideroblastic anemia,Porphyrin metabolism,H00982,hsa00860,Hematologic disease,Mutations in the iron-sulfur cluster biogenesis protein HSCB cause congenital sideroblastic anemia.,J Clin Invest 130:5245-5256 (2020),Heme degradation,kegg_id_crossref,1.0
11050011,Sideroblastic anemia,Porphyrin metabolism,H00982,hsa00860,Hematologic disease,Human ABC7 transporter: gene structure and mutation causing X-linked sideroblastic anemia with ataxia with disruption of cytosolic iron-sulfur protein maturation.,Blood 96:3256-64 (2000),Heme degradation,kegg_id_crossref,1.0
20630065,Combined deficiency of vitamin K-dependent clotting factors,Biosynthesis of cofactors,H00995,hsa01240,Cardiovascular disease,Hereditary combined deficiency of the vitamin K-dependent clotting factors.,Orphanet J Rare Dis 5:21 (2010),Heme synthesis,kegg_id_crossref,0.875
9845520,Combined deficiency of vitamin K-dependent clotting factors,Biosynthesis of cofactors,H00995,hsa01240,Cardiovascular disease,A missense mutation in gamma-glutamyl carboxylase gene causes combined deficiency of all vitamin K-dependent blood coagulation factors.,Blood 92:4554-9 (1998),Heme synthesis,kegg_id_crossref,0.875
14765194,Combined deficiency of vitamin K-dependent clotting factors,Biosynthesis of cofactors,H00995,hsa01240,Cardiovascular disease,Mutations in VKORC1 cause warfarin resistance and multiple coagulation factor deficiency type 2.,Nature 427:537-41 (2004),Heme synthesis,kegg_id_crossref,0.875
20630065,Combined deficiency of vitamin K-dependent clotting factors,Ubiquinone and other terpenoid-quinone biosynthesis,H00995,hsa00130,Cardiovascular disease,Hereditary combined deficiency of the vitamin K-dependent clotting factors.,Orphanet J Rare Dis 5:21 (2010),Ubiquinone synthesis,kegg_id_crossref,1.0
9845520,Combined deficiency of vitamin K-dependent clotting factors,Ubiquinone and other terpenoid-quinone biosynthesis,H00995,hsa00130,Cardiovascular disease,A missense mutation in gamma-glutamyl carboxylase gene causes combined deficiency of all vitamin K-dependent blood coagulation factors.,Blood 92:4554-9 (1998),Ubiquinone synthesis,kegg_id_crossref,1.0
14765194,Combined deficiency of vitamin K-dependent clotting factors,Ubiquinone and other terpenoid-quinone biosynthesis,H00995,hsa00130,Cardiovascular disease,Mutations in VKORC1 cause warfarin resistance and multiple coagulation factor deficiency type 2.,Nature 427:537-41 (2004),Ubiquinone synthesis,kegg_id_crossref,1.0
19966907,Coenzyme Q10 deficiency,Ubiquinone and other terpenoid-quinone biosynthesis,H00999,hsa00130,Inherited metabolic disorder,Coenzyme Q10 effects in neurodegenerative disease.,Neuropsychiatr Dis Treat 5:597-610 (2009),Ubiquinone synthesis,kegg_id_crossref,1.0
16400613,Coenzyme Q10 deficiency,Ubiquinone and other terpenoid-quinone biosynthesis,H00999,hsa00130,Inherited metabolic disorder,A mutation in para-hydroxybenzoate-polyprenyl transferase (COQ2) causes primary coenzyme Q10 deficiency.,Am J Hum Genet 78:345-9 (2006),Ubiquinone synthesis,kegg_id_crossref,1.0
17332895,Coenzyme Q10 deficiency,Ubiquinone and other terpenoid-quinone biosynthesis,H00999,hsa00130,Inherited metabolic disorder,"Prenyldiphosphate synthase, subunit 1 (PDSS1) and OH-benzoate polyprenyltransferase (COQ2) mutations in ubiquinone deficiency and oxidative phosphorylation disorders.",J Clin Invest 117:765-72 (2007),Ubiquinone synthesis,kegg_id_crossref,1.0
17186472,Coenzyme Q10 deficiency,Ubiquinone and other terpenoid-quinone biosynthesis,H00999,hsa00130,Inherited metabolic disorder,Leigh syndrome with nephropathy and CoQ10 deficiency due to decaprenyl diphosphate synthase subunit 2 (PDSS2) mutations.,Am J Hum Genet 79:1125-9 (2006),Ubiquinone synthesis,kegg_id_crossref,1.0
18319072,Coenzyme Q10 deficiency,Ubiquinone and other terpenoid-quinone biosynthesis,H00999,hsa00130,Inherited metabolic disorder,CABC1 gene mutations cause ubiquinone deficiency with cerebellar ataxia and seizures.,Am J Hum Genet 82:623-30 (2008),Ubiquinone synthesis,kegg_id_crossref,1.0
19375058,Coenzyme Q10 deficiency,Ubiquinone and other terpenoid-quinone biosynthesis,H00999,hsa00130,Inherited metabolic disorder,A nonsense mutation in COQ9 causes autosomal-recessive neonatal-onset primary coenzyme Q10 deficiency: a potentially treatable form of mitochondrial disease.,Am J Hum Genet 84:558-66 (2009),Ubiquinone synthesis,kegg_id_crossref,1.0
21540551,Coenzyme Q10 deficiency,Ubiquinone and other terpenoid-quinone biosynthesis,H00999,hsa00130,Inherited metabolic disorder,COQ6 mutations in human patients produce nephrotic syndrome with sensorineural deafness.,J Clin Invest 121:2013-24 (2011),Ubiquinone synthesis,kegg_id_crossref,1.0
25658047,Coenzyme Q10 deficiency,Ubiquinone and other terpenoid-quinone biosynthesis,H00999,hsa00130,Inherited metabolic disorder,COQ4 mutations cause a broad spectrum of mitochondrial disorders associated with CoQ10 deficiency.,Am J Hum Genet 96:309-17 (2015),Ubiquinone synthesis,kegg_id_crossref,1.0
26084283,Coenzyme Q10 deficiency,Ubiquinone and other terpenoid-quinone biosynthesis,H00999,hsa00130,Inherited metabolic disorder,"Rescue of primary ubiquinone deficiency due to a novel COQ7 defect using 2,4-dihydroxybensoic acid.",J Med Genet 52:779-83 (2015),Ubiquinone synthesis,kegg_id_crossref,1.0
29044765,Coenzyme Q10 deficiency,Ubiquinone and other terpenoid-quinone biosynthesis,H00999,hsa00130,Inherited metabolic disorder,A novel inborn error of the coenzyme Q10 biosynthesis pathway: cerebellar ataxia and static encephalomyopathy due to COQ5 C-methyltransferase deficiency.,Hum Mutat 39:69-79 (2018),Ubiquinone synthesis,kegg_id_crossref,1.0
19966907,Coenzyme Q10 deficiency,Biosynthesis of cofactors,H00999,hsa01240,Inherited metabolic disorder,Coenzyme Q10 effects in neurodegenerative disease.,Neuropsychiatr Dis Treat 5:597-610 (2009),Heme synthesis,kegg_id_crossref,0.875
16400613,Coenzyme Q10 deficiency,Biosynthesis of cofactors,H00999,hsa01240,Inherited metabolic disorder,A mutation in para-hydroxybenzoate-polyprenyl transferase (COQ2) causes primary coenzyme Q10 deficiency.,Am J Hum Genet 78:345-9 (2006),Heme synthesis,kegg_id_crossref,0.875
17332895,Coenzyme Q10 deficiency,Biosynthesis of cofactors,H00999,hsa01240,Inherited metabolic disorder,"Prenyldiphosphate synthase, subunit 1 (PDSS1) and OH-benzoate polyprenyltransferase (COQ2) mutations in ubiquinone deficiency and oxidative phosphorylation disorders.",J Clin Invest 117:765-72 (2007),Heme synthesis,kegg_id_crossref,0.875
17186472,Coenzyme Q10 deficiency,Biosynthesis of cofactors,H00999,hsa01240,Inherited metabolic disorder,Leigh syndrome with nephropathy and CoQ10 deficiency due to decaprenyl diphosphate synthase subunit 2 (PDSS2) mutations.,Am J Hum Genet 79:1125-9 (2006),Heme synthesis,kegg_id_crossref,0.875
18319072,Coenzyme Q10 deficiency,Biosynthesis of cofactors,H00999,hsa01240,Inherited metabolic disorder,CABC1 gene mutations cause ubiquinone deficiency with cerebellar ataxia and seizures.,Am J Hum Genet 82:623-30 (2008),Heme synthesis,kegg_id_crossref,0.875
19375058,Coenzyme Q10 deficiency,Biosynthesis of cofactors,H00999,hsa01240,Inherited metabolic disorder,A nonsense mutation in COQ9 causes autosomal-recessive neonatal-onset primary coenzyme Q10 deficiency: a potentially treatable form of mitochondrial disease.,Am J Hum Genet 84:558-66 (2009),Heme synthesis,kegg_id_crossref,0.875
21540551,Coenzyme Q10 deficiency,Biosynthesis of cofactors,H00999,hsa01240,Inherited metabolic disorder,COQ6 mutations in human patients produce nephrotic syndrome with sensorineural deafness.,J Clin Invest 121:2013-24 (2011),Heme synthesis,kegg_id_crossref,0.875
25658047,Coenzyme Q10 deficiency,Biosynthesis of cofactors,H00999,hsa01240,Inherited metabolic disorder,COQ4 mutations cause a broad spectrum of mitochondrial disorders associated with CoQ10 deficiency.,Am J Hum Genet 96:309-17 (2015),Heme synthesis,kegg_id_crossref,0.875
26084283,Coenzyme Q10 deficiency,Biosynthesis of cofactors,H00999,hsa01240,Inherited metabolic disorder,"Rescue of primary ubiquinone deficiency due to a novel COQ7 defect using 2,4-dihydroxybensoic acid.",J Med Genet 52:779-83 (2015),Heme synthesis,kegg_id_crossref,0.875
29044765,Coenzyme Q10 deficiency,Biosynthesis of cofactors,H00999,hsa01240,Inherited metabolic disorder,A novel inborn error of the coenzyme Q10 biosynthesis pathway: cerebellar ataxia and static encephalomyopathy due to COQ5 C-methyltransferase deficiency.,Hum Mutat 39:69-79 (2018),Heme synthesis,kegg_id_crossref,0.875
19966907,Coenzyme Q10 deficiency,Terpenoid backbone biosynthesis,H00999,hsa00900,Inherited metabolic disorder,Coenzyme Q10 effects in neurodegenerative disease.,Neuropsychiatr Dis Treat 5:597-610 (2009),Squalene and cholesterol synthesis,kegg_id_crossref,1.0
16400613,Coenzyme Q10 deficiency,Terpenoid backbone biosynthesis,H00999,hsa00900,Inherited metabolic disorder,A mutation in para-hydroxybenzoate-polyprenyl transferase (COQ2) causes primary coenzyme Q10 deficiency.,Am J Hum Genet 78:345-9 (2006),Squalene and cholesterol synthesis,kegg_id_crossref,1.0
17332895,Coenzyme Q10 deficiency,Terpenoid backbone biosynthesis,H00999,hsa00900,Inherited metabolic disorder,"Prenyldiphosphate synthase, subunit 1 (PDSS1) and OH-benzoate polyprenyltransferase (COQ2) mutations in ubiquinone deficiency and oxidative phosphorylation disorders.",J Clin Invest 117:765-72 (2007),Squalene and cholesterol synthesis,kegg_id_crossref,1.0
17186472,Coenzyme Q10 deficiency,Terpenoid backbone biosynthesis,H00999,hsa00900,Inherited metabolic disorder,Leigh syndrome with nephropathy and CoQ10 deficiency due to decaprenyl diphosphate synthase subunit 2 (PDSS2) mutations.,Am J Hum Genet 79:1125-9 (2006),Squalene and cholesterol synthesis,kegg_id_crossref,1.0
18319072,Coenzyme Q10 deficiency,Terpenoid backbone biosynthesis,H00999,hsa00900,Inherited metabolic disorder,CABC1 gene mutations cause ubiquinone deficiency with cerebellar ataxia and seizures.,Am J Hum Genet 82:623-30 (2008),Squalene and cholesterol synthesis,kegg_id_crossref,1.0
19375058,Coenzyme Q10 deficiency,Terpenoid backbone biosynthesis,H00999,hsa00900,Inherited metabolic disorder,A nonsense mutation in COQ9 causes autosomal-recessive neonatal-onset primary coenzyme Q10 deficiency: a potentially treatable form of mitochondrial disease.,Am J Hum Genet 84:558-66 (2009),Squalene and cholesterol synthesis,kegg_id_crossref,1.0
21540551,Coenzyme Q10 deficiency,Terpenoid backbone biosynthesis,H00999,hsa00900,Inherited metabolic disorder,COQ6 mutations in human patients produce nephrotic syndrome with sensorineural deafness.,J Clin Invest 121:2013-24 (2011),Squalene and cholesterol synthesis,kegg_id_crossref,1.0
25658047,Coenzyme Q10 deficiency,Terpenoid backbone biosynthesis,H00999,hsa00900,Inherited metabolic disorder,COQ4 mutations cause a broad spectrum of mitochondrial disorders associated with CoQ10 deficiency.,Am J Hum Genet 96:309-17 (2015),Squalene and cholesterol synthesis,kegg_id_crossref,1.0
26084283,Coenzyme Q10 deficiency,Terpenoid backbone biosynthesis,H00999,hsa00900,Inherited metabolic disorder,"Rescue of primary ubiquinone deficiency due to a novel COQ7 defect using 2,4-dihydroxybensoic acid.",J Med Genet 52:779-83 (2015),Squalene and cholesterol synthesis,kegg_id_crossref,1.0
29044765,Coenzyme Q10 deficiency,Terpenoid backbone biosynthesis,H00999,hsa00900,Inherited metabolic disorder,A novel inborn error of the coenzyme Q10 biosynthesis pathway: cerebellar ataxia and static encephalomyopathy due to COQ5 C-methyltransferase deficiency.,Hum Mutat 39:69-79 (2018),Squalene and cholesterol synthesis,kegg_id_crossref,1.0
19229237,Generalized arterial calcification of infancy,Purine metabolism,H01002,hsa00230,Cardiovascular disease,Generalized arterial calcification of infancy: treatment with bisphosphonates.,Nat Clin Pract Endocrinol Metab 5:167-72 (2009),Purine catabolism,kegg_id_crossref,1.0
15940697,Generalized arterial calcification of infancy,Purine metabolism,H01002,hsa00230,Cardiovascular disease,Generalized arterial calcification of infancy: different clinical courses in two affected siblings.,Am J Med Genet A 136:210-3 (2005),Purine catabolism,kegg_id_crossref,1.0
22229486,Generalized arterial calcification of infancy,Purine metabolism,H01002,hsa00230,Cardiovascular disease,Cutaneous features of pseudoxanthoma elasticum in a patient with generalized arterial calcification of infancy due to a homozygous missense mutation in the ENPP1 gene.,Br J Dermatol 166:1107-11 (2012),Purine catabolism,kegg_id_crossref,1.0
22209248,Generalized arterial calcification of infancy,Purine metabolism,H01002,hsa00230,Cardiovascular disease,Generalized Arterial Calcification of Infancy and Pseudoxanthoma Elasticum Can Be Caused by Mutations in Either ENPP1 or ABCC6.,Am J Hum Genet 90:25-39 (2012),Purine catabolism,kegg_id_crossref,1.0
19229237,Generalized arterial calcification of infancy,Starch and sucrose metabolism,H01002,hsa00500,Cardiovascular disease,Generalized arterial calcification of infancy: treatment with bisphosphonates.,Nat Clin Pract Endocrinol Metab 5:167-72 (2009),Starch and sucrose metabolism,kegg_id_crossref,0.875
15940697,Generalized arterial calcification of infancy,Starch and sucrose metabolism,H01002,hsa00500,Cardiovascular disease,Generalized arterial calcification of infancy: different clinical courses in two affected siblings.,Am J Med Genet A 136:210-3 (2005),Starch and sucrose metabolism,kegg_id_crossref,0.875
22229486,Generalized arterial calcification of infancy,Starch and sucrose metabolism,H01002,hsa00500,Cardiovascular disease,Cutaneous features of pseudoxanthoma elasticum in a patient with generalized arterial calcification of infancy due to a homozygous missense mutation in the ENPP1 gene.,Br J Dermatol 166:1107-11 (2012),Starch and sucrose metabolism,kegg_id_crossref,0.875
22209248,Generalized arterial calcification of infancy,Starch and sucrose metabolism,H01002,hsa00500,Cardiovascular disease,Generalized Arterial Calcification of Infancy and Pseudoxanthoma Elasticum Can Be Caused by Mutations in Either ENPP1 or ABCC6.,Am J Hum Genet 90:25-39 (2012),Starch and sucrose metabolism,kegg_id_crossref,0.875
19229237,Generalized arterial calcification of infancy,Riboflavin metabolism,H01002,hsa00740,Cardiovascular disease,Generalized arterial calcification of infancy: treatment with bisphosphonates.,Nat Clin Pract Endocrinol Metab 5:167-72 (2009),Vitamin B2 metabolism,kegg_id_crossref,0.778
15940697,Generalized arterial calcification of infancy,Riboflavin metabolism,H01002,hsa00740,Cardiovascular disease,Generalized arterial calcification of infancy: different clinical courses in two affected siblings.,Am J Med Genet A 136:210-3 (2005),Vitamin B2 metabolism,kegg_id_crossref,0.778
22229486,Generalized arterial calcification of infancy,Riboflavin metabolism,H01002,hsa00740,Cardiovascular disease,Cutaneous features of pseudoxanthoma elasticum in a patient with generalized arterial calcification of infancy due to a homozygous missense mutation in the ENPP1 gene.,Br J Dermatol 166:1107-11 (2012),Vitamin B2 metabolism,kegg_id_crossref,0.778
22209248,Generalized arterial calcification of infancy,Riboflavin metabolism,H01002,hsa00740,Cardiovascular disease,Generalized Arterial Calcification of Infancy and Pseudoxanthoma Elasticum Can Be Caused by Mutations in Either ENPP1 or ABCC6.,Am J Hum Genet 90:25-39 (2012),Vitamin B2 metabolism,kegg_id_crossref,0.778
19229237,Generalized arterial calcification of infancy,Nicotinate and nicotinamide metabolism,H01002,hsa00760,Cardiovascular disease,Generalized arterial calcification of infancy: treatment with bisphosphonates.,Nat Clin Pract Endocrinol Metab 5:167-72 (2009),NAD metabolism,kegg_id_crossref,1.0
15940697,Generalized arterial calcification of infancy,Nicotinate and nicotinamide metabolism,H01002,hsa00760,Cardiovascular disease,Generalized arterial calcification of infancy: different clinical courses in two affected siblings.,Am J Med Genet A 136:210-3 (2005),NAD metabolism,kegg_id_crossref,1.0
22229486,Generalized arterial calcification of infancy,Nicotinate and nicotinamide metabolism,H01002,hsa00760,Cardiovascular disease,Cutaneous features of pseudoxanthoma elasticum in a patient with generalized arterial calcification of infancy due to a homozygous missense mutation in the ENPP1 gene.,Br J Dermatol 166:1107-11 (2012),NAD metabolism,kegg_id_crossref,1.0
22209248,Generalized arterial calcification of infancy,Nicotinate and nicotinamide metabolism,H01002,hsa00760,Cardiovascular disease,Generalized Arterial Calcification of Infancy and Pseudoxanthoma Elasticum Can Be Caused by Mutations in Either ENPP1 or ABCC6.,Am J Hum Genet 90:25-39 (2012),NAD metabolism,kegg_id_crossref,1.0
19229237,Generalized arterial calcification of infancy,Pantothenate and CoA biosynthesis,H01002,hsa00770,Cardiovascular disease,Generalized arterial calcification of infancy: treatment with bisphosphonates.,Nat Clin Pract Endocrinol Metab 5:167-72 (2009),CoA synthesis,kegg_id_crossref,0.857
15940697,Generalized arterial calcification of infancy,Pantothenate and CoA biosynthesis,H01002,hsa00770,Cardiovascular disease,Generalized arterial calcification of infancy: different clinical courses in two affected siblings.,Am J Med Genet A 136:210-3 (2005),CoA synthesis,kegg_id_crossref,0.857
22229486,Generalized arterial calcification of infancy,Pantothenate and CoA biosynthesis,H01002,hsa00770,Cardiovascular disease,Cutaneous features of pseudoxanthoma elasticum in a patient with generalized arterial calcification of infancy due to a homozygous missense mutation in the ENPP1 gene.,Br J Dermatol 166:1107-11 (2012),CoA synthesis,kegg_id_crossref,0.857
22209248,Generalized arterial calcification of infancy,Pantothenate and CoA biosynthesis,H01002,hsa00770,Cardiovascular disease,Generalized Arterial Calcification of Infancy and Pseudoxanthoma Elasticum Can Be Caused by Mutations in Either ENPP1 or ABCC6.,Am J Hum Genet 90:25-39 (2012),CoA synthesis,kegg_id_crossref,0.857
11231903,Dimethylglycine dehydrogenase deficiency,"Glycine, serine and threonine metabolism",H01003,hsa00260,Inherited metabolic disorder,"Cloning of dimethylglycine dehydrogenase and a new human inborn error of metabolism, dimethylglycine dehydrogenase deficiency.",Am J Hum Genet 68:839-47 (2001),"Glycine, serine, alanine, and threonine metabolism",kegg_id_crossref,0.929
20301647,Dopamine beta-hydroxylase deficiency,Tyrosine metabolism,H01005,hsa00350(N01550),Nervous system disease,Dopamine Beta-Hydroxylase Deficiency,GeneReviews (1993),Tyrosine metabolism,kegg_id_crossref,0.941
16722595,Dopamine beta-hydroxylase deficiency,Tyrosine metabolism,H01005,hsa00350(N01550),Nervous system disease,Dopamine beta-hydroxylase deficiency.,Orphanet J Rare Dis 1:7 (2006),Tyrosine metabolism,kegg_id_crossref,0.941
21714867,Diseases of the tricarboxylic acid cycle,Citrate cycle (TCA cycle),H01022,hsa00020,Inherited metabolic disorder,A metabolic model of the mitochondrion and its use in modelling diseases of the tricarboxylic acid cycle.,BMC Syst Biol 5:102 (2011),Citric acid cycle,kegg_id_crossref,0.588
9300800,Diseases of the tricarboxylic acid cycle,Citrate cycle (TCA cycle),H01022,hsa00020,Inherited metabolic disorder,Inborn errors of the Krebs cycle: a group of unusual mitochondrial diseases in human.,Biochim Biophys Acta 1361:185-97 (1997),Citric acid cycle,kegg_id_crossref,0.588
8200987,Diseases of the tricarboxylic acid cycle,Citrate cycle (TCA cycle),H01022,hsa00020,Inherited metabolic disorder,Mutation of the fumarase gene in two siblings with progressive encephalopathy and fumarase deficiency.,J Clin Invest 93:2514-8 (1994),Citric acid cycle,kegg_id_crossref,0.588
7550341,Diseases of the tricarboxylic acid cycle,Citrate cycle (TCA cycle),H01022,hsa00020,Inherited metabolic disorder,Mutation of a nuclear succinate dehydrogenase gene results in mitochondrial respiratory chain deficiency.,Nat Genet 11:144-9 (1995),Citric acid cycle,kegg_id_crossref,0.588
32383294,Diseases of the tricarboxylic acid cycle,Citrate cycle (TCA cycle),H01022,hsa00020,Inherited metabolic disorder,A biallelic pathogenic variant in the OGDH gene results in a neurological disorder with features of a mitochondrial disease.,J Inherit Metab Dis 44:388-400 (2021),Citric acid cycle,kegg_id_crossref,0.588
21290785,Argininosuccinic aciduria,Arginine biosynthesis,H01028,hsa00220(N00593),Inherited metabolic disorder,Argininosuccinate Lyase Deficiency,GeneReviews (1993),Glutamate metabolism,kegg_id_crossref,0.429
20298553,Argininosuccinic aciduria,Arginine biosynthesis,H01028,hsa00220(N00593),Inherited metabolic disorder,Novel mutations underlying argininosuccinic aciduria in Saudi Arabia.,BMC Res Notes 3:79 (2010),Glutamate metabolism,kegg_id_crossref,0.429
11148543,Argininosuccinic aciduria,Arginine biosynthesis,H01028,hsa00220(N00593),Inherited metabolic disorder,Consensus statement from a conference for the management of patients with urea cycle disorders.,J Pediatr 138:S1-5 (2001),Glutamate metabolism,kegg_id_crossref,0.429
22541557,Argininosuccinic aciduria,Arginine biosynthesis,H01028,hsa00220(N00593),Inherited metabolic disorder,Nitric-oxide supplementation for treatment of long-term complications in argininosuccinic aciduria.,Am J Hum Genet 90:836-46 (2012),Glutamate metabolism,kegg_id_crossref,0.429
20303810,N-acetylglutamate synthase deficiency,Arginine biosynthesis,H01032,hsa00220(N00593+N00599),Inherited metabolic disorder,"N-acetylglutamate synthase: structure, function and defects.",Mol Genet Metab 100 Suppl 1:S13-9 (2010),Glutamate metabolism,kegg_id_crossref,0.429
21941437,N-acetylglutamate synthase deficiency,Arginine biosynthesis,H01032,hsa00220(N00593+N00599),Inherited metabolic disorder,Role of carglumic acid in the treatment of acute hyperammonemia due to N-acetylglutamate synthase deficiency.,Ther Clin Risk Manag 7:327-32 (2011),Glutamate metabolism,kegg_id_crossref,0.429
22042873,Pentosuria,Pentose and glucuronate interconversions,H01065,hsa00040,Inherited metabolic disorder,Garrod's fourth inborn error of metabolism solved by the identification of mutations causing pentosuria.,Proc Natl Acad Sci U S A 108:18313-7 (2011),Pentose phosphate pathway,kegg_id_crossref,0.55
4073836,Pentosuria,Pentose and glucuronate interconversions,H01065,hsa00040,Inherited metabolic disorder,Human L-xylulose reductase variation: family and population studies.,Ann Hum Genet 49:227-35 (1985),Pentose phosphate pathway,kegg_id_crossref,0.55
16792555,Acute alcohol sensitivity,Glycolysis / Gluconeogenesis,H01071,hsa00010,Inherited metabolic disorder,"Effects of variation at the ALDH2 locus on alcohol metabolism, sensitivity, consumption, and dependence in Europeans.",Alcohol Clin Exp Res 30:1093-100 (2006),Glycolysis/gluconeogenesis,kegg_id_crossref,0.731
20558439,Acute alcohol sensitivity,Glycolysis / Gluconeogenesis,H01071,hsa00010,Inherited metabolic disorder,Mitochondrial aldehyde dehydrogenase and cardiac diseases.,Cardiovasc Res 88:51-7 (2010),Glycolysis/gluconeogenesis,kegg_id_crossref,0.731
16792555,Acute alcohol sensitivity,Pyruvate metabolism,H01071,hsa00620,Inherited metabolic disorder,"Effects of variation at the ALDH2 locus on alcohol metabolism, sensitivity, consumption, and dependence in Europeans.",Alcohol Clin Exp Res 30:1093-100 (2006),Pyruvate metabolism,kegg_id_crossref,0.833
20558439,Acute alcohol sensitivity,Pyruvate metabolism,H01071,hsa00620,Inherited metabolic disorder,Mitochondrial aldehyde dehydrogenase and cardiac diseases.,Cardiovasc Res 88:51-7 (2010),Pyruvate metabolism,kegg_id_crossref,0.833
1346617,Beta-ketothiolase deficiency,"Valine, leucine and isoleucine degradation",H01076,hsa00280,Inherited metabolic disorder,Identification of three mutant alleles of the gene for mitochondrial acetoacetyl-coenzyme A thiolase. A complete analysis of two generations of a family with 3-ketothiolase deficiency.,J Clin Invest 89:474-9 (1992),"Valine, leucine, and isoleucine metabolism",kegg_id_crossref,0.85
1715688,Beta-ketothiolase deficiency,"Valine, leucine and isoleucine degradation",H01076,hsa00280,Inherited metabolic disorder,Evidence for a structural mutation (347Ala to Thr) in a German family with 3-ketothiolase deficiency.,Biochem Biophys Res Commun 179:124-9 (1991),"Valine, leucine, and isoleucine metabolism",kegg_id_crossref,0.85
7728148,Beta-ketothiolase deficiency,"Valine, leucine and isoleucine degradation",H01076,hsa00280,Inherited metabolic disorder,"Molecular, biochemical, and clinical characterization of mitochondrial acetoacetyl-coenzyme A thiolase deficiency in two further patients.",Hum Mutat 5:34-42 (1995),"Valine, leucine, and isoleucine metabolism",kegg_id_crossref,0.85
21113737,3-Phosphoglycerate dehydrogenase (3-PGDH) deficiency,Biosynthesis of amino acids,H01079,hsa01230,Inherited metabolic disorder,Expanding the clinical spectrum of 3-phosphoglycerate dehydrogenase deficiency.,J Inherit Metab Dis 34:181-4 (2011),Citric acid cycle,kegg_id_crossref,0.471
19235232,3-Phosphoglycerate dehydrogenase (3-PGDH) deficiency,Biosynthesis of amino acids,H01079,hsa01230,Inherited metabolic disorder,Novel mutations in 3-phosphoglycerate dehydrogenase (PHGDH) are distributed throughout the protein and result in altered enzyme kinetics.,Hum Mutat 30:749-56 (2009),Citric acid cycle,kegg_id_crossref,0.471
19963421,3-Phosphoglycerate dehydrogenase (3-PGDH) deficiency,Biosynthesis of amino acids,H01079,hsa01230,Inherited metabolic disorder,L-serine synthesis in the central nervous system: a review on serine deficiency disorders.,Mol Genet Metab 99:256-62 (2010),Citric acid cycle,kegg_id_crossref,0.471
21113737,3-Phosphoglycerate dehydrogenase (3-PGDH) deficiency,"Glycine, serine and threonine metabolism",H01079,hsa00260,Inherited metabolic disorder,Expanding the clinical spectrum of 3-phosphoglycerate dehydrogenase deficiency.,J Inherit Metab Dis 34:181-4 (2011),"Glycine, serine, alanine, and threonine metabolism",kegg_id_crossref,0.929
19235232,3-Phosphoglycerate dehydrogenase (3-PGDH) deficiency,"Glycine, serine and threonine metabolism",H01079,hsa00260,Inherited metabolic disorder,Novel mutations in 3-phosphoglycerate dehydrogenase (PHGDH) are distributed throughout the protein and result in altered enzyme kinetics.,Hum Mutat 30:749-56 (2009),"Glycine, serine, alanine, and threonine metabolism",kegg_id_crossref,0.929
19963421,3-Phosphoglycerate dehydrogenase (3-PGDH) deficiency,"Glycine, serine and threonine metabolism",H01079,hsa00260,Inherited metabolic disorder,L-serine synthesis in the central nervous system: a review on serine deficiency disorders.,Mol Genet Metab 99:256-62 (2010),"Glycine, serine, alanine, and threonine metabolism",kegg_id_crossref,0.929
17436247,Phosphoserine aminotransferase deficiency,Biosynthesis of amino acids,H01082,hsa01230,Inherited metabolic disorder,Phosphoserine aminotransferase deficiency: a novel disorder of the serine biosynthesis pathway.,Am J Hum Genet 80:931-7 (2007),Citric acid cycle,kegg_id_crossref,0.471
19963421,Phosphoserine aminotransferase deficiency,Biosynthesis of amino acids,H01082,hsa01230,Inherited metabolic disorder,L-serine synthesis in the central nervous system: a review on serine deficiency disorders.,Mol Genet Metab 99:256-62 (2010),Citric acid cycle,kegg_id_crossref,0.471
17436247,Phosphoserine aminotransferase deficiency,"Glycine, serine and threonine metabolism",H01082,hsa00260,Inherited metabolic disorder,Phosphoserine aminotransferase deficiency: a novel disorder of the serine biosynthesis pathway.,Am J Hum Genet 80:931-7 (2007),"Glycine, serine, alanine, and threonine metabolism",kegg_id_crossref,0.929
19963421,Phosphoserine aminotransferase deficiency,"Glycine, serine and threonine metabolism",H01082,hsa00260,Inherited metabolic disorder,L-serine synthesis in the central nervous system: a review on serine deficiency disorders.,Mol Genet Metab 99:256-62 (2010),"Glycine, serine, alanine, and threonine metabolism",kegg_id_crossref,0.929
17436247,Phosphoserine aminotransferase deficiency,Vitamin B6 metabolism,H01082,hsa00750,Inherited metabolic disorder,Phosphoserine aminotransferase deficiency: a novel disorder of the serine biosynthesis pathway.,Am J Hum Genet 80:931-7 (2007),Vitamin B6 metabolism,kegg_id_crossref,1.0
19963421,Phosphoserine aminotransferase deficiency,Vitamin B6 metabolism,H01082,hsa00750,Inherited metabolic disorder,L-serine synthesis in the central nervous system: a review on serine deficiency disorders.,Mol Genet Metab 99:256-62 (2010),Vitamin B6 metabolism,kegg_id_crossref,1.0
17550841,Pyruvate kinase deficiency,Glycolysis / Gluconeogenesis,H01096,hsa00010,Inherited metabolic disorder,Pyruvate kinase deficiency.,Haematologica 92:721-3 (2007),Glycolysis/gluconeogenesis,kegg_id_crossref,0.731
15982340,Pyruvate kinase deficiency,Glycolysis / Gluconeogenesis,H01096,hsa00010,Inherited metabolic disorder,Red cell pyruvate kinase deficiency: molecular and clinical aspects.,Br J Haematol 130:11-25 (2005),Glycolysis/gluconeogenesis,kegg_id_crossref,0.731
17550841,Pyruvate kinase deficiency,Purine metabolism,H01096,hsa00230,Inherited metabolic disorder,Pyruvate kinase deficiency.,Haematologica 92:721-3 (2007),Purine catabolism,kegg_id_crossref,1.0
15982340,Pyruvate kinase deficiency,Purine metabolism,H01096,hsa00230,Inherited metabolic disorder,Red cell pyruvate kinase deficiency: molecular and clinical aspects.,Br J Haematol 130:11-25 (2005),Purine catabolism,kegg_id_crossref,1.0
17550841,Pyruvate kinase deficiency,Pyruvate metabolism,H01096,hsa00620,Inherited metabolic disorder,Pyruvate kinase deficiency.,Haematologica 92:721-3 (2007),Pyruvate metabolism,kegg_id_crossref,0.833
15982340,Pyruvate kinase deficiency,Pyruvate metabolism,H01096,hsa00620,Inherited metabolic disorder,Red cell pyruvate kinase deficiency: molecular and clinical aspects.,Br J Haematol 130:11-25 (2005),Pyruvate metabolism,kegg_id_crossref,0.833
12732446,CD36 deficiency,Cholesterol metabolism,H01108,hsa04979,Hematologic disease; Inherited metabolic disorder,Pathophysiology of human genetic CD36 deficiency.,Trends Cardiovasc Med 13:136-41 (2003),Cholesterol metabolism,name_exact,1.0
17721545,CD36 deficiency,Cholesterol metabolism,H01108,hsa04979,Hematologic disease; Inherited metabolic disorder,"Platelet CD36 links hyperlipidemia, oxidant stress and a prothrombotic phenotype.",Nat Med 13:1086-95 (2007),Cholesterol metabolism,name_exact,1.0
21325058,Cortisone reductase deficiency,Steroid hormone biosynthesis,H01111,hsa00140(N00309),Endocrine and metabolic disease,Cortisone-reductase deficiency associated with heterozygous mutations in 11beta-hydroxysteroid dehydrogenase type 1.,Proc Natl Acad Sci U S A 108:4111-6 (2011),Steroid metabolism,kegg_id_crossref,1.0
12858176,Cortisone reductase deficiency,Steroid hormone biosynthesis,H01111,hsa00140(N00309),Endocrine and metabolic disease,Mutations in the genes encoding 11beta-hydroxysteroid dehydrogenase type 1 and hexose-6-phosphate dehydrogenase interact to cause cortisone reductase deficiency.,Nat Genet 34:434-9 (2003),Steroid metabolism,kegg_id_crossref,1.0
16817821,Cortisone reductase deficiency,Steroid hormone biosynthesis,H01111,hsa00140(N00309),Endocrine and metabolic disease,Variants implicated in cortisone reductase deficiency do not contribute to susceptibility to common forms of polycystic ovary syndrome.,Clin Endocrinol (Oxf) 65:64-70 (2006),Steroid metabolism,kegg_id_crossref,1.0
5410815,Acid phosphatase deficiency,Riboflavin metabolism,H01113,hsa00740,"Inherited metabolic disorder, Lysosomal disease",Deficiency of lysosomal acid phosphatase. A new familial metabolic disorder.,N Engl J Med 282:302-7 (1970),Vitamin B2 metabolism,kegg_id_crossref,0.778
4139985,Acid phosphatase deficiency,Riboflavin metabolism,H01113,hsa00740,"Inherited metabolic disorder, Lysosomal disease",Treatment of acid phosphatase deficiency disorders.,Birth Defects Orig Artic Ser 9:195-7 (1973),Vitamin B2 metabolism,kegg_id_crossref,0.778
21296660,Succinyl CoA:3-oxoacid CoA transferase (SCOT) deficiency,"Valine, leucine and isoleucine degradation",H01121,hsa00280,Inherited metabolic disorder,Clinical and molecular characterization of five patients with succinyl-CoA:3-ketoacid CoA transferase (SCOT) deficiency.,Biochim Biophys Acta 1812:619-24 (2011),"Valine, leucine, and isoleucine metabolism",kegg_id_crossref,0.85
9392403,Succinyl CoA:3-oxoacid CoA transferase (SCOT) deficiency,"Valine, leucine and isoleucine degradation",H01121,hsa00280,Inherited metabolic disorder,Succinyl-CoA:acetoacetate transferase deficiency: identification of a new patient with a neonatal onset and review of the literature.,Eur J Pediatr 156:870-3 (1997),"Valine, leucine, and isoleucine metabolism",kegg_id_crossref,0.85
21479626,Succinyl CoA:3-oxoacid CoA transferase (SCOT) deficiency,"Valine, leucine and isoleucine degradation",H01121,hsa00280,Inherited metabolic disorder,Inborn errors of ketogenesis and ketone body utilization.,J Inherit Metab Dis 35:23-8 (2012),"Valine, leucine, and isoleucine metabolism",kegg_id_crossref,0.85
21296660,Succinyl CoA:3-oxoacid CoA transferase (SCOT) deficiency,Butanoate metabolism,H01121,hsa00650,Inherited metabolic disorder,Clinical and molecular characterization of five patients with succinyl-CoA:3-ketoacid CoA transferase (SCOT) deficiency.,Biochim Biophys Acta 1812:619-24 (2011),Butanoate metabolism,kegg_id_crossref,1.0
9392403,Succinyl CoA:3-oxoacid CoA transferase (SCOT) deficiency,Butanoate metabolism,H01121,hsa00650,Inherited metabolic disorder,Succinyl-CoA:acetoacetate transferase deficiency: identification of a new patient with a neonatal onset and review of the literature.,Eur J Pediatr 156:870-3 (1997),Butanoate metabolism,kegg_id_crossref,1.0
21479626,Succinyl CoA:3-oxoacid CoA transferase (SCOT) deficiency,Butanoate metabolism,H01121,hsa00650,Inherited metabolic disorder,Inborn errors of ketogenesis and ketone body utilization.,J Inherit Metab Dis 35:23-8 (2012),Butanoate metabolism,kegg_id_crossref,1.0
11479731,HMG-CoA synthase deficiency,Butanoate metabolism,H01123,hsa00650,"Inherited metabolic disorder, Mitochondrial disease",Genetic basis of mitochondrial HMG-CoA synthase deficiency.,Hum Genet 109:19-23 (2001),Butanoate metabolism,kegg_id_crossref,1.0
21479626,HMG-CoA synthase deficiency,Butanoate metabolism,H01123,hsa00650,"Inherited metabolic disorder, Mitochondrial disease",Inborn errors of ketogenesis and ketone body utilization.,J Inherit Metab Dis 35:23-8 (2012),Butanoate metabolism,kegg_id_crossref,1.0
20346956,HMG-CoA synthase deficiency,Butanoate metabolism,H01123,hsa00650,"Inherited metabolic disorder, Mitochondrial disease",Crystal structures of human HMG-CoA synthase isoforms provide insights into inherited ketogenesis disorders and inhibitor design.,J Mol Biol 398:497-506 (2010),Butanoate metabolism,kegg_id_crossref,1.0
11228257,HMG-CoA synthase deficiency,Butanoate metabolism,H01123,hsa00650,"Inherited metabolic disorder, Mitochondrial disease",Mitochondrial 3-hydroxy-3-methylglutaryl-CoA synthase deficiency: clinical course and description of causal mutations in two patients.,Pediatr Res 49:326-31 (2001),Butanoate metabolism,kegg_id_crossref,1.0
11479731,HMG-CoA synthase deficiency,"Valine, leucine and isoleucine degradation",H01123,hsa00280,"Inherited metabolic disorder, Mitochondrial disease",Genetic basis of mitochondrial HMG-CoA synthase deficiency.,Hum Genet 109:19-23 (2001),"Valine, leucine, and isoleucine metabolism",kegg_id_crossref,0.85
21479626,HMG-CoA synthase deficiency,"Valine, leucine and isoleucine degradation",H01123,hsa00280,"Inherited metabolic disorder, Mitochondrial disease",Inborn errors of ketogenesis and ketone body utilization.,J Inherit Metab Dis 35:23-8 (2012),"Valine, leucine, and isoleucine metabolism",kegg_id_crossref,0.85
20346956,HMG-CoA synthase deficiency,"Valine, leucine and isoleucine degradation",H01123,hsa00280,"Inherited metabolic disorder, Mitochondrial disease",Crystal structures of human HMG-CoA synthase isoforms provide insights into inherited ketogenesis disorders and inhibitor design.,J Mol Biol 398:497-506 (2010),"Valine, leucine, and isoleucine metabolism",kegg_id_crossref,0.85
11228257,HMG-CoA synthase deficiency,"Valine, leucine and isoleucine degradation",H01123,hsa00280,"Inherited metabolic disorder, Mitochondrial disease",Mitochondrial 3-hydroxy-3-methylglutaryl-CoA synthase deficiency: clinical course and description of causal mutations in two patients.,Pediatr Res 49:326-31 (2001),"Valine, leucine, and isoleucine metabolism",kegg_id_crossref,0.85
18485777,Pyridoxamine-5'-phosphate oxidase (PNPO) deficiency,Vitamin B6 metabolism,H01124,hsa00750,Nervous system disease,PNPO deficiency: an under diagnosed inborn error of pyridoxine metabolism.,Mol Genet Metab 94:431-4 (2008),Vitamin B6 metabolism,kegg_id_crossref,1.0
18024216,Pyridoxamine-5'-phosphate oxidase (PNPO) deficiency,Vitamin B6 metabolism,H01124,hsa00750,Nervous system disease,A new fatal case of pyridox(am)ine 5'-phosphate oxidase (PNPO) deficiency.,Mol Genet Metab 93:216-8 (2008),Vitamin B6 metabolism,kegg_id_crossref,1.0
20863163,Reticular dysgenesis,Biosynthesis of cofactors,H01128,hsa01240,Immune system disease,Reticular dysgenesis in a preterm infant: a case report.,Pediatr Hematol Oncol 27:646-9 (2010),Heme synthesis,kegg_id_crossref,0.875
19043417,Reticular dysgenesis,Biosynthesis of cofactors,H01128,hsa01240,Immune system disease,Reticular dysgenesis (aleukocytosis) is caused by mutations in the gene encoding mitochondrial adenylate kinase 2.,Nat Genet 41:101-5 (2009),Heme synthesis,kegg_id_crossref,0.875
20863163,Reticular dysgenesis,Purine metabolism,H01128,hsa00230,Immune system disease,Reticular dysgenesis in a preterm infant: a case report.,Pediatr Hematol Oncol 27:646-9 (2010),Purine catabolism,kegg_id_crossref,1.0
19043417,Reticular dysgenesis,Purine metabolism,H01128,hsa00230,Immune system disease,Reticular dysgenesis (aleukocytosis) is caused by mutations in the gene encoding mitochondrial adenylate kinase 2.,Nat Genet 41:101-5 (2009),Purine catabolism,kegg_id_crossref,1.0
20863163,Reticular dysgenesis,Thiamine metabolism,H01128,hsa00730,Immune system disease,Reticular dysgenesis in a preterm infant: a case report.,Pediatr Hematol Oncol 27:646-9 (2010),Thiamine metabolism,kegg_id_crossref,1.0
19043417,Reticular dysgenesis,Thiamine metabolism,H01128,hsa00730,Immune system disease,Reticular dysgenesis (aleukocytosis) is caused by mutations in the gene encoding mitochondrial adenylate kinase 2.,Nat Genet 41:101-5 (2009),Thiamine metabolism,kegg_id_crossref,1.0
20800400,Reynolds syndrome,Steroid biosynthesis,H01133,hsa00100,Immune system disease,Is Reynolds syndrome a genetic laminopathy?,Gastroenterol Clin Biol 34:509-10 (2010),Cholesterol metabolism,kegg_id_crossref,0.312
20522425,Reynolds syndrome,Steroid biosynthesis,H01133,hsa00100,Immune system disease,LBR mutation and nuclear envelope defects in a patient affected with Reynolds syndrome.,J Med Genet 47:361-70 (2010),Cholesterol metabolism,kegg_id_crossref,0.312
20499043,Ribose 5-phosphate isomerase deficiency,Biosynthesis of amino acids,H01135,hsa01230,Inherited metabolic disorder,The difference between rare and exceptionally rare: molecular characterization of ribose 5-phosphate isomerase deficiency.,J Mol Med (Berl) 88:931-9 (2010),Citric acid cycle,kegg_id_crossref,0.471
14988808,Ribose 5-phosphate isomerase deficiency,Biosynthesis of amino acids,H01135,hsa01230,Inherited metabolic disorder,Ribose-5-phosphate isomerase deficiency: new inborn error in the pentose phosphate pathway associated with a slowly progressive leukoencephalopathy.,Am J Hum Genet 74:745-51 (2004),Citric acid cycle,kegg_id_crossref,0.471
20499043,Ribose 5-phosphate isomerase deficiency,Pentose phosphate pathway,H01135,hsa00030,Inherited metabolic disorder,The difference between rare and exceptionally rare: molecular characterization of ribose 5-phosphate isomerase deficiency.,J Mol Med (Berl) 88:931-9 (2010),Pentose phosphate pathway,kegg_id_crossref,0.45
14988808,Ribose 5-phosphate isomerase deficiency,Pentose phosphate pathway,H01135,hsa00030,Inherited metabolic disorder,Ribose-5-phosphate isomerase deficiency: new inborn error in the pentose phosphate pathway associated with a slowly progressive leukoencephalopathy.,Am J Hum Genet 74:745-51 (2004),Pentose phosphate pathway,kegg_id_crossref,0.45
16939184,Vitamin D-dependent rickets,Steroid biosynthesis,H01143,hsa00100,Inherited metabolic disorder,Rickets: not a disease of the past.,Am Fam Physician 74:619-26 (2006),Cholesterol metabolism,kegg_id_crossref,0.312
20511055,Vitamin D-dependent rickets,Steroid biosynthesis,H01143,hsa00100,Inherited metabolic disorder,Genetic disorders and defects in vitamin d action.,"Endocrinol Metab Clin North Am 39:333-46, table of contents (2010)",Cholesterol metabolism,kegg_id_crossref,0.312
15972816,Vitamin D-dependent rickets,Steroid biosynthesis,H01143,hsa00100,Inherited metabolic disorder,Identification of the amino acid residue of CYP27B1 responsible for binding of 25-hydroxyvitamin D3 whose mutation causes vitamin D-dependent rickets type 1.,J Biol Chem 280:30511-6 (2005),Cholesterol metabolism,kegg_id_crossref,0.312
15128933,Vitamin D-dependent rickets,Steroid biosynthesis,H01143,hsa00100,Inherited metabolic disorder,Genetic evidence that the human CYP2R1 enzyme is a key vitamin D 25-hydroxylase.,Proc Natl Acad Sci U S A 101:7711-5 (2004),Cholesterol metabolism,kegg_id_crossref,0.312
17970811,Vitamin D-dependent rickets,Steroid biosynthesis,H01143,hsa00100,Inherited metabolic disorder,A novel mutation in the VDR gene in hereditary vitamin D-resistant rickets.,Br J Dermatol 158:168-71 (2008),Cholesterol metabolism,kegg_id_crossref,0.312
29461981,Vitamin D-dependent rickets,Steroid biosynthesis,H01143,hsa00100,Inherited metabolic disorder,CYP3A4 mutation causes vitamin D-dependent rickets type 3.,J Clin Invest 128:1913-1918 (2018),Cholesterol metabolism,kegg_id_crossref,0.312
21414403,Aminoacylase 1 deficiency,Arginine biosynthesis,H01146,hsa00220,Inherited metabolic disorder,The molecular basis of aminoacylase 1 deficiency.,Biochim Biophys Acta 1812:685-90 (2011),Glutamate metabolism,kegg_id_crossref,0.429
16465618,Aminoacylase 1 deficiency,Arginine biosynthesis,H01146,hsa00220,Inherited metabolic disorder,"Mutations in ACY1, the gene encoding aminoacylase 1, cause a novel inborn error of metabolism.",Am J Hum Genet 78:401-9 (2006),Glutamate metabolism,kegg_id_crossref,0.429
21414403,Aminoacylase 1 deficiency,2-Oxocarboxylic acid metabolism,H01146,hsa01210,Inherited metabolic disorder,The molecular basis of aminoacylase 1 deficiency.,Biochim Biophys Acta 1812:685-90 (2011),Citric acid cycle,kegg_id_crossref,0.529
16465618,Aminoacylase 1 deficiency,2-Oxocarboxylic acid metabolism,H01146,hsa01210,Inherited metabolic disorder,"Mutations in ACY1, the gene encoding aminoacylase 1, cause a novel inborn error of metabolism.",Am J Hum Genet 78:401-9 (2006),Citric acid cycle,kegg_id_crossref,0.529
15079002,Aromatic L-amino acid decarboxylase deficiency,Tyrosine metabolism,H01161,hsa00350(N01530),Nervous system disease,"Aromatic L-amino acid decarboxylase deficiency: clinical features, treatment, and prognosis.",Neurology 62:1058-65 (2004),Tyrosine metabolism,kegg_id_crossref,0.941
20505134,Aromatic L-amino acid decarboxylase deficiency,Tyrosine metabolism,H01161,hsa00350(N01530),Nervous system disease,Clinical and biochemical features of aromatic L-amino acid decarboxylase deficiency.,Neurology 75:64-71 (2010),Tyrosine metabolism,kegg_id_crossref,0.941
15079002,Aromatic L-amino acid decarboxylase deficiency,Tryptophan metabolism,H01161,hsa00380(N01551),Nervous system disease,"Aromatic L-amino acid decarboxylase deficiency: clinical features, treatment, and prognosis.",Neurology 62:1058-65 (2004),Tryptophan metabolism,kegg_id_crossref,0.955
20505134,Aromatic L-amino acid decarboxylase deficiency,Tryptophan metabolism,H01161,hsa00380(N01551),Nervous system disease,Clinical and biochemical features of aromatic L-amino acid decarboxylase deficiency.,Neurology 75:64-71 (2010),Tryptophan metabolism,kegg_id_crossref,0.955
16786527,Infantile bilateral striatal necrosis,Oxidative phosphorylation,H01177,hsa00190,Nervous system disease,Mutated nup62 causes autosomal recessive infantile bilateral striatal necrosis.,Ann Neurol 60:214-22 (2006),Oxidative phosphorylation,name_exact,1.0
14718703,Infantile bilateral striatal necrosis,Oxidative phosphorylation,H01177,hsa00190,Nervous system disease,Infantile bilateral striatal necrosis maps to chromosome 19q.,Neurology 62:87-90 (2004),Oxidative phosphorylation,name_exact,1.0
12374138,Infantile bilateral striatal necrosis,Oxidative phosphorylation,H01177,hsa00190,Nervous system disease,Familial infantile bilateral striatal necrosis: clinical features and response to biotin treatment.,Neurology 59:983-9 (2002),Oxidative phosphorylation,name_exact,1.0
16198210,Infantile bilateral striatal necrosis,Oxidative phosphorylation,H01177,hsa00190,Nervous system disease,Infantile bilateral striatal necrosis associated with human herpes virus-6 (HHV-6) infection.,Brain Dev 27:527-30 (2005),Oxidative phosphorylation,name_exact,1.0
7668837,Infantile bilateral striatal necrosis,Oxidative phosphorylation,H01177,hsa00190,Nervous system disease,A novel mitochondrial ATPase 6 point mutation in familial bilateral striatal necrosis.,Ann Neurol 38:468-72 (1995),Oxidative phosphorylation,name_exact,1.0
21696988,Biotinidase deficiency,Biotin metabolism,H01182,hsa00780,Inherited metabolic disorder,The neurology of biotinidase deficiency.,Mol Genet Metab 104:27-34 (2011),Biotin metabolism,name_exact,1.0
16251947,Tn syndrome,Mucin type O-glycan biosynthesis,H01188,hsa00512,Hematologic disease,Protein glycosylation: chaperone mutation in Tn syndrome.,Nature 437:1252 (2005),O-glycan metabolism,kegg_id_crossref,1.0
21259410,Tn syndrome,Mucin type O-glycan biosynthesis,H01188,hsa00512,Hematologic disease,The Tn antigen-structural simplicity and biological complexity.,Angew Chem Int Ed Engl 50:1770-91 (2011),O-glycan metabolism,kegg_id_crossref,1.0
10571017,Tn syndrome,Mucin type O-glycan biosynthesis,H01188,hsa00512,Hematologic disease,Tn-syndrome.,Biochim Biophys Acta 1455:255-68 (1999),O-glycan metabolism,kegg_id_crossref,1.0
19401148,Transaldolase deficiency,Pentose phosphate pathway,H01189,hsa00030,Inherited metabolic disorder,Transaldolase: from biochemistry to human disease.,Int J Biochem Cell Biol 41:1482-94 (2009),Pentose phosphate pathway,kegg_id_crossref,0.45
17613166,Transaldolase deficiency,Pentose phosphate pathway,H01189,hsa00030,Inherited metabolic disorder,The pathogenesis of transaldolase deficiency.,IUBMB Life 59:365-73 (2007),Pentose phosphate pathway,kegg_id_crossref,0.45
21119539,Transaldolase deficiency,Pentose phosphate pathway,H01189,hsa00030,Inherited metabolic disorder,Novel heterozygous mutations in TALDO1 gene causing transaldolase deficiency and early infantile liver failure.,J Pediatr Gastroenterol Nutr 52:113-6 (2011),Pentose phosphate pathway,kegg_id_crossref,0.45
18834968,Lysyl hydroxylase 3 deficiency,Lysine degradation,H01192,hsa00310,Congenital malformation,A connective tissue disorder caused by mutations of the lysyl hydroxylase 3 gene.,Am J Hum Genet 83:495-503 (2008),Lysine metabolism,kegg_id_crossref,0.929
19865099,Familial tumoral calcinosis,Mucin type O-glycan biosynthesis,H01193,hsa00512,Inherited metabolic disorder,Familial tumoral calcinosis: from characterization of a rare phenotype to the pathogenesis of ectopic calcification.,J Invest Dermatol 130:652-60 (2010),O-glycan metabolism,kegg_id_crossref,1.0
22142751,Familial tumoral calcinosis,Mucin type O-glycan biosynthesis,H01193,hsa00512,Inherited metabolic disorder,"Miscellaneous non-inflammatory musculoskeletal conditions. Hyperphosphatemic familial tumoral calcinosis (FGF23, GALNT3 and alphaKlotho).",Best Pract Res Clin Rheumatol 25:735-47 (2011),O-glycan metabolism,kegg_id_crossref,1.0
19013236,Familial tumoral calcinosis,Mucin type O-glycan biosynthesis,H01193,hsa00512,Inherited metabolic disorder,Familial tumoral calcinosis and the role of O-glycosylation in the maintenance of phosphate homeostasis.,Biochim Biophys Acta 1792:847-52 (2009),O-glycan metabolism,kegg_id_crossref,1.0
15133511,Familial tumoral calcinosis,Mucin type O-glycan biosynthesis,H01193,hsa00512,Inherited metabolic disorder,"Mutations in GALNT3, encoding a protein involved in O-linked glycosylation, cause familial tumoral calcinosis.",Nat Genet 36:579-81 (2004),O-glycan metabolism,kegg_id_crossref,1.0
15590700,Familial tumoral calcinosis,Mucin type O-glycan biosynthesis,H01193,hsa00512,Inherited metabolic disorder,An FGF23 missense mutation causes familial tumoral calcinosis with hyperphosphatemia.,Hum Mol Genet 14:385-90 (2005),O-glycan metabolism,kegg_id_crossref,1.0
17710231,Familial tumoral calcinosis,Mucin type O-glycan biosynthesis,H01193,hsa00512,Inherited metabolic disorder,A homozygous missense mutation in human KLOTHO causes severe tumoral calcinosis.,J Clin Invest 117:2684-91 (2007),O-glycan metabolism,kegg_id_crossref,1.0
16960814,Familial tumoral calcinosis,Mucin type O-glycan biosynthesis,H01193,hsa00512,Inherited metabolic disorder,A deleterious mutation in SAMD9 causes normophosphatemic familial tumoral calcinosis.,Am J Hum Genet 79:759-64 (2006),O-glycan metabolism,kegg_id_crossref,1.0
19865099,Familial tumoral calcinosis,Pentose and glucuronate interconversions,H01193,hsa00040,Inherited metabolic disorder,Familial tumoral calcinosis: from characterization of a rare phenotype to the pathogenesis of ectopic calcification.,J Invest Dermatol 130:652-60 (2010),Pentose phosphate pathway,kegg_id_crossref,0.55
22142751,Familial tumoral calcinosis,Pentose and glucuronate interconversions,H01193,hsa00040,Inherited metabolic disorder,"Miscellaneous non-inflammatory musculoskeletal conditions. Hyperphosphatemic familial tumoral calcinosis (FGF23, GALNT3 and alphaKlotho).",Best Pract Res Clin Rheumatol 25:735-47 (2011),Pentose phosphate pathway,kegg_id_crossref,0.55
19013236,Familial tumoral calcinosis,Pentose and glucuronate interconversions,H01193,hsa00040,Inherited metabolic disorder,Familial tumoral calcinosis and the role of O-glycosylation in the maintenance of phosphate homeostasis.,Biochim Biophys Acta 1792:847-52 (2009),Pentose phosphate pathway,kegg_id_crossref,0.55
15133511,Familial tumoral calcinosis,Pentose and glucuronate interconversions,H01193,hsa00040,Inherited metabolic disorder,"Mutations in GALNT3, encoding a protein involved in O-linked glycosylation, cause familial tumoral calcinosis.",Nat Genet 36:579-81 (2004),Pentose phosphate pathway,kegg_id_crossref,0.55
15590700,Familial tumoral calcinosis,Pentose and glucuronate interconversions,H01193,hsa00040,Inherited metabolic disorder,An FGF23 missense mutation causes familial tumoral calcinosis with hyperphosphatemia.,Hum Mol Genet 14:385-90 (2005),Pentose phosphate pathway,kegg_id_crossref,0.55
17710231,Familial tumoral calcinosis,Pentose and glucuronate interconversions,H01193,hsa00040,Inherited metabolic disorder,A homozygous missense mutation in human KLOTHO causes severe tumoral calcinosis.,J Clin Invest 117:2684-91 (2007),Pentose phosphate pathway,kegg_id_crossref,0.55
16960814,Familial tumoral calcinosis,Pentose and glucuronate interconversions,H01193,hsa00040,Inherited metabolic disorder,A deleterious mutation in SAMD9 causes normophosphatemic familial tumoral calcinosis.,Am J Hum Genet 79:759-64 (2006),Pentose phosphate pathway,kegg_id_crossref,0.55
19865099,Familial tumoral calcinosis,Starch and sucrose metabolism,H01193,hsa00500,Inherited metabolic disorder,Familial tumoral calcinosis: from characterization of a rare phenotype to the pathogenesis of ectopic calcification.,J Invest Dermatol 130:652-60 (2010),Starch and sucrose metabolism,kegg_id_crossref,0.875
22142751,Familial tumoral calcinosis,Starch and sucrose metabolism,H01193,hsa00500,Inherited metabolic disorder,"Miscellaneous non-inflammatory musculoskeletal conditions. Hyperphosphatemic familial tumoral calcinosis (FGF23, GALNT3 and alphaKlotho).",Best Pract Res Clin Rheumatol 25:735-47 (2011),Starch and sucrose metabolism,kegg_id_crossref,0.875
19013236,Familial tumoral calcinosis,Starch and sucrose metabolism,H01193,hsa00500,Inherited metabolic disorder,Familial tumoral calcinosis and the role of O-glycosylation in the maintenance of phosphate homeostasis.,Biochim Biophys Acta 1792:847-52 (2009),Starch and sucrose metabolism,kegg_id_crossref,0.875
15133511,Familial tumoral calcinosis,Starch and sucrose metabolism,H01193,hsa00500,Inherited metabolic disorder,"Mutations in GALNT3, encoding a protein involved in O-linked glycosylation, cause familial tumoral calcinosis.",Nat Genet 36:579-81 (2004),Starch and sucrose metabolism,kegg_id_crossref,0.875
15590700,Familial tumoral calcinosis,Starch and sucrose metabolism,H01193,hsa00500,Inherited metabolic disorder,An FGF23 missense mutation causes familial tumoral calcinosis with hyperphosphatemia.,Hum Mol Genet 14:385-90 (2005),Starch and sucrose metabolism,kegg_id_crossref,0.875
17710231,Familial tumoral calcinosis,Starch and sucrose metabolism,H01193,hsa00500,Inherited metabolic disorder,A homozygous missense mutation in human KLOTHO causes severe tumoral calcinosis.,J Clin Invest 117:2684-91 (2007),Starch and sucrose metabolism,kegg_id_crossref,0.875
16960814,Familial tumoral calcinosis,Starch and sucrose metabolism,H01193,hsa00500,Inherited metabolic disorder,A deleterious mutation in SAMD9 causes normophosphatemic familial tumoral calcinosis.,Am J Hum Genet 79:759-64 (2006),Starch and sucrose metabolism,kegg_id_crossref,0.875
12567415,X-linked chondrodysplasia punctata,Steroid biosynthesis,H01194,hsa00100,Congenital malformation,X-linked recessive chondrodysplasia punctata: spectrum of arylsulfatase E gene mutations and expanded clinical variability.,Am J Med Genet A 117A:164-8 (2003),Cholesterol metabolism,kegg_id_crossref,0.312
10391219,X-linked chondrodysplasia punctata,Steroid biosynthesis,H01194,hsa00100,Congenital malformation,"Mutations in the gene encoding 3 beta-hydroxysteroid-delta 8, delta 7-isomerase cause X-linked dominant Conradi-Hunermann syndrome.",Nat Genet 22:291-4 (1999),Cholesterol metabolism,kegg_id_crossref,0.312
22108709,Dihydrofolate reductase deficiency,One carbon pool by folate,H01197,hsa00670,Inherited metabolic disorder,Update and new concepts in vitamin responsive disorders of folate transport and metabolism.,J Inherit Metab Dis 35:665-70 (2012),Folate metabolism,kegg_id_crossref,1.0
21388369,Dihydrofolate reductase deficiency,One carbon pool by folate,H01197,hsa00670,Inherited metabolic disorder,Dihydrofolate reductase mutations-associated megaloblastic anemia and cerebral folate deficiency.,Clin Genet 79:507-8 (2011),Folate metabolism,kegg_id_crossref,1.0
21310276,Dihydrofolate reductase deficiency,One carbon pool by folate,H01197,hsa00670,Inherited metabolic disorder,Identification and characterization of an inborn error of metabolism caused by dihydrofolate reductase deficiency.,Am J Hum Genet 88:216-25 (2011),Folate metabolism,kegg_id_crossref,1.0
22108709,Dihydrofolate reductase deficiency,Folate biosynthesis,H01197,hsa00790,Inherited metabolic disorder,Update and new concepts in vitamin responsive disorders of folate transport and metabolism.,J Inherit Metab Dis 35:665-70 (2012),Tetrahydrobiopterin metabolism,kegg_id_crossref,0.8
21388369,Dihydrofolate reductase deficiency,Folate biosynthesis,H01197,hsa00790,Inherited metabolic disorder,Dihydrofolate reductase mutations-associated megaloblastic anemia and cerebral folate deficiency.,Clin Genet 79:507-8 (2011),Tetrahydrobiopterin metabolism,kegg_id_crossref,0.8
21310276,Dihydrofolate reductase deficiency,Folate biosynthesis,H01197,hsa00790,Inherited metabolic disorder,Identification and characterization of an inborn error of metabolism caused by dihydrofolate reductase deficiency.,Am J Hum Genet 88:216-25 (2011),Tetrahydrobiopterin metabolism,kegg_id_crossref,0.8
11111094,Hyperalphalipoproteinemia,Cholesterol metabolism,H01199,hsa04979,Inherited metabolic disorder,Molecular biology and pathophysiological aspects of plasma cholesteryl ester transfer protein.,Biochim Biophys Acta 1529:257-75 (2000),Cholesterol metabolism,name_exact,1.0
19074352,Hyperalphalipoproteinemia,Cholesterol metabolism,H01199,hsa04979,Inherited metabolic disorder,A null mutation in human APOC3 confers a favorable plasma lipid profile and apparent cardioprotection.,Science 322:1702-5 (2008),Cholesterol metabolism,name_exact,1.0
2022742,Hyperalphalipoproteinemia,Cholesterol metabolism,H01199,hsa04979,Inherited metabolic disorder,Apolipoprotein C-III(Lys58----Glu). Identification of an apolipoprotein C-III variant in a family with hyperalphalipoproteinemia.,J Clin Invest 87:1724-31 (1991),Cholesterol metabolism,name_exact,1.0
17187620,Fatal infantile cardioencephalomyopathy,Oxidative phosphorylation,H01200,hsa00190,Inherited metabolic disorder,Identification of a novel compound heterozygote SCO2 mutation in cytochrome c oxidase deficient fatal infantile cardioencephalomyopathy.,Acta Paediatr 96:130-2 (2007),Oxidative phosphorylation,name_exact,1.0
20159436,Fatal infantile cardioencephalomyopathy,Oxidative phosphorylation,H01200,hsa00190,Inherited metabolic disorder,A novel mutation in the SCO2 gene in a neonate with early-onset cardioencephalomyopathy.,Pediatr Neurol 42:227-30 (2010),Oxidative phosphorylation,name_exact,1.0
21412973,Fatal infantile cardioencephalomyopathy,Oxidative phosphorylation,H01200,hsa00190,Inherited metabolic disorder,Infantile cardioencephalopathy due to a COX15 gene defect: report and review.,Am J Med Genet A 155A:840-4 (2011),Oxidative phosphorylation,name_exact,1.0
21457908,Fatal infantile cardioencephalomyopathy,Oxidative phosphorylation,H01200,hsa00190,Inherited metabolic disorder,A mutation in C2orf64 causes impaired cytochrome c oxidase assembly and mitochondrial cardiomyopathy.,Am J Hum Genet 88:488-93 (2011),Oxidative phosphorylation,name_exact,1.0
25339201,Fatal infantile cardioencephalomyopathy,Oxidative phosphorylation,H01200,hsa00190,Inherited metabolic disorder,Mutations in COA6 cause cytochrome c oxidase deficiency and neonatal hypertrophic cardiomyopathy.,Hum Mutat 36:34-8 (2015),Oxidative phosphorylation,name_exact,1.0
21150024,Primary congenital glaucoma,Steroid hormone biosynthesis,H01203,hsa00140,Congenital malformation,Surgical management of glaucoma: evolving paradigms.,Indian J Ophthalmol 59 Suppl:S123-30 (2011),Steroid metabolism,kegg_id_crossref,1.0
22128238,Primary congenital glaucoma,Steroid hormone biosynthesis,H01203,hsa00140,Congenital malformation,Screening of CYP1B1 and LTBP2 genes in Saudi families with primary congenital glaucoma: genotype-phenotype correlation.,Mol Vis 17:2911-9 (2011),Steroid metabolism,kegg_id_crossref,1.0
27270174,Primary congenital glaucoma,Steroid hormone biosynthesis,H01203,hsa00140,Congenital malformation,Angiopoietin receptor TEK mutations underlie primary congenital glaucoma with variable expressivity.,J Clin Invest 126:2575-87 (2016),Steroid metabolism,kegg_id_crossref,1.0
21150024,Primary congenital glaucoma,Tryptophan metabolism,H01203,hsa00380,Congenital malformation,Surgical management of glaucoma: evolving paradigms.,Indian J Ophthalmol 59 Suppl:S123-30 (2011),Tryptophan metabolism,kegg_id_crossref,0.955
22128238,Primary congenital glaucoma,Tryptophan metabolism,H01203,hsa00380,Congenital malformation,Screening of CYP1B1 and LTBP2 genes in Saudi families with primary congenital glaucoma: genotype-phenotype correlation.,Mol Vis 17:2911-9 (2011),Tryptophan metabolism,kegg_id_crossref,0.955
27270174,Primary congenital glaucoma,Tryptophan metabolism,H01203,hsa00380,Congenital malformation,Angiopoietin receptor TEK mutations underlie primary congenital glaucoma with variable expressivity.,J Clin Invest 126:2575-87 (2016),Tryptophan metabolism,kegg_id_crossref,0.955
21150024,Primary congenital glaucoma,Metabolism of xenobiotics by cytochrome P450,H01203,hsa00980,Congenital malformation,Surgical management of glaucoma: evolving paradigms.,Indian J Ophthalmol 59 Suppl:S123-30 (2011),Drug metabolism,name_exact,1.0
22128238,Primary congenital glaucoma,Metabolism of xenobiotics by cytochrome P450,H01203,hsa00980,Congenital malformation,Screening of CYP1B1 and LTBP2 genes in Saudi families with primary congenital glaucoma: genotype-phenotype correlation.,Mol Vis 17:2911-9 (2011),Drug metabolism,name_exact,1.0
27270174,Primary congenital glaucoma,Metabolism of xenobiotics by cytochrome P450,H01203,hsa00980,Congenital malformation,Angiopoietin receptor TEK mutations underlie primary congenital glaucoma with variable expressivity.,J Clin Invest 126:2575-87 (2016),Drug metabolism,name_exact,1.0
19952297,Coumarin resistance,Ubiquinone and other terpenoid-quinone biosynthesis,H01205,hsa00130,Inherited metabolic disorder,An algorithm for managing warfarin resistance.,Cleve Clin J Med 76:724-30 (2009),Ubiquinone synthesis,kegg_id_crossref,1.0
17048007,Coumarin resistance,Ubiquinone and other terpenoid-quinone biosynthesis,H01205,hsa00130,Inherited metabolic disorder,Association of warfarin dose with genes involved in its action and metabolism.,Hum Genet 121:23-34 (2007),Ubiquinone synthesis,kegg_id_crossref,1.0
10781881,Coumarin resistance,Ubiquinone and other terpenoid-quinone biosynthesis,H01205,hsa00130,Inherited metabolic disorder,CYP2A6: a human coumarin 7-hydroxylase.,Toxicology 144:139-47 (2000),Ubiquinone synthesis,kegg_id_crossref,1.0
19952297,Coumarin resistance,Retinol metabolism,H01205,hsa00830,Inherited metabolic disorder,An algorithm for managing warfarin resistance.,Cleve Clin J Med 76:724-30 (2009),Vitamin A metabolism,kegg_id_crossref,0.8
17048007,Coumarin resistance,Retinol metabolism,H01205,hsa00830,Inherited metabolic disorder,Association of warfarin dose with genes involved in its action and metabolism.,Hum Genet 121:23-34 (2007),Vitamin A metabolism,kegg_id_crossref,0.8
10781881,Coumarin resistance,Retinol metabolism,H01205,hsa00830,Inherited metabolic disorder,CYP2A6: a human coumarin 7-hydroxylase.,Toxicology 144:139-47 (2000),Vitamin A metabolism,kegg_id_crossref,0.8
19952297,Coumarin resistance,Metabolism of xenobiotics by cytochrome P450,H01205,hsa00980,Inherited metabolic disorder,An algorithm for managing warfarin resistance.,Cleve Clin J Med 76:724-30 (2009),Drug metabolism,name_exact,1.0
17048007,Coumarin resistance,Metabolism of xenobiotics by cytochrome P450,H01205,hsa00980,Inherited metabolic disorder,Association of warfarin dose with genes involved in its action and metabolism.,Hum Genet 121:23-34 (2007),Drug metabolism,name_exact,1.0
10781881,Coumarin resistance,Metabolism of xenobiotics by cytochrome P450,H01205,hsa00980,Inherited metabolic disorder,CYP2A6: a human coumarin 7-hydroxylase.,Toxicology 144:139-47 (2000),Drug metabolism,name_exact,1.0
15696852,Gallbladder disease,Cholesterol metabolism,H01213,hsa04979,Digestive system disease,Relevance of hereditary defects in lipid transport proteins for the pathogenesis of cholesterol gallstone disease.,Scand J Gastroenterol Suppl 60-9 (2004),Cholesterol metabolism,name_exact,1.0
20594224,Gallbladder disease,Cholesterol metabolism,H01213,hsa04979,Digestive system disease,Hepatic cholesterol transporter ABCG8 polymorphisms in gallstone disease in an Indian population.,J Gastroenterol Hepatol 25:1093-8 (2010),Cholesterol metabolism,name_exact,1.0
17562004,Gallbladder disease,Cholesterol metabolism,H01213,hsa04979,Digestive system disease,Low phospholipid associated cholelithiasis: association with mutation in the MDR3/ABCB4 gene.,Orphanet J Rare Dis 2:29 (2007),Cholesterol metabolism,name_exact,1.0
19803550,Gallbladder disease,Cholesterol metabolism,H01213,hsa04979,Digestive system disease,Nutritional approaches to prevention and treatment of gallstones.,Altern Med Rev 14:258-67 (2009),Cholesterol metabolism,name_exact,1.0
16601864,D-2-hydroxyglutaric aciduria,2-Oxocarboxylic acid metabolism,H01225,hsa01210,Inherited metabolic disorder,D-2-Hydroxyglutaric aciduria: unravelling the biochemical pathway and the genetic defect.,J Inherit Metab Dis 29:21-9 (2006),Citric acid cycle,kegg_id_crossref,0.529
15609246,D-2-hydroxyglutaric aciduria,2-Oxocarboxylic acid metabolism,H01225,hsa01210,Inherited metabolic disorder,Mutations in the D-2-hydroxyglutarate dehydrogenase gene cause D-2-hydroxyglutaric aciduria.,Am J Hum Genet 76:358-60 (2005),Citric acid cycle,kegg_id_crossref,0.529
20847235,D-2-hydroxyglutaric aciduria,2-Oxocarboxylic acid metabolism,H01225,hsa01210,Inherited metabolic disorder,IDH2 mutations in patients with D-2-hydroxyglutaric aciduria.,Science 330:336 (2010),Citric acid cycle,kegg_id_crossref,0.529
16601864,D-2-hydroxyglutaric aciduria,Citrate cycle (TCA cycle),H01225,hsa00020,Inherited metabolic disorder,D-2-Hydroxyglutaric aciduria: unravelling the biochemical pathway and the genetic defect.,J Inherit Metab Dis 29:21-9 (2006),Citric acid cycle,kegg_id_crossref,0.588
15609246,D-2-hydroxyglutaric aciduria,Citrate cycle (TCA cycle),H01225,hsa00020,Inherited metabolic disorder,Mutations in the D-2-hydroxyglutarate dehydrogenase gene cause D-2-hydroxyglutaric aciduria.,Am J Hum Genet 76:358-60 (2005),Citric acid cycle,kegg_id_crossref,0.588
20847235,D-2-hydroxyglutaric aciduria,Citrate cycle (TCA cycle),H01225,hsa00020,Inherited metabolic disorder,IDH2 mutations in patients with D-2-hydroxyglutaric aciduria.,Science 330:336 (2010),Citric acid cycle,kegg_id_crossref,0.588
19304569,Urocanase deficiency,Histidine metabolism,H01233,hsa00340,Inherited metabolic disorder,Mutations in the urocanase gene UROC1 are associated with urocanic aciduria.,J Med Genet 46:407-11 (2009),Histidine metabolism,kegg_id_crossref,1.0
5124677,Urocanase deficiency,Histidine metabolism,H01233,hsa00340,Inherited metabolic disorder,Urocanic aciduria: a defect in the urocanase activity in the liver of a mentally retarded.,Tohoku J Exp Med 104:305-12 (1971),Histidine metabolism,kegg_id_crossref,1.0
1371116,Combined SAP deficiency,Sphingolipid metabolism,H01239,hsa00600,"Inherited metabolic disorder, Lysosomal disease",Simultaneous deficiency of sphingolipid activator proteins 1 and 2 is caused by a mutation in the initiation codon of their common gene.,J Biol Chem 267:3312-5 (1992),Sphingolipid metabolism,kegg_id_crossref,0.714
11309366,Combined SAP deficiency,Sphingolipid metabolism,H01239,hsa00600,"Inherited metabolic disorder, Lysosomal disease","A novel mutation in the coding region of the prosaposin gene leads to a complete deficiency of prosaposin and saposins, and is associated with a complex sphingolipidosis dominated by lactosylceramide accumulation.",Hum Mol Genet 10:927-40 (2001),Sphingolipid metabolism,kegg_id_crossref,0.714
17353235,Combined SAP deficiency,Sphingolipid metabolism,H01239,hsa00600,"Inherited metabolic disorder, Lysosomal disease","Combined saposin C and D deficiencies in mice lead to a neuronopathic phenotype, glucosylceramide and alpha-hydroxy ceramide accumulation, and altered prosaposin trafficking.",Hum Mol Genet 16:957-71 (2007),Sphingolipid metabolism,kegg_id_crossref,0.714
10775527,Saccharopinuria,Lysine degradation,H01242,hsa00310,Inherited metabolic disorder,"Identification of the alpha-aminoadipic semialdehyde synthase gene, which is defective in familial hyperlysinemia.",Am J Hum Genet 66:1736-43 (2000),Lysine metabolism,kegg_id_crossref,0.929
463877,Saccharopinuria,Lysine degradation,H01242,hsa00310,Inherited metabolic disorder,"Familial hyperlysinemia: enzyme studies, diagnostic methods, comments on terminology.",Am J Hum Genet 31:290-9 (1979),Lysine metabolism,kegg_id_crossref,0.929
16491085,Pyridoxine-dependent epilepsy,Lysine degradation,H01247,hsa00310,Nervous system disease,Mutations in antiquitin in individuals with pyridoxine-dependent seizures.,Nat Med 12:307-9 (2006),Lysine metabolism,kegg_id_crossref,0.929
21704546,Pyridoxine-dependent epilepsy,Lysine degradation,H01247,hsa00310,Nervous system disease,"Pyridoxine dependent epilepsy and antiquitin deficiency: clinical and molecular characteristics and recommendations for diagnosis, treatment and follow-up.",Mol Genet Metab 104:48-60 (2011),Lysine metabolism,kegg_id_crossref,0.929
10407778,GABA-transaminase deficiency,"Alanine, aspartate and glutamate metabolism",H01257,hsa00250,Inherited metabolic disorder,4-Aminobutyrate aminotransferase (GABA-transaminase) deficiency.,J Inherit Metab Dis 22:414-27 (1999),Alanine and aspartate metabolism,kegg_id_crossref,0.923
12815595,Formiminotransferase deficiency,Histidine metabolism,H01262,hsa00340,Inherited metabolic disorder,The molecular basis of glutamate formiminotransferase deficiency.,Hum Mutat 22:67-73 (2003),Histidine metabolism,kegg_id_crossref,1.0
12815595,Formiminotransferase deficiency,One carbon pool by folate,H01262,hsa00670,Inherited metabolic disorder,The molecular basis of glutamate formiminotransferase deficiency.,Hum Mutat 22:67-73 (2003),Folate metabolism,kegg_id_crossref,1.0
17951468,Hypercarotenemia and vitamin A deficiency,Retinol metabolism,H01266,hsa00830,Inherited metabolic disorder,"Loss-of-function mutation in carotenoid 15,15'-monooxygenase identified in a patient with hypercarotenemia and hypovitaminosis A.",J Nutr 137:2346-50 (2007),Vitamin A metabolism,kegg_id_crossref,0.8
16356235,Familial hyperinsulinemic hypoglycemia,Carbon metabolism,H01267,hsa01200,Inherited metabolic disorder,Bench-to-bedside review: Antidotal treatment of sulfonylurea-induced hypoglycaemia with octreotide.,Crit Care 9:543-9 (2005),Citric acid cycle,kegg_id_crossref,1.0
21378225,Familial hyperinsulinemic hypoglycemia,Carbon metabolism,H01267,hsa01200,Inherited metabolic disorder,Nesidioblastosis no longer! It's all about genetics.,J Clin Endocrinol Metab 96:617-9 (2011),Citric acid cycle,kegg_id_crossref,1.0
16357843,Familial hyperinsulinemic hypoglycemia,Carbon metabolism,H01267,hsa01200,Inherited metabolic disorder,Molecular and immunohistochemical analyses of the focal form of congenital hyperinsulinism.,Mod Pathol 19:122-9 (2006),Citric acid cycle,kegg_id_crossref,1.0
15356046,Familial hyperinsulinemic hypoglycemia,Carbon metabolism,H01267,hsa01200,Inherited metabolic disorder,Familial leucine-sensitive hypoglycemia of infancy due to a dominant mutation of the beta-cell sulfonylurea receptor.,J Clin Endocrinol Metab 89:4450-6 (2004),Citric acid cycle,kegg_id_crossref,1.0
9435328,Familial hyperinsulinemic hypoglycemia,Carbon metabolism,H01267,hsa01200,Inherited metabolic disorder,Familial hyperinsulinism caused by an activating glucokinase mutation.,N Engl J Med 338:226-30 (1998),Citric acid cycle,kegg_id_crossref,1.0
11489939,Familial hyperinsulinemic hypoglycemia,Carbon metabolism,H01267,hsa01200,Inherited metabolic disorder,Hyperinsulinism in short-chain L-3-hydroxyacyl-CoA dehydrogenase deficiency reveals the importance of beta-oxidation in insulin secretion.,J Clin Invest 108:457-65 (2001),Citric acid cycle,kegg_id_crossref,1.0
15161766,Familial hyperinsulinemic hypoglycemia,Carbon metabolism,H01267,hsa01200,Inherited metabolic disorder,A novel syndrome of autosomal-dominant hyperinsulinemic hypoglycemia linked to a mutation in the human insulin receptor gene.,Diabetes 53:1592-8 (2004),Citric acid cycle,kegg_id_crossref,1.0
9571255,Familial hyperinsulinemic hypoglycemia,Carbon metabolism,H01267,hsa01200,Inherited metabolic disorder,Hyperinsulinism and hyperammonemia in infants with regulatory mutations of the glutamate dehydrogenase gene.,N Engl J Med 338:1352-7 (1998),Citric acid cycle,kegg_id_crossref,1.0
17701893,Familial hyperinsulinemic hypoglycemia,Carbon metabolism,H01267,hsa01200,Inherited metabolic disorder,Physical exercise-induced hypoglycemia caused by failed silencing of monocarboxylate transporter 1 in pancreatic beta cells.,Am J Hum Genet 81:467-74 (2007),Citric acid cycle,kegg_id_crossref,1.0
34576089,Familial hyperinsulinemic hypoglycemia,Carbon metabolism,H01267,hsa01200,Inherited metabolic disorder,Uridine Treatment of the First Known Case of SLC25A36 Deficiency.,Int J Mol Sci 22:ijms22189929 (2021),Citric acid cycle,kegg_id_crossref,1.0
12551903,Familial hypobetalipoproteinemia,Cholesterol metabolism,H01270,hsa04979,Inherited metabolic disorder,"A novel nontruncating APOB gene mutation, R463W, causes familial hypobetalipoproteinemia.",J Biol Chem 278:13442-52 (2003),Cholesterol metabolism,name_exact,1.0
20942659,Familial hypobetalipoproteinemia,Cholesterol metabolism,H01270,hsa04979,Inherited metabolic disorder,"Exome sequencing, ANGPTL3 mutations, and familial combined hypolipidemia.",N Engl J Med 363:2220-7 (2010),Cholesterol metabolism,name_exact,1.0
12359132,Isobutyryl-CoA dehydrogenase deficiency,"Valine, leucine and isoleucine degradation",H01279,hsa00280(N00852),Inherited metabolic disorder,Identification of isobutyryl-CoA dehydrogenase and its deficiency in humans.,Mol Genet Metab 77:68-79 (2002),"Valine, leucine, and isoleucine metabolism",kegg_id_crossref,0.85
16857760,Isobutyryl-CoA dehydrogenase deficiency,"Valine, leucine and isoleucine degradation",H01279,hsa00280(N00852),Inherited metabolic disorder,Variations in IBD (ACAD8) in children with elevated C4-carnitine detected by tandem mass spectrometry newborn screening.,Pediatr Res 60:315-20 (2006),"Valine, leucine, and isoleucine metabolism",kegg_id_crossref,0.85
15548604,L-2-hydroxyglutaric aciduria,Butanoate metabolism,H01280,hsa00650,Inherited metabolic disorder,A gene encoding a putative FAD-dependent L-2-hydroxyglutarate dehydrogenase is mutated in L-2-hydroxyglutaric aciduria.,Proc Natl Acad Sci U S A 101:16849-54 (2004),Butanoate metabolism,kegg_id_crossref,1.0
15385440,L-2-hydroxyglutaric aciduria,Butanoate metabolism,H01280,hsa00650,Inherited metabolic disorder,"L-2-Hydroxyglutaric aciduria: identification of a mutant gene C14orf160, localized on chromosome 14q22.1.",Hum Mol Genet 13:2803-11 (2004),Butanoate metabolism,kegg_id_crossref,1.0
16134148,L-2-hydroxyglutaric aciduria,Butanoate metabolism,H01280,hsa00650,Inherited metabolic disorder,Novel L2HGDH mutations in 21 patients with L-2-hydroxyglutaric aciduria of Portuguese origin.,Hum Mutat 26:395-6 (2005),Butanoate metabolism,kegg_id_crossref,1.0
12812989,Lathosterolosis,Steroid biosynthesis,H01281,hsa00100,Inherited metabolic disorder,Lathosterolosis: an inborn error of human and murine cholesterol synthesis due to lathosterol 5-desaturase deficiency.,Hum Mol Genet 12:1631-41 (2003),Cholesterol metabolism,kegg_id_crossref,0.312
12189593,Lathosterolosis,Steroid biosynthesis,H01281,hsa00100,Inherited metabolic disorder,"Lathosterolosis, a novel multiple-malformation/mental retardation syndrome due to deficiency of 3beta-hydroxysteroid-delta5-desaturase.",Am J Hum Genet 71:952-8 (2002),Cholesterol metabolism,kegg_id_crossref,0.312
10417274,Malonyl-CoA decarboxylase deficiency,beta-Alanine metabolism,H01283,hsa00410,Inherited metabolic disorder,The molecular basis of malonyl-CoA decarboxylase deficiency.,Am J Hum Genet 65:318-26 (1999),Beta-Alanine metabolism,kegg_id_crossref,1.0
11550227,Malonyl-CoA decarboxylase deficiency,beta-Alanine metabolism,H01283,hsa00410,Inherited metabolic disorder,Malonyl CoA decarboxylase deficiency: C to T transition in intron 2 of the MCD gene.,J Neurosci Res 65:591-4 (2001),Beta-Alanine metabolism,kegg_id_crossref,1.0
10417274,Malonyl-CoA decarboxylase deficiency,Propanoate metabolism,H01283,hsa00640,Inherited metabolic disorder,The molecular basis of malonyl-CoA decarboxylase deficiency.,Am J Hum Genet 65:318-26 (1999),Propanoate metabolism,kegg_id_crossref,0.667
11550227,Malonyl-CoA decarboxylase deficiency,Propanoate metabolism,H01283,hsa00640,Inherited metabolic disorder,Malonyl CoA decarboxylase deficiency: C to T transition in intron 2 of the MCD gene.,J Neurosci Res 65:591-4 (2001),Propanoate metabolism,kegg_id_crossref,0.667
12068375,Methylcobalamin deficiency type G,Cysteine and methionine metabolism,H01285,hsa00270,Inherited metabolic disorder,"Hyperhomocysteinemia due to methionine synthase deficiency, cblG: structure of the MTR gene, genotype diversity, and recognition of a common mutation, P1173L.",Am J Hum Genet 71:143-53 (2002),Methionine and cysteine metabolism,kegg_id_crossref,0.75
12068375,Methylcobalamin deficiency type G,One carbon pool by folate,H01285,hsa00670,Inherited metabolic disorder,"Hyperhomocysteinemia due to methionine synthase deficiency, cblG: structure of the MTR gene, genotype diversity, and recognition of a common mutation, P1173L.",Am J Hum Genet 71:143-53 (2002),Folate metabolism,kegg_id_crossref,1.0
18817903,Acute recurrent myoglobinuria,Glycerophospholipid metabolism,H01290,hsa00564,Inherited metabolic disorder,Mutations in LPIN1 cause recurrent acute myoglobinuria in childhood.,Am J Hum Genet 83:489-94 (2008),Oxidative phosphorylation,kegg_id_crossref,1.0
26095523,MELAS syndrome,Oxidative phosphorylation,H01347,hsa00190,"Inherited metabolic disorder, Mitochondrial disease","MELAS syndrome: Clinical manifestations, pathogenesis, and treatment options.",Mol Genet Metab 116:4-12 (2015),Oxidative phosphorylation,name_exact,1.0
9771776,MELAS syndrome,Oxidative phosphorylation,H01347,hsa00190,"Inherited metabolic disorder, Mitochondrial disease",MELAS: a new disease associated mitochondrial DNA mutation and evidence for further genetic heterogeneity.,J Neurol Neurosurg Psychiatry 65:512-7 (1998),Oxidative phosphorylation,name_exact,1.0
21944974,MELAS syndrome,Oxidative phosphorylation,H01347,hsa00190,"Inherited metabolic disorder, Mitochondrial disease",Molecular pathology of MELAS and L-arginine effects.,Biochim Biophys Acta 1820:608-14 (2012),Oxidative phosphorylation,name_exact,1.0
20649546,MELAS syndrome,Oxidative phosphorylation,H01347,hsa00190,"Inherited metabolic disorder, Mitochondrial disease",MELAS and L-arginine therapy: pathophysiology of stroke-like episodes.,Ann N Y Acad Sci 1201:104-10 (2010),Oxidative phosphorylation,name_exact,1.0
21540128,MELAS syndrome,Oxidative phosphorylation,H01347,hsa00190,"Inherited metabolic disorder, Mitochondrial disease","Mutation in the mitochondrial tRNA(Val) causes mitochondrial encephalopathy, lactic acidosis and stroke-like episodes.",Mitochondrion 11:615-9 (2011),Oxidative phosphorylation,name_exact,1.0
26297375,MELAS syndrome,Oxidative phosphorylation,H01347,hsa00190,"Inherited metabolic disorder, Mitochondrial disease",Molecular pathomechanisms and cell-type-specific disease phenotypes of MELAS caused by mutant mitochondrial tRNA(Trp).,Acta Neuropathol Commun 3:52 (2015),Oxidative phosphorylation,name_exact,1.0
15466014,MELAS syndrome,Oxidative phosphorylation,H01347,hsa00190,"Inherited metabolic disorder, Mitochondrial disease",Mutations of the mitochondrial ND1 gene as a cause of MELAS.,J Med Genet 41:784-9 (2004),Oxidative phosphorylation,name_exact,1.0
9894888,MELAS syndrome,Oxidative phosphorylation,H01347,hsa00190,"Inherited metabolic disorder, Mitochondrial disease",A 4-base pair deletion in the mitochondrial cytochrome b gene associated with parkinsonism/MELAS overlap syndrome.,Ann Neurol 45:130-3 (1999),Oxidative phosphorylation,name_exact,1.0
17160907,Methacrylic aciduria,"Valine, leucine and isoleucine degradation",H01349,hsa00280(N00852),"Inherited metabolic disorder, Mitochondrial disease",Mutations in the gene encoding 3-hydroxyisobutyryl-CoA hydrolase results in progressive infantile neurodegeneration.,Am J Hum Genet 80:195-9 (2007),"Valine, leucine, and isoleucine metabolism",kegg_id_crossref,0.85
24299452,Methacrylic aciduria,"Valine, leucine and isoleucine degradation",H01349,hsa00280(N00852),"Inherited metabolic disorder, Mitochondrial disease",HIBCH mutations can cause Leigh-like disease with combined deficiency of multiple mitochondrial respiratory chain enzymes and pyruvate dehydrogenase.,Orphanet J Rare Dis 8:188 (2013),"Valine, leucine, and isoleucine metabolism",kegg_id_crossref,0.85
14630990,Mitochondrial trifunctional protein deficiency,Fatty acid degradation,H01352,hsa00071(N00804),"Inherited metabolic disorder, Mitochondrial disease",General mitochondrial trifunctional protein (TFP) deficiency as a result of either alpha- or beta-subunit mutations exhibits similar phenotypes because mutations in either subunit alter TFP complex expression and subunit turnover.,Pediatr Res 55:190-6 (2004),Fatty acid oxidation,kegg_id_crossref,0.581
23868323,Mitochondrial trifunctional protein deficiency,Fatty acid degradation,H01352,hsa00071(N00804),"Inherited metabolic disorder, Mitochondrial disease",Mitochondrial trifunctional protein deficiency: a rare cause of adult-onset rhabdomyolysis.,Muscle Nerve 48:989-91 (2013),Fatty acid oxidation,kegg_id_crossref,0.581
12621125,Mitochondrial trifunctional protein deficiency,Fatty acid degradation,H01352,hsa00071(N00804),"Inherited metabolic disorder, Mitochondrial disease",Accumulation of 3-hydroxy-fatty acids in the culture medium of long-chain L-3-hydroxyacyl CoA dehydrogenase (LCHAD) and mitochondrial trifunctional protein-deficient skin fibroblasts: implications for medium chain triglyceride dietary treatment of LCHAD deficiency.,Pediatr Res 53:783-7 (2003),Fatty acid oxidation,kegg_id_crossref,0.581
9739053,Mitochondrial trifunctional protein deficiency,Fatty acid degradation,H01352,hsa00071(N00804),"Inherited metabolic disorder, Mitochondrial disease",Mild trifunctional protein deficiency is associated with progressive neuropathy and myopathy and suggests a novel genotype-phenotype correlation.,J Clin Invest 102:1193-9 (1998),Fatty acid oxidation,kegg_id_crossref,0.581
8651282,Mitochondrial trifunctional protein deficiency,Fatty acid degradation,H01352,hsa00071(N00804),"Inherited metabolic disorder, Mitochondrial disease",Molecular characterization of mitochondrial trifunctional protein deficiency: formation of the enzyme complex is important for stabilization of both alpha- and  beta-subunits.,Am J Hum Genet 58:979-88 (1996),Fatty acid oxidation,kegg_id_crossref,0.581
18805359,Leigh syndrome,Oxidative phosphorylation,H01354,hsa00190,"Inherited metabolic disorder, Mitochondrial disease",Leigh and Leigh-like syndrome in children and adults.,Pediatr Neurol 39:223-35 (2008),Oxidative phosphorylation,name_exact,1.0
8687187,Leigh syndrome,Oxidative phosphorylation,H01354,hsa00190,"Inherited metabolic disorder, Mitochondrial disease",Deficiency of respiratory chain complex I is a common cause of Leigh disease.,Ann Neurol 40:25-30 (1996),Oxidative phosphorylation,name_exact,1.0
21266382,Leigh syndrome,Oxidative phosphorylation,H01354,hsa00190,"Inherited metabolic disorder, Mitochondrial disease",LRPPRC mutations cause a phenotypically distinct form of Leigh syndrome with cytochrome c oxidase deficiency.,J Med Genet 48:183-9 (2011),Oxidative phosphorylation,name_exact,1.0
11799391,Leigh syndrome,Oxidative phosphorylation,H01354,hsa00190,"Inherited metabolic disorder, Mitochondrial disease",Multiple neonatal deaths due to a homoplasmic mitochondrial DNA mutation.,Nat Genet 30:145-6 (2002),Oxidative phosphorylation,name_exact,1.0
24374964,Leigh syndrome,Oxidative phosphorylation,H01354,hsa00190,"Inherited metabolic disorder, Mitochondrial disease","""Drop attacks"" as first clinical symptoms in a child carrying MTTK m.8344A>G mutation.",Folia Neuropathol 51:347-54 (2013),Oxidative phosphorylation,name_exact,1.0
9266739,Leigh syndrome,Oxidative phosphorylation,H01354,hsa00190,"Inherited metabolic disorder, Mitochondrial disease",Maternally inherited encephalopathy associated with a single-base insertion in the mitochondrial tRNATrp gene.,Ann Neurol 42:256-60 (1997),Oxidative phosphorylation,name_exact,1.0
17352390,Leigh syndrome,Oxidative phosphorylation,H01354,hsa00190,"Inherited metabolic disorder, Mitochondrial disease","Late onset Leigh syndrome and ataxia due to a T to C mutation at bp 9,185 of mitochondrial DNA.",Am J Med Genet A 143A:808-16 (2007),Oxidative phosphorylation,name_exact,1.0
23421922,Kearns-Sayre syndrome,Oxidative phosphorylation,H01355,hsa00190,Inherited metabolic disorder,A novel mitochondrial DNA deletion in a patient with Kearns-Sayre syndrome: a late-onset of the fatal cardiac conduction deficit and cardiomyopathy accompanying long-term rGH treatment.,BMC Pediatr 13:27 (2013),Oxidative phosphorylation,name_exact,1.0
9727847,Kearns-Sayre syndrome,Oxidative phosphorylation,H01355,hsa00190,Inherited metabolic disorder,Mitochondrial DNA deletion with Kearns Sayre syndrome in a child with Addison disease.,Eur J Pediatr 157:643-7 (1998),Oxidative phosphorylation,name_exact,1.0
1910259,Myoclonic Epilepsy and Ragged-Red Fiber Disease,Oxidative phosphorylation,H01356,hsa00190,"Inherited metabolic disorder, Mitochondrial disease",A tRNA(Lys) mutation in the mtDNA is the causal genetic lesion underlying myoclonic epilepsy and ragged-red fiber (MERRF) syndrome.,Am J Hum Genet 49:715-22 (1991),Oxidative phosphorylation,name_exact,1.0
24338029,Myoclonic Epilepsy and Ragged-Red Fiber Disease,Oxidative phosphorylation,H01356,hsa00190,"Inherited metabolic disorder, Mitochondrial disease",MERRF/MELAS overlap syndrome due to the m.3291T&gt;C mutation.,Metab Brain Dis 29:139-44 (2014),Oxidative phosphorylation,name_exact,1.0
20953793,NARP syndrome,Oxidative phosphorylation,H01363,hsa00190,"Inherited metabolic disorder, Mitochondrial disease",Heterogeneous patterns of tissue injury in NARP syndrome.,J Neurol 258:440-8 (2011),Oxidative phosphorylation,name_exact,1.0
16176262,3-Hydroxyacyl-CoA dehydrogenase deficiency,Fatty acid degradation,H01364,hsa00071(N00804),"Inherited metabolic disorder, Mitochondrial disease",3-Hydroxyacyl-CoA dehydrogenase and short chain 3-hydroxyacyl-CoA dehydrogenase in human health and disease.,FEBS J 272:4874-83 (2005),Fatty acid oxidation,kegg_id_crossref,0.581
21347589,3-Hydroxyacyl-CoA dehydrogenase deficiency,Fatty acid degradation,H01364,hsa00071(N00804),"Inherited metabolic disorder, Mitochondrial disease",Short-chain 3-hydroxyacyl-CoA dehydrogenase deficiency: the clinical relevance of an early diagnosis and report of four new cases.,J Inherit Metab Dis 34:835-42 (2011),Fatty acid oxidation,kegg_id_crossref,0.581
22579592,3-Hydroxyacyl-CoA dehydrogenase deficiency,Fatty acid degradation,H01364,hsa00071(N00804),"Inherited metabolic disorder, Mitochondrial disease",Diagnosis of a patient with a kinetic variant of medium and short-chain 3-hydroxyacyl-CoA dehydrogenase deficiency by newborn screening.,Mol Genet Metab 106:277-80 (2012),Fatty acid oxidation,kegg_id_crossref,0.581
8016139,Leber hereditary optic neuropathy and dystonia,Oxidative phosphorylation,H01365,hsa00190,Inherited metabolic disorder,A mitochondrial DNA mutation at nucleotide pair 14459 of the NADH dehydrogenase subunit 6 gene associated with maternally inherited Leber hereditary optic neuropathy and dystonia.,Proc Natl Acad Sci U S A 91:6206-10 (1994),Oxidative phosphorylation,name_exact,1.0
19458970,Leber hereditary optic neuropathy and dystonia,Oxidative phosphorylation,H01365,hsa00190,Inherited metabolic disorder,Mitochondrial ND3 as the novel causative gene for Leber hereditary optic neuropathy and dystonia.,Neurogenetics 10:337-45 (2009),Oxidative phosphorylation,name_exact,1.0
17562939,Leber hereditary optic neuropathy and dystonia,Oxidative phosphorylation,H01365,hsa00190,Inherited metabolic disorder,A MELAS-associated ND1 mutation causing leber hereditary optic neuropathy and spastic dystonia.,Arch Neurol 64:890-3 (2007),Oxidative phosphorylation,name_exact,1.0
11579424,Cytochrome c oxidase (COX) deficiency,Oxidative phosphorylation,H01368,hsa00190,"Inherited metabolic disorder, Mitochondrial disease",Cytochrome c oxidase deficiency.,Am J Med Genet 106:46-52 (2001),Oxidative phosphorylation,name_exact,1.0
9843204,Cytochrome c oxidase (COX) deficiency,Oxidative phosphorylation,H01368,hsa00190,"Inherited metabolic disorder, Mitochondrial disease","SURF1, encoding a factor involved in the biogenesis of cytochrome c oxidase, is mutated in Leigh syndrome.",Nat Genet 20:337-43 (1998),Oxidative phosphorylation,name_exact,1.0
10545952,Cytochrome c oxidase (COX) deficiency,Oxidative phosphorylation,H01368,hsa00190,"Inherited metabolic disorder, Mitochondrial disease","Fatal infantile cardioencephalomyopathy with COX deficiency and mutations in SCO2, a COX assembly gene.",Nat Genet 23:333-7 (1999),Oxidative phosphorylation,name_exact,1.0
10767350,Cytochrome c oxidase (COX) deficiency,Oxidative phosphorylation,H01368,hsa00190,"Inherited metabolic disorder, Mitochondrial disease",A mutation in the human heme A:farnesyltransferase gene (COX10 ) causes cytochrome c oxidase deficiency.,Hum Mol Genet 9:1245-9 (2000),Oxidative phosphorylation,name_exact,1.0
11013136,Cytochrome c oxidase (COX) deficiency,Oxidative phosphorylation,H01368,hsa00190,"Inherited metabolic disorder, Mitochondrial disease",Mutations of the SCO1 gene in mitochondrial cytochrome c oxidase deficiency with neonatal-onset hepatic failure and encephalopathy.,Am J Hum Genet 67:1104-9 (2000),Oxidative phosphorylation,name_exact,1.0
12529507,Cytochrome c oxidase (COX) deficiency,Oxidative phosphorylation,H01368,hsa00190,"Inherited metabolic disorder, Mitochondrial disease",Identification of a gene causing human cytochrome c oxidase deficiency by integrative genomics.,Proc Natl Acad Sci U S A 100:605-10 (2003),Oxidative phosphorylation,name_exact,1.0
21412973,Cytochrome c oxidase (COX) deficiency,Oxidative phosphorylation,H01368,hsa00190,"Inherited metabolic disorder, Mitochondrial disease",Infantile cardioencephalopathy due to a COX15 gene defect: report and review.,Am J Med Genet A 155A:840-4 (2011),Oxidative phosphorylation,name_exact,1.0
18499082,Cytochrome c oxidase (COX) deficiency,Oxidative phosphorylation,H01368,hsa00190,"Inherited metabolic disorder, Mitochondrial disease","Severe infantile encephalomyopathy caused by a mutation in COX6B1, a nucleus-encoded subunit of cytochrome c oxidase.",Am J Hum Genet 82:1281-9 (2008),Oxidative phosphorylation,name_exact,1.0
19503089,Cytochrome c oxidase (COX) deficiency,Oxidative phosphorylation,H01368,hsa00190,"Inherited metabolic disorder, Mitochondrial disease","Mutation in TACO1, encoding a translational activator of COX I, results in cytochrome c oxidase deficiency and late-onset Leigh syndrome.",Nat Genet 41:833-7 (2009),Oxidative phosphorylation,name_exact,1.0
21457908,Cytochrome c oxidase (COX) deficiency,Oxidative phosphorylation,H01368,hsa00190,"Inherited metabolic disorder, Mitochondrial disease",A mutation in C2orf64 causes impaired cytochrome c oxidase assembly and mitochondrial cardiomyopathy.,Am J Hum Genet 88:488-93 (2011),Oxidative phosphorylation,name_exact,1.0
22243966,Cytochrome c oxidase (COX) deficiency,Oxidative phosphorylation,H01368,hsa00190,"Inherited metabolic disorder, Mitochondrial disease","Mutations in C12orf62, a factor that couples COX I synthesis with cytochrome c oxidase assembly, cause fatal neonatal lactic acidosis.",Am J Hum Genet 90:142-51 (2012),Oxidative phosphorylation,name_exact,1.0
23125284,Cytochrome c oxidase (COX) deficiency,Oxidative phosphorylation,H01368,hsa00190,"Inherited metabolic disorder, Mitochondrial disease","A mutation in the FAM36A gene, the human ortholog of COX20, impairs cytochrome c oxidase assembly and is associated with ataxia and muscle hypotonia.",Hum Mol Genet 22:656-67 (2013),Oxidative phosphorylation,name_exact,1.0
24462369,Cytochrome c oxidase (COX) deficiency,Oxidative phosphorylation,H01368,hsa00190,"Inherited metabolic disorder, Mitochondrial disease",A founder mutation in PET100 causes isolated complex IV deficiency in Lebanese individuals with Leigh syndrome.,Am J Hum Genet 94:209-22 (2014),Oxidative phosphorylation,name_exact,1.0
25339201,Cytochrome c oxidase (COX) deficiency,Oxidative phosphorylation,H01368,hsa00190,"Inherited metabolic disorder, Mitochondrial disease",Mutations in COA6 cause cytochrome c oxidase deficiency and neonatal hypertrophic cardiomyopathy.,Hum Mutat 36:34-8 (2015),Oxidative phosphorylation,name_exact,1.0
25604084,Cytochrome c oxidase (COX) deficiency,Oxidative phosphorylation,H01368,hsa00190,"Inherited metabolic disorder, Mitochondrial disease","Mutations in COA3 cause isolated complex IV deficiency associated with neuropathy, exercise intolerance, obesity, and short stature.",J Med Genet 52:203-7 (2015),Oxidative phosphorylation,name_exact,1.0
26685157,Cytochrome c oxidase (COX) deficiency,Oxidative phosphorylation,H01368,hsa00190,"Inherited metabolic disorder, Mitochondrial disease","Loss of the smallest subunit of cytochrome c oxidase, COX8A, causes Leigh-like syndrome and epilepsy.",Brain 139:338-45 (2016),Oxidative phosphorylation,name_exact,1.0
28766551,Cytochrome c oxidase (COX) deficiency,Oxidative phosphorylation,H01368,hsa00190,"Inherited metabolic disorder, Mitochondrial disease","Mutation in the COX4I1 gene is associated with short stature, poor weight gain and increased chromosomal breaks, simulating Fanconi anemia.",Eur J Hum Genet 25:1142-1146 (2017),Oxidative phosphorylation,name_exact,1.0
25175347,Cytochrome c oxidase (COX) deficiency,Oxidative phosphorylation,H01368,hsa00190,"Inherited metabolic disorder, Mitochondrial disease","Mutations in APOPT1, encoding a mitochondrial protein, cause cavitating leukoencephalopathy with cytochrome c oxidase deficiency.",Am J Hum Genet 95:315-25 (2014),Oxidative phosphorylation,name_exact,1.0
31155743,Cytochrome c oxidase (COX) deficiency,Oxidative phosphorylation,H01368,hsa00190,"Inherited metabolic disorder, Mitochondrial disease",COX6A2 variants cause a muscle-specific cytochrome c oxidase deficiency.,Ann Neurol 86:193-202 (2019),Oxidative phosphorylation,name_exact,1.0
28386624,Cytochrome c oxidase (COX) deficiency,Oxidative phosphorylation,H01368,hsa00190,"Inherited metabolic disorder, Mitochondrial disease",Mutated PET117 causes complex IV deficiency and is associated with neurodevelopmental regression and medulla oblongata lesions.,Hum Genet 136:759-769 (2017),Oxidative phosphorylation,name_exact,1.0
28247525,Cytochrome c oxidase (COX) deficiency,Oxidative phosphorylation,H01368,hsa00190,"Inherited metabolic disorder, Mitochondrial disease","Mutation in mitochondrial complex IV subunit COX5A causes pulmonary arterial hypertension, lactic acidemia, and failure to thrive.",Hum Mutat 38:692-703 (2017),Oxidative phosphorylation,name_exact,1.0
23746447,Cytochrome c oxidase (COX) deficiency,Oxidative phosphorylation,H01368,hsa00190,"Inherited metabolic disorder, Mitochondrial disease",NDUFA4 mutations underlie dysfunction of a cytochrome c oxidase subunit linked to human neurological disease.,Cell Rep 3:1795-805 (2013),Oxidative phosphorylation,name_exact,1.0
33169484,Cytochrome c oxidase (COX) deficiency,Oxidative phosphorylation,H01368,hsa00190,"Inherited metabolic disorder, Mitochondrial disease","A novel variant in COX16 causes cytochrome c oxidase deficiency, severe fatal neonatal lactic acidosis, encephalopathy, cardiomyopathy, and liver dysfunction.",Hum Mutat 42:135-141 (2021),Oxidative phosphorylation,name_exact,1.0
36030551,Cytochrome c oxidase (COX) deficiency,Oxidative phosphorylation,H01368,hsa00190,"Inherited metabolic disorder, Mitochondrial disease",Biallelic pathogenic variants in COX11 are associated with an infantile-onset mitochondrial encephalopathy.,Hum Mutat 43:1970-1978 (2022),Oxidative phosphorylation,name_exact,1.0
40499538,Cytochrome c oxidase (COX) deficiency,Oxidative phosphorylation,H01368,hsa00190,"Inherited metabolic disorder, Mitochondrial disease",Bi-allelic mutations in FASTKD5 are associated with cytochrome c oxidase deficiency and early- to late-onset Leigh syndrome.,Am J Hum Genet 112:1699-1710 (2025),Oxidative phosphorylation,name_exact,1.0
37468577,Cytochrome c oxidase (COX) deficiency,Oxidative phosphorylation,H01368,hsa00190,"Inherited metabolic disorder, Mitochondrial disease",A biallelic variant in COX18 cause isolated Complex IV deficiency associated with neonatal encephalo-cardio-myopathy and axonal sensory neuropathy.,Eur J Hum Genet 31:1414-1420 (2023),Oxidative phosphorylation,name_exact,1.0
18771761,Cytochrome c oxidase (COX) deficiency,Oxidative phosphorylation,H01368,hsa00190,"Inherited metabolic disorder, Mitochondrial disease",FASTKD2 nonsense mutation in an infantile mitochondrial encephalomyopathy associated with cytochrome c oxidase deficiency.,Am J Hum Genet 83:415-23 (2008),Oxidative phosphorylation,name_exact,1.0
10441567,Cytochrome c oxidase (COX) deficiency,Oxidative phosphorylation,H01368,hsa00190,"Inherited metabolic disorder, Mitochondrial disease",A stop-codon mutation in the human mtDNA cytochrome c oxidase I gene disrupts the functional structure of complex IV.,Am J Hum Genet 65:611-20 (1999),Oxidative phosphorylation,name_exact,1.0
10205264,Cytochrome c oxidase (COX) deficiency,Oxidative phosphorylation,H01368,hsa00190,"Inherited metabolic disorder, Mitochondrial disease",An mtDNA mutation in the initiation codon of the cytochrome C oxidase subunit II gene results in lower levels of the protein and a mitochondrial encephalomyopathy.,Am J Hum Genet 64:1330-9 (1999),Oxidative phosphorylation,name_exact,1.0
8630495,Cytochrome c oxidase (COX) deficiency,Oxidative phosphorylation,H01368,hsa00190,"Inherited metabolic disorder, Mitochondrial disease",A microdeletion in cytochrome c oxidase (COX) subunit III associated with COX deficiency and recurrent myoglobinuria.,Nat Genet 12:410-6 (1996),Oxidative phosphorylation,name_exact,1.0
11579424,Cytochrome c oxidase (COX) deficiency,Porphyrin metabolism,H01368,hsa00860,"Inherited metabolic disorder, Mitochondrial disease",Cytochrome c oxidase deficiency.,Am J Med Genet 106:46-52 (2001),Heme degradation,kegg_id_crossref,1.0
9843204,Cytochrome c oxidase (COX) deficiency,Porphyrin metabolism,H01368,hsa00860,"Inherited metabolic disorder, Mitochondrial disease","SURF1, encoding a factor involved in the biogenesis of cytochrome c oxidase, is mutated in Leigh syndrome.",Nat Genet 20:337-43 (1998),Heme degradation,kegg_id_crossref,1.0
10545952,Cytochrome c oxidase (COX) deficiency,Porphyrin metabolism,H01368,hsa00860,"Inherited metabolic disorder, Mitochondrial disease","Fatal infantile cardioencephalomyopathy with COX deficiency and mutations in SCO2, a COX assembly gene.",Nat Genet 23:333-7 (1999),Heme degradation,kegg_id_crossref,1.0
10767350,Cytochrome c oxidase (COX) deficiency,Porphyrin metabolism,H01368,hsa00860,"Inherited metabolic disorder, Mitochondrial disease",A mutation in the human heme A:farnesyltransferase gene (COX10 ) causes cytochrome c oxidase deficiency.,Hum Mol Genet 9:1245-9 (2000),Heme degradation,kegg_id_crossref,1.0
11013136,Cytochrome c oxidase (COX) deficiency,Porphyrin metabolism,H01368,hsa00860,"Inherited metabolic disorder, Mitochondrial disease",Mutations of the SCO1 gene in mitochondrial cytochrome c oxidase deficiency with neonatal-onset hepatic failure and encephalopathy.,Am J Hum Genet 67:1104-9 (2000),Heme degradation,kegg_id_crossref,1.0
12529507,Cytochrome c oxidase (COX) deficiency,Porphyrin metabolism,H01368,hsa00860,"Inherited metabolic disorder, Mitochondrial disease",Identification of a gene causing human cytochrome c oxidase deficiency by integrative genomics.,Proc Natl Acad Sci U S A 100:605-10 (2003),Heme degradation,kegg_id_crossref,1.0
21412973,Cytochrome c oxidase (COX) deficiency,Porphyrin metabolism,H01368,hsa00860,"Inherited metabolic disorder, Mitochondrial disease",Infantile cardioencephalopathy due to a COX15 gene defect: report and review.,Am J Med Genet A 155A:840-4 (2011),Heme degradation,kegg_id_crossref,1.0
18499082,Cytochrome c oxidase (COX) deficiency,Porphyrin metabolism,H01368,hsa00860,"Inherited metabolic disorder, Mitochondrial disease","Severe infantile encephalomyopathy caused by a mutation in COX6B1, a nucleus-encoded subunit of cytochrome c oxidase.",Am J Hum Genet 82:1281-9 (2008),Heme degradation,kegg_id_crossref,1.0
19503089,Cytochrome c oxidase (COX) deficiency,Porphyrin metabolism,H01368,hsa00860,"Inherited metabolic disorder, Mitochondrial disease","Mutation in TACO1, encoding a translational activator of COX I, results in cytochrome c oxidase deficiency and late-onset Leigh syndrome.",Nat Genet 41:833-7 (2009),Heme degradation,kegg_id_crossref,1.0
21457908,Cytochrome c oxidase (COX) deficiency,Porphyrin metabolism,H01368,hsa00860,"Inherited metabolic disorder, Mitochondrial disease",A mutation in C2orf64 causes impaired cytochrome c oxidase assembly and mitochondrial cardiomyopathy.,Am J Hum Genet 88:488-93 (2011),Heme degradation,kegg_id_crossref,1.0
22243966,Cytochrome c oxidase (COX) deficiency,Porphyrin metabolism,H01368,hsa00860,"Inherited metabolic disorder, Mitochondrial disease","Mutations in C12orf62, a factor that couples COX I synthesis with cytochrome c oxidase assembly, cause fatal neonatal lactic acidosis.",Am J Hum Genet 90:142-51 (2012),Heme degradation,kegg_id_crossref,1.0
23125284,Cytochrome c oxidase (COX) deficiency,Porphyrin metabolism,H01368,hsa00860,"Inherited metabolic disorder, Mitochondrial disease","A mutation in the FAM36A gene, the human ortholog of COX20, impairs cytochrome c oxidase assembly and is associated with ataxia and muscle hypotonia.",Hum Mol Genet 22:656-67 (2013),Heme degradation,kegg_id_crossref,1.0
24462369,Cytochrome c oxidase (COX) deficiency,Porphyrin metabolism,H01368,hsa00860,"Inherited metabolic disorder, Mitochondrial disease",A founder mutation in PET100 causes isolated complex IV deficiency in Lebanese individuals with Leigh syndrome.,Am J Hum Genet 94:209-22 (2014),Heme degradation,kegg_id_crossref,1.0
25339201,Cytochrome c oxidase (COX) deficiency,Porphyrin metabolism,H01368,hsa00860,"Inherited metabolic disorder, Mitochondrial disease",Mutations in COA6 cause cytochrome c oxidase deficiency and neonatal hypertrophic cardiomyopathy.,Hum Mutat 36:34-8 (2015),Heme degradation,kegg_id_crossref,1.0
25604084,Cytochrome c oxidase (COX) deficiency,Porphyrin metabolism,H01368,hsa00860,"Inherited metabolic disorder, Mitochondrial disease","Mutations in COA3 cause isolated complex IV deficiency associated with neuropathy, exercise intolerance, obesity, and short stature.",J Med Genet 52:203-7 (2015),Heme degradation,kegg_id_crossref,1.0
26685157,Cytochrome c oxidase (COX) deficiency,Porphyrin metabolism,H01368,hsa00860,"Inherited metabolic disorder, Mitochondrial disease","Loss of the smallest subunit of cytochrome c oxidase, COX8A, causes Leigh-like syndrome and epilepsy.",Brain 139:338-45 (2016),Heme degradation,kegg_id_crossref,1.0
28766551,Cytochrome c oxidase (COX) deficiency,Porphyrin metabolism,H01368,hsa00860,"Inherited metabolic disorder, Mitochondrial disease","Mutation in the COX4I1 gene is associated with short stature, poor weight gain and increased chromosomal breaks, simulating Fanconi anemia.",Eur J Hum Genet 25:1142-1146 (2017),Heme degradation,kegg_id_crossref,1.0
25175347,Cytochrome c oxidase (COX) deficiency,Porphyrin metabolism,H01368,hsa00860,"Inherited metabolic disorder, Mitochondrial disease","Mutations in APOPT1, encoding a mitochondrial protein, cause cavitating leukoencephalopathy with cytochrome c oxidase deficiency.",Am J Hum Genet 95:315-25 (2014),Heme degradation,kegg_id_crossref,1.0
31155743,Cytochrome c oxidase (COX) deficiency,Porphyrin metabolism,H01368,hsa00860,"Inherited metabolic disorder, Mitochondrial disease",COX6A2 variants cause a muscle-specific cytochrome c oxidase deficiency.,Ann Neurol 86:193-202 (2019),Heme degradation,kegg_id_crossref,1.0
28386624,Cytochrome c oxidase (COX) deficiency,Porphyrin metabolism,H01368,hsa00860,"Inherited metabolic disorder, Mitochondrial disease",Mutated PET117 causes complex IV deficiency and is associated with neurodevelopmental regression and medulla oblongata lesions.,Hum Genet 136:759-769 (2017),Heme degradation,kegg_id_crossref,1.0
28247525,Cytochrome c oxidase (COX) deficiency,Porphyrin metabolism,H01368,hsa00860,"Inherited metabolic disorder, Mitochondrial disease","Mutation in mitochondrial complex IV subunit COX5A causes pulmonary arterial hypertension, lactic acidemia, and failure to thrive.",Hum Mutat 38:692-703 (2017),Heme degradation,kegg_id_crossref,1.0
23746447,Cytochrome c oxidase (COX) deficiency,Porphyrin metabolism,H01368,hsa00860,"Inherited metabolic disorder, Mitochondrial disease",NDUFA4 mutations underlie dysfunction of a cytochrome c oxidase subunit linked to human neurological disease.,Cell Rep 3:1795-805 (2013),Heme degradation,kegg_id_crossref,1.0
33169484,Cytochrome c oxidase (COX) deficiency,Porphyrin metabolism,H01368,hsa00860,"Inherited metabolic disorder, Mitochondrial disease","A novel variant in COX16 causes cytochrome c oxidase deficiency, severe fatal neonatal lactic acidosis, encephalopathy, cardiomyopathy, and liver dysfunction.",Hum Mutat 42:135-141 (2021),Heme degradation,kegg_id_crossref,1.0
36030551,Cytochrome c oxidase (COX) deficiency,Porphyrin metabolism,H01368,hsa00860,"Inherited metabolic disorder, Mitochondrial disease",Biallelic pathogenic variants in COX11 are associated with an infantile-onset mitochondrial encephalopathy.,Hum Mutat 43:1970-1978 (2022),Heme degradation,kegg_id_crossref,1.0
40499538,Cytochrome c oxidase (COX) deficiency,Porphyrin metabolism,H01368,hsa00860,"Inherited metabolic disorder, Mitochondrial disease",Bi-allelic mutations in FASTKD5 are associated with cytochrome c oxidase deficiency and early- to late-onset Leigh syndrome.,Am J Hum Genet 112:1699-1710 (2025),Heme degradation,kegg_id_crossref,1.0
37468577,Cytochrome c oxidase (COX) deficiency,Porphyrin metabolism,H01368,hsa00860,"Inherited metabolic disorder, Mitochondrial disease",A biallelic variant in COX18 cause isolated Complex IV deficiency associated with neonatal encephalo-cardio-myopathy and axonal sensory neuropathy.,Eur J Hum Genet 31:1414-1420 (2023),Heme degradation,kegg_id_crossref,1.0
18771761,Cytochrome c oxidase (COX) deficiency,Porphyrin metabolism,H01368,hsa00860,"Inherited metabolic disorder, Mitochondrial disease",FASTKD2 nonsense mutation in an infantile mitochondrial encephalomyopathy associated with cytochrome c oxidase deficiency.,Am J Hum Genet 83:415-23 (2008),Heme degradation,kegg_id_crossref,1.0
10441567,Cytochrome c oxidase (COX) deficiency,Porphyrin metabolism,H01368,hsa00860,"Inherited metabolic disorder, Mitochondrial disease",A stop-codon mutation in the human mtDNA cytochrome c oxidase I gene disrupts the functional structure of complex IV.,Am J Hum Genet 65:611-20 (1999),Heme degradation,kegg_id_crossref,1.0
10205264,Cytochrome c oxidase (COX) deficiency,Porphyrin metabolism,H01368,hsa00860,"Inherited metabolic disorder, Mitochondrial disease",An mtDNA mutation in the initiation codon of the cytochrome C oxidase subunit II gene results in lower levels of the protein and a mitochondrial encephalomyopathy.,Am J Hum Genet 64:1330-9 (1999),Heme degradation,kegg_id_crossref,1.0
8630495,Cytochrome c oxidase (COX) deficiency,Porphyrin metabolism,H01368,hsa00860,"Inherited metabolic disorder, Mitochondrial disease",A microdeletion in cytochrome c oxidase (COX) subunit III associated with COX deficiency and recurrent myoglobinuria.,Nat Genet 12:410-6 (1996),Heme degradation,kegg_id_crossref,1.0
14757859,ATP synthase deficiency,Oxidative phosphorylation,H01369,hsa00190,"Inherited metabolic disorder, Mitochondrial disease",Respiratory chain complex V deficiency due to a mutation in the assembly gene ATP12.,J Med Genet 41:120-4 (2004),Oxidative phosphorylation,name_exact,1.0
18953340,ATP synthase deficiency,Oxidative phosphorylation,H01369,hsa00190,"Inherited metabolic disorder, Mitochondrial disease",TMEM70 mutations cause isolated ATP synthase deficiency and neonatal mitochondrial encephalocardiomyopathy.,Nat Genet 40:1288-90 (2008),Oxidative phosphorylation,name_exact,1.0
20566710,ATP synthase deficiency,Oxidative phosphorylation,H01369,hsa00190,"Inherited metabolic disorder, Mitochondrial disease",Mitochondrial ATP synthase deficiency due to a mutation in the ATP5E gene for the F1 epsilon subunit.,Hum Mol Genet 19:3430-9 (2010),Oxidative phosphorylation,name_exact,1.0
34483339,ATP synthase deficiency,Oxidative phosphorylation,H01369,hsa00190,"Inherited metabolic disorder, Mitochondrial disease",A recurrent de novo ATP5F1A substitution associated with neonatal complex V deficiency.,Eur J Hum Genet 29:1719-1724 (2021),Oxidative phosphorylation,name_exact,1.0
23599390,ATP synthase deficiency,Oxidative phosphorylation,H01369,hsa00190,"Inherited metabolic disorder, Mitochondrial disease",A complex V ATP5A1 defect causes fatal neonatal mitochondrial encephalopathy.,Brain 136:1544-54 (2013),Oxidative phosphorylation,name_exact,1.0
29478781,ATP synthase deficiency,Oxidative phosphorylation,H01369,hsa00190,"Inherited metabolic disorder, Mitochondrial disease","Biallelic Mutations in ATP5F1D, which Encodes a Subunit of ATP Synthase, Cause a Metabolic Disorder.",Am J Hum Genet 102:494-504 (2018),Oxidative phosphorylation,name_exact,1.0
29917077,ATP synthase deficiency,Oxidative phosphorylation,H01369,hsa00190,"Inherited metabolic disorder, Mitochondrial disease",USMG5 Ashkenazi Jewish founder mutation impairs mitochondrial complex V dimerization and ATP synthesis.,Hum Mol Genet 27:3305-3312 (2018),Oxidative phosphorylation,name_exact,1.0
35621276,ATP synthase deficiency,Oxidative phosphorylation,H01369,hsa00190,"Inherited metabolic disorder, Mitochondrial disease","A homozygous splice variant in ATP5PO, disrupts mitochondrial complex V function and causes Leigh syndrome in two unrelated families.",J Inherit Metab Dis 45:996-1012 (2022),Oxidative phosphorylation,name_exact,1.0
1550128,ATP synthase deficiency,Oxidative phosphorylation,H01369,hsa00190,"Inherited metabolic disorder, Mitochondrial disease",Heteroplasmic mtDNA mutation (T----G) at 8993 can cause Leigh disease when the percentage of abnormal mtDNA is high.,Am J Hum Genet 50:852-8 (1992),Oxidative phosphorylation,name_exact,1.0
19124644,ATP synthase deficiency,Oxidative phosphorylation,H01369,hsa00190,"Inherited metabolic disorder, Mitochondrial disease",NARP syndrome in a patient harbouring an insertion in the MT-ATP6 gene that results in a truncated protein.,J Med Genet 46:64-7 (2009),Oxidative phosphorylation,name_exact,1.0
7668837,ATP synthase deficiency,Oxidative phosphorylation,H01369,hsa00190,"Inherited metabolic disorder, Mitochondrial disease",A novel mitochondrial ATPase 6 point mutation in familial bilateral striatal necrosis.,Ann Neurol 38:468-72 (1995),Oxidative phosphorylation,name_exact,1.0
36239646,ATP synthase deficiency,Oxidative phosphorylation,H01369,hsa00190,"Inherited metabolic disorder, Mitochondrial disease",Congenital Hypermetabolism and Uncoupled Oxidative Phosphorylation.,N Engl J Med 387:1395-1403 (2022),Oxidative phosphorylation,name_exact,1.0
21675912,Hypercalcemia infantile,Steroid biosynthesis,H01371,hsa00100,Inherited metabolic disorder,Mutations in CYP24A1 and idiopathic infantile hypercalcemia.,N Engl J Med 365:410-21 (2011),Cholesterol metabolism,kegg_id_crossref,0.312
26047794,Hypercalcemia infantile,Steroid biosynthesis,H01371,hsa00100,Inherited metabolic disorder,Autosomal-Recessive Mutations in SLC34A1 Encoding Sodium-Phosphate Cotransporter 2A Cause Idiopathic Infantile Hypercalcemia.,J Am Soc Nephrol 27:604-14 (2016),Cholesterol metabolism,kegg_id_crossref,0.312
18177777,Glucose 6-phosphate dehydrogenase deficiency,Glutathione metabolism,H01375,hsa00480(N00905),Inherited metabolic disorder,,,Glutathione metabolism,kegg_id_crossref,1.0
17365988,Glucose 6-phosphate dehydrogenase deficiency,Glutathione metabolism,H01375,hsa00480(N00905),Inherited metabolic disorder,"Inherited, non-spherocytic haemolysis due to deficiency of glucose-6-phosphate dehydrogenase.",Scand J Clin Lab Invest 67:105-11 (2007),Glutathione metabolism,kegg_id_crossref,1.0
19769422,Glucose 6-phosphate dehydrogenase deficiency,Glutathione metabolism,H01375,hsa00480(N00905),Inherited metabolic disorder,Perioperative management of the glucose-6-phosphate dehydrogenase deficient patient: a review of literature.,Anesth Prog 56:86-91 (2009),Glutathione metabolism,kegg_id_crossref,1.0
8266994,Acrofacial dysostosis,Pyrimidine metabolism,H01376,hsa00240,Congenital malformation,Acrofacial dysostoses: review and report of a previously undescribed condition: the autosomal or X-linked dominant Catania form of acrofacial dysostosis.,Am J Med Genet 47:660-78 (1993),Pyrimidine synthesis,kegg_id_crossref,1.0
24123981,Acrofacial dysostosis,Pyrimidine metabolism,H01376,hsa00240,Congenital malformation,"Facial dysostoses: Etiology, pathogenesis and management.",Am J Med Genet C Semin Med Genet 163:283-94 (2013),Pyrimidine synthesis,kegg_id_crossref,1.0
17674260,Acrofacial dysostosis,Pyrimidine metabolism,H01376,hsa00240,Congenital malformation,Acrofacial dysostosis syndromes: a relevant prenatal dilemma. A case report and brief literature review.,J Matern Fetal Neonatal Med 20:487-90 (2007),Pyrimidine synthesis,kegg_id_crossref,1.0
23565775,Acrofacial dysostosis,Pyrimidine metabolism,H01376,hsa00240,Congenital malformation,Human facial dysostoses.,Clin Genet 83:499-510 (2013),Pyrimidine synthesis,kegg_id_crossref,1.0
22541558,Acrofacial dysostosis,Pyrimidine metabolism,H01376,hsa00240,Congenital malformation,"Haploinsufficiency of SF3B4, a component of the pre-mRNA spliceosomal complex, causes Nager syndrome.",Am J Hum Genet 90:925-33 (2012),Pyrimidine synthesis,kegg_id_crossref,1.0
25913037,Acrofacial dysostosis,Pyrimidine metabolism,H01376,hsa00240,Congenital malformation,"Acrofacial Dysostosis, Cincinnati Type, a Mandibulofacial Dysostosis Syndrome with Limb Anomalies, Is Caused by POLR1A Dysfunction.",Am J Hum Genet 96:765-74 (2015),Pyrimidine synthesis,kegg_id_crossref,1.0
19915526,Acrofacial dysostosis,Pyrimidine metabolism,H01376,hsa00240,Congenital malformation,Exome sequencing identifies the cause of a mendelian disorder.,Nat Genet 42:30-5 (2010),Pyrimidine synthesis,kegg_id_crossref,1.0
16404586,Acrofacial dysostosis,Pyrimidine metabolism,H01376,hsa00240,Congenital malformation,A novel heterozygous deletion in the EVC2 gene causes Weyers acrofacial dysostosis.,Hum Genet 119:199-205 (2006),Pyrimidine synthesis,kegg_id_crossref,1.0
10700184,Acrofacial dysostosis,Pyrimidine metabolism,H01376,hsa00240,Congenital malformation,Mutations in a new gene in Ellis-van Creveld syndrome and Weyers acrodental dysostosis.,Nat Genet 24:283-6 (2000),Pyrimidine synthesis,kegg_id_crossref,1.0
24552285,Polyarteritis nodosa,Purine metabolism,H01382,hsa00230,Immune system disease,Mutant adenosine deaminase 2 in a polyarteritis nodosa vasculopathy.,N Engl J Med 370:921-31 (2014),Purine catabolism,kegg_id_crossref,1.0
16148731,Polyarteritis nodosa,Purine metabolism,H01382,hsa00230,Immune system disease,"Hepatitis B virus-associated polyarteritis nodosa: clinical characteristics, outcome, and impact of treatment in 115 patients.",Medicine (Baltimore) 84:313-22 (2005),Purine catabolism,kegg_id_crossref,1.0
21945105,Hyperlipoproteinemia type IIa,Cholesterol metabolism,H01383,hsa04979,Inherited metabolic disorder,Postprandial lipoprotein metabolism in familial hypercholesterolemia: thinking outside the box.,Metabolism 61:3-11 (2012),Cholesterol metabolism,name_exact,1.0
24253857,Hyperlipoproteinemia type IIa,Cholesterol metabolism,H01383,hsa04979,Inherited metabolic disorder,"Clinical utility gene card for: hyperlipoproteinemia, TYPE II.",Eur J Hum Genet 22:ejhg2013271 (2014),Cholesterol metabolism,name_exact,1.0
24139043,Asparagine synthetase deficiency,"Alanine, aspartate and glutamate metabolism",H01386,hsa00250,Inherited metabolic disorder,Deficiency of asparagine synthetase causes congenital microcephaly and a progressive form of encephalopathy.,Neuron 80:429-41 (2013),Alanine and aspartate metabolism,kegg_id_crossref,0.923
24075184,Cole disease,Purine metabolism,H01394,hsa00230,Congenital malformation,Cole Disease Results from Mutations in ENPP1.,Am J Hum Genet 93:752-7 (2013),Purine catabolism,kegg_id_crossref,1.0
19380683,Cole disease,Purine metabolism,H01394,hsa00230,Congenital malformation,Cole disease: guttate hypopigmentation and punctate palmoplantar keratoderma.,Arch Dermatol 145:495-7 (2009),Purine catabolism,kegg_id_crossref,1.0
24075184,Cole disease,Starch and sucrose metabolism,H01394,hsa00500,Congenital malformation,Cole Disease Results from Mutations in ENPP1.,Am J Hum Genet 93:752-7 (2013),Starch and sucrose metabolism,kegg_id_crossref,0.875
19380683,Cole disease,Starch and sucrose metabolism,H01394,hsa00500,Congenital malformation,Cole disease: guttate hypopigmentation and punctate palmoplantar keratoderma.,Arch Dermatol 145:495-7 (2009),Starch and sucrose metabolism,kegg_id_crossref,0.875
24075184,Cole disease,Riboflavin metabolism,H01394,hsa00740,Congenital malformation,Cole Disease Results from Mutations in ENPP1.,Am J Hum Genet 93:752-7 (2013),Vitamin B2 metabolism,kegg_id_crossref,0.778
19380683,Cole disease,Riboflavin metabolism,H01394,hsa00740,Congenital malformation,Cole disease: guttate hypopigmentation and punctate palmoplantar keratoderma.,Arch Dermatol 145:495-7 (2009),Vitamin B2 metabolism,kegg_id_crossref,0.778
24075184,Cole disease,Nicotinate and nicotinamide metabolism,H01394,hsa00760,Congenital malformation,Cole Disease Results from Mutations in ENPP1.,Am J Hum Genet 93:752-7 (2013),NAD metabolism,kegg_id_crossref,1.0
19380683,Cole disease,Nicotinate and nicotinamide metabolism,H01394,hsa00760,Congenital malformation,Cole disease: guttate hypopigmentation and punctate palmoplantar keratoderma.,Arch Dermatol 145:495-7 (2009),NAD metabolism,kegg_id_crossref,1.0
24075184,Cole disease,Pantothenate and CoA biosynthesis,H01394,hsa00770,Congenital malformation,Cole Disease Results from Mutations in ENPP1.,Am J Hum Genet 93:752-7 (2013),CoA synthesis,kegg_id_crossref,0.857
19380683,Cole disease,Pantothenate and CoA biosynthesis,H01394,hsa00770,Congenital malformation,Cole disease: guttate hypopigmentation and punctate palmoplantar keratoderma.,Arch Dermatol 145:495-7 (2009),CoA synthesis,kegg_id_crossref,0.857
23628343,Primary hyperammonemia (Urea cycle disorders),Arginine biosynthesis,H01398,hsa00220(N00593+N00599),Inherited metabolic disorder,Clinical and biochemical aspects of primary and secondary hyperammonemic disorders.,Arch Biochem Biophys 536:101-8 (2013),Glutamate metabolism,kegg_id_crossref,0.429
20138956,Primary hyperammonemia (Urea cycle disorders),Arginine biosynthesis,H01398,hsa00220(N00593+N00599),Inherited metabolic disorder,"Ammonia metabolism, the brain and fatigue; revisiting the link.",Prog Neurobiol 91:200-19 (2010),Glutamate metabolism,kegg_id_crossref,0.429
25042691,Primary hyperammonemia (Urea cycle disorders),Arginine biosynthesis,H01398,hsa00220(N00593+N00599),Inherited metabolic disorder,Sodium phenylbutyrate decreases plasma branched-chain amino acids in patients with urea cycle disorders.,Mol Genet Metab 113:131-5 (2014),Glutamate metabolism,kegg_id_crossref,0.429
25908985,Primary hyperammonemia (Urea cycle disorders),Arginine biosynthesis,H01398,hsa00220(N00593+N00599),Inherited metabolic disorder,Hyperammonemia due to urea cycle disorders: a potentially fatal condition in the intensive care setting.,J Intensive Care 2:22 (2014),Glutamate metabolism,kegg_id_crossref,0.429
25895618,Primary hyperammonemia (Urea cycle disorders),Arginine biosynthesis,H01398,hsa00220(N00593+N00599),Inherited metabolic disorder,Recent advances in the treatment of hyperammonemia.,Adv Drug Deliv Rev 90:55-68 (2015),Glutamate metabolism,kegg_id_crossref,0.429
23628343,Secondary hyperammonemia,"Valine, leucine and isoleucine degradation",H01400,hsa00280,Inherited metabolic disorder,Clinical and biochemical aspects of primary and secondary hyperammonemic disorders.,Arch Biochem Biophys 536:101-8 (2013),"Valine, leucine, and isoleucine metabolism",kegg_id_crossref,0.85
19707277,Secondary hyperammonemia,"Valine, leucine and isoleucine degradation",H01400,hsa00280,Inherited metabolic disorder,Current trends in the treatment of hepatic encephalopathy.,Ther Clin Risk Manag 5:617-26 (2009),"Valine, leucine, and isoleucine metabolism",kegg_id_crossref,0.85
25895618,Secondary hyperammonemia,"Valine, leucine and isoleucine degradation",H01400,hsa00280,Inherited metabolic disorder,Recent advances in the treatment of hyperammonemia.,Adv Drug Deliv Rev 90:55-68 (2015),"Valine, leucine, and isoleucine metabolism",kegg_id_crossref,0.85
14085036,Secondary hyperammonemia,"Valine, leucine and isoleucine degradation",H01400,hsa00280,Inherited metabolic disorder,"AN AMMONIA DETOXICANT, ARGININE GLUTAMATE.",JAMA 187:359-60 (1964),"Valine, leucine, and isoleucine metabolism",kegg_id_crossref,0.85
11092761,Secondary hyperammonemia,"Valine, leucine and isoleucine degradation",H01400,hsa00280,Inherited metabolic disorder,"Hyperammonemia with reduced ornithine, citrulline, arginine and proline: a new inborn error caused by a mutation in the gene encoding delta(1)-pyrroline-5-carboxylate synthase.",Hum Mol Genet 9:2853-8 (2000),"Valine, leucine, and isoleucine metabolism",kegg_id_crossref,0.85
24485043,Secondary hyperammonemia,"Valine, leucine and isoleucine degradation",H01400,hsa00280,Inherited metabolic disorder,Persistent pulmonary arterial hypertension in the newborn (PPHN): a frequent manifestation of TMEM70 defective patients.,Mol Genet Metab 111:353-359 (2014),"Valine, leucine, and isoleucine metabolism",kegg_id_crossref,0.85
24530203,Secondary hyperammonemia,"Valine, leucine and isoleucine degradation",H01400,hsa00280,Inherited metabolic disorder,Mitochondrial carbonic anhydrase VA deficiency resulting from CA5A alterations presents with hyperammonemia in early childhood.,Am J Hum Genet 94:453-61 (2014),"Valine, leucine, and isoleucine metabolism",kegg_id_crossref,0.85
23628343,Secondary hyperammonemia,Carbon metabolism,H01400,hsa01200,Inherited metabolic disorder,Clinical and biochemical aspects of primary and secondary hyperammonemic disorders.,Arch Biochem Biophys 536:101-8 (2013),Citric acid cycle,kegg_id_crossref,1.0
19707277,Secondary hyperammonemia,Carbon metabolism,H01400,hsa01200,Inherited metabolic disorder,Current trends in the treatment of hepatic encephalopathy.,Ther Clin Risk Manag 5:617-26 (2009),Citric acid cycle,kegg_id_crossref,1.0
25895618,Secondary hyperammonemia,Carbon metabolism,H01400,hsa01200,Inherited metabolic disorder,Recent advances in the treatment of hyperammonemia.,Adv Drug Deliv Rev 90:55-68 (2015),Citric acid cycle,kegg_id_crossref,1.0
14085036,Secondary hyperammonemia,Carbon metabolism,H01400,hsa01200,Inherited metabolic disorder,"AN AMMONIA DETOXICANT, ARGININE GLUTAMATE.",JAMA 187:359-60 (1964),Citric acid cycle,kegg_id_crossref,1.0
11092761,Secondary hyperammonemia,Carbon metabolism,H01400,hsa01200,Inherited metabolic disorder,"Hyperammonemia with reduced ornithine, citrulline, arginine and proline: a new inborn error caused by a mutation in the gene encoding delta(1)-pyrroline-5-carboxylate synthase.",Hum Mol Genet 9:2853-8 (2000),Citric acid cycle,kegg_id_crossref,1.0
24485043,Secondary hyperammonemia,Carbon metabolism,H01400,hsa01200,Inherited metabolic disorder,Persistent pulmonary arterial hypertension in the newborn (PPHN): a frequent manifestation of TMEM70 defective patients.,Mol Genet Metab 111:353-359 (2014),Citric acid cycle,kegg_id_crossref,1.0
24530203,Secondary hyperammonemia,Carbon metabolism,H01400,hsa01200,Inherited metabolic disorder,Mitochondrial carbonic anhydrase VA deficiency resulting from CA5A alterations presents with hyperammonemia in early childhood.,Am J Hum Genet 94:453-61 (2014),Citric acid cycle,kegg_id_crossref,1.0
23628343,Secondary hyperammonemia,Glyoxylate and dicarboxylate metabolism,H01400,hsa00630,Inherited metabolic disorder,Clinical and biochemical aspects of primary and secondary hyperammonemic disorders.,Arch Biochem Biophys 536:101-8 (2013),ROS detoxification,kegg_id_crossref,1.0
19707277,Secondary hyperammonemia,Glyoxylate and dicarboxylate metabolism,H01400,hsa00630,Inherited metabolic disorder,Current trends in the treatment of hepatic encephalopathy.,Ther Clin Risk Manag 5:617-26 (2009),ROS detoxification,kegg_id_crossref,1.0
25895618,Secondary hyperammonemia,Glyoxylate and dicarboxylate metabolism,H01400,hsa00630,Inherited metabolic disorder,Recent advances in the treatment of hyperammonemia.,Adv Drug Deliv Rev 90:55-68 (2015),ROS detoxification,kegg_id_crossref,1.0
14085036,Secondary hyperammonemia,Glyoxylate and dicarboxylate metabolism,H01400,hsa00630,Inherited metabolic disorder,"AN AMMONIA DETOXICANT, ARGININE GLUTAMATE.",JAMA 187:359-60 (1964),ROS detoxification,kegg_id_crossref,1.0
11092761,Secondary hyperammonemia,Glyoxylate and dicarboxylate metabolism,H01400,hsa00630,Inherited metabolic disorder,"Hyperammonemia with reduced ornithine, citrulline, arginine and proline: a new inborn error caused by a mutation in the gene encoding delta(1)-pyrroline-5-carboxylate synthase.",Hum Mol Genet 9:2853-8 (2000),ROS detoxification,kegg_id_crossref,1.0
24485043,Secondary hyperammonemia,Glyoxylate and dicarboxylate metabolism,H01400,hsa00630,Inherited metabolic disorder,Persistent pulmonary arterial hypertension in the newborn (PPHN): a frequent manifestation of TMEM70 defective patients.,Mol Genet Metab 111:353-359 (2014),ROS detoxification,kegg_id_crossref,1.0
24530203,Secondary hyperammonemia,Glyoxylate and dicarboxylate metabolism,H01400,hsa00630,Inherited metabolic disorder,Mitochondrial carbonic anhydrase VA deficiency resulting from CA5A alterations presents with hyperammonemia in early childhood.,Am J Hum Genet 94:453-61 (2014),ROS detoxification,kegg_id_crossref,1.0
23628343,Secondary hyperammonemia,Biosynthesis of amino acids,H01400,hsa01230,Inherited metabolic disorder,Clinical and biochemical aspects of primary and secondary hyperammonemic disorders.,Arch Biochem Biophys 536:101-8 (2013),Citric acid cycle,kegg_id_crossref,0.471
19707277,Secondary hyperammonemia,Biosynthesis of amino acids,H01400,hsa01230,Inherited metabolic disorder,Current trends in the treatment of hepatic encephalopathy.,Ther Clin Risk Manag 5:617-26 (2009),Citric acid cycle,kegg_id_crossref,0.471
25895618,Secondary hyperammonemia,Biosynthesis of amino acids,H01400,hsa01230,Inherited metabolic disorder,Recent advances in the treatment of hyperammonemia.,Adv Drug Deliv Rev 90:55-68 (2015),Citric acid cycle,kegg_id_crossref,0.471
14085036,Secondary hyperammonemia,Biosynthesis of amino acids,H01400,hsa01230,Inherited metabolic disorder,"AN AMMONIA DETOXICANT, ARGININE GLUTAMATE.",JAMA 187:359-60 (1964),Citric acid cycle,kegg_id_crossref,0.471
11092761,Secondary hyperammonemia,Biosynthesis of amino acids,H01400,hsa01230,Inherited metabolic disorder,"Hyperammonemia with reduced ornithine, citrulline, arginine and proline: a new inborn error caused by a mutation in the gene encoding delta(1)-pyrroline-5-carboxylate synthase.",Hum Mol Genet 9:2853-8 (2000),Citric acid cycle,kegg_id_crossref,0.471
24485043,Secondary hyperammonemia,Biosynthesis of amino acids,H01400,hsa01230,Inherited metabolic disorder,Persistent pulmonary arterial hypertension in the newborn (PPHN): a frequent manifestation of TMEM70 defective patients.,Mol Genet Metab 111:353-359 (2014),Citric acid cycle,kegg_id_crossref,0.471
24530203,Secondary hyperammonemia,Biosynthesis of amino acids,H01400,hsa01230,Inherited metabolic disorder,Mitochondrial carbonic anhydrase VA deficiency resulting from CA5A alterations presents with hyperammonemia in early childhood.,Am J Hum Genet 94:453-61 (2014),Citric acid cycle,kegg_id_crossref,0.471
23664117,SEMD with joint laxity type,Glycosaminoglycan biosynthesis - chondroitin sulfate / dermatan sulfate,H01494,hsa00532(N01574),Congenital malformation,"Mutations in B3GALT6, which encodes a glycosaminoglycan linker region enzyme, cause a spectrum of skeletal and connective tissue disorders.",Am J Hum Genet 92:927-34 (2013),Chondroitin synthesis,kegg_id_crossref,1.0
12567412,SEMD with joint laxity type,Glycosaminoglycan biosynthesis - chondroitin sulfate / dermatan sulfate,H01494,hsa00532(N01574),Congenital malformation,Spondyloepimetaphyseal dysplasia with joint laxity leptodactylic form: clinical course and phenotypic variations in four patients.,Am J Med Genet A 117A:147-53 (2003),Chondroitin synthesis,kegg_id_crossref,1.0
22152677,SEMD with joint laxity type,Glycosaminoglycan biosynthesis - chondroitin sulfate / dermatan sulfate,H01494,hsa00532(N01574),Congenital malformation,"Whole-exome sequencing identifies mutations of KIF22 in spondyloepimetaphyseal dysplasia with joint laxity, leptodactylic type.",Am J Hum Genet 89:760-6 (2011),Chondroitin synthesis,kegg_id_crossref,1.0
30284759,SEMD with joint laxity type,Glycosaminoglycan biosynthesis - chondroitin sulfate / dermatan sulfate,H01494,hsa00532(N01574),Congenital malformation,"Confirmation of spondylo-epi-metaphyseal dysplasia with joint laxity, EXOC6B type.",Am J Med Genet A 176:2934-2935 (2018),Chondroitin synthesis,kegg_id_crossref,1.0
26669664,SEMD with joint laxity type,Glycosaminoglycan biosynthesis - chondroitin sulfate / dermatan sulfate,H01494,hsa00532(N01574),Congenital malformation,A novel multiple joint dislocation syndrome associated with a homozygous nonsense variant in the EXOC6B gene.,Eur J Hum Genet 24:1206-10 (2016),Chondroitin synthesis,kegg_id_crossref,1.0
23664117,SEMD with joint laxity type,Glycosaminoglycan biosynthesis - heparan sulfate / heparin,H01494,hsa00534(N01574),Congenital malformation,"Mutations in B3GALT6, which encodes a glycosaminoglycan linker region enzyme, cause a spectrum of skeletal and connective tissue disorders.",Am J Hum Genet 92:927-34 (2013),Chondroitin synthesis,kegg_id_crossref,1.0
12567412,SEMD with joint laxity type,Glycosaminoglycan biosynthesis - heparan sulfate / heparin,H01494,hsa00534(N01574),Congenital malformation,Spondyloepimetaphyseal dysplasia with joint laxity leptodactylic form: clinical course and phenotypic variations in four patients.,Am J Med Genet A 117A:147-53 (2003),Chondroitin synthesis,kegg_id_crossref,1.0
22152677,SEMD with joint laxity type,Glycosaminoglycan biosynthesis - heparan sulfate / heparin,H01494,hsa00534(N01574),Congenital malformation,"Whole-exome sequencing identifies mutations of KIF22 in spondyloepimetaphyseal dysplasia with joint laxity, leptodactylic type.",Am J Hum Genet 89:760-6 (2011),Chondroitin synthesis,kegg_id_crossref,1.0
30284759,SEMD with joint laxity type,Glycosaminoglycan biosynthesis - heparan sulfate / heparin,H01494,hsa00534(N01574),Congenital malformation,"Confirmation of spondylo-epi-metaphyseal dysplasia with joint laxity, EXOC6B type.",Am J Med Genet A 176:2934-2935 (2018),Chondroitin synthesis,kegg_id_crossref,1.0
26669664,SEMD with joint laxity type,Glycosaminoglycan biosynthesis - heparan sulfate / heparin,H01494,hsa00534(N01574),Congenital malformation,A novel multiple joint dislocation syndrome associated with a homozygous nonsense variant in the EXOC6B gene.,Eur J Hum Genet 24:1206-10 (2016),Chondroitin synthesis,kegg_id_crossref,1.0
12719077,Spondyloocular syndrome,Glycosaminoglycan biosynthesis - chondroitin sulfate / dermatan sulfate,H01496,hsa00532(N01574),Congenital malformation,"Spondylo-ocular syndrome: a new entity with crystalline lens malformation, cataract, retinal detachment, osteoporosis, and platyspondyly.",Am J Ophthalmol 135:681-7 (2003),Chondroitin synthesis,kegg_id_crossref,1.0
26987875,Spondyloocular syndrome,Glycosaminoglycan biosynthesis - chondroitin sulfate / dermatan sulfate,H01496,hsa00532(N01574),Congenital malformation,Spondyloocular Syndrome: Novel Mutations in XYLT2 Gene and Expansion of the Phenotypic Spectrum.,J Bone Miner Res 31:1577-85 (2016),Chondroitin synthesis,kegg_id_crossref,1.0
26027496,Spondyloocular syndrome,Glycosaminoglycan biosynthesis - chondroitin sulfate / dermatan sulfate,H01496,hsa00532(N01574),Congenital malformation,"Homozygosity for frameshift mutations in XYLT2 result in a spondylo-ocular syndrome with bone fragility, cataracts, and hearing defects.",Am J Hum Genet 96:971-8 (2015),Chondroitin synthesis,kegg_id_crossref,1.0
12719077,Spondyloocular syndrome,Glycosaminoglycan biosynthesis - heparan sulfate / heparin,H01496,hsa00534(N01574),Congenital malformation,"Spondylo-ocular syndrome: a new entity with crystalline lens malformation, cataract, retinal detachment, osteoporosis, and platyspondyly.",Am J Ophthalmol 135:681-7 (2003),Chondroitin synthesis,kegg_id_crossref,1.0
26987875,Spondyloocular syndrome,Glycosaminoglycan biosynthesis - heparan sulfate / heparin,H01496,hsa00534(N01574),Congenital malformation,Spondyloocular Syndrome: Novel Mutations in XYLT2 Gene and Expansion of the Phenotypic Spectrum.,J Bone Miner Res 31:1577-85 (2016),Chondroitin synthesis,kegg_id_crossref,1.0
26027496,Spondyloocular syndrome,Glycosaminoglycan biosynthesis - heparan sulfate / heparin,H01496,hsa00534(N01574),Congenital malformation,"Homozygosity for frameshift mutations in XYLT2 result in a spondylo-ocular syndrome with bone fragility, cataracts, and hearing defects.",Am J Hum Genet 96:971-8 (2015),Chondroitin synthesis,kegg_id_crossref,1.0
21129728,Temtamy preaxial brachydactyly syndrome,Glycosaminoglycan biosynthesis - chondroitin sulfate / dermatan sulfate,H01497,hsa00532(N01580),Congenital malformation,"Temtamy preaxial brachydactyly syndrome is caused by loss-of-function mutations in chondroitin synthase 1, a potential target of BMP signaling.",Am J Hum Genet 87:757-67 (2010),Chondroitin synthesis,kegg_id_crossref,1.0
24269551,Temtamy preaxial brachydactyly syndrome,Glycosaminoglycan biosynthesis - chondroitin sulfate / dermatan sulfate,H01497,hsa00532(N01580),Congenital malformation,A novel CHSY1 gene mutation underlies Temtamy preaxial brachydactyly syndrome in a Pakistani family.,Eur J Med Genet 57:21-4 (2014),Chondroitin synthesis,kegg_id_crossref,1.0
21763480,"Multiple joint dislocations, short stature, craniofacial dysmorphism, and congenital heart defects",Glycosaminoglycan biosynthesis - chondroitin sulfate / dermatan sulfate,H01498,hsa00532(N01574),Inherited metabolic disorder,Faulty initiation of proteoglycan synthesis causes cardiac and joint defects.,Am J Hum Genet 89:15-27 (2011),Chondroitin synthesis,kegg_id_crossref,1.0
24668659,"Multiple joint dislocations, short stature, craniofacial dysmorphism, and congenital heart defects",Glycosaminoglycan biosynthesis - chondroitin sulfate / dermatan sulfate,H01498,hsa00532(N01574),Inherited metabolic disorder,"Skeletal dysplasia, global developmental delay, and multiple congenital anomalies in a 5-year-old boy-report of the second family with B3GAT3 mutation and expansion of the phenotype.",Am J Med Genet A 164A:1580-6 (2014),Chondroitin synthesis,kegg_id_crossref,1.0
21763480,"Multiple joint dislocations, short stature, craniofacial dysmorphism, and congenital heart defects",Glycosaminoglycan biosynthesis - heparan sulfate / heparin,H01498,hsa00534(N01574),Inherited metabolic disorder,Faulty initiation of proteoglycan synthesis causes cardiac and joint defects.,Am J Hum Genet 89:15-27 (2011),Chondroitin synthesis,kegg_id_crossref,1.0
24668659,"Multiple joint dislocations, short stature, craniofacial dysmorphism, and congenital heart defects",Glycosaminoglycan biosynthesis - heparan sulfate / heparin,H01498,hsa00534(N01574),Inherited metabolic disorder,"Skeletal dysplasia, global developmental delay, and multiple congenital anomalies in a 5-year-old boy-report of the second family with B3GAT3 mutation and expansion of the phenotype.",Am J Med Genet A 164A:1580-6 (2014),Chondroitin synthesis,kegg_id_crossref,1.0
25458521,Thiamine pyrophosphokinase deficiency,Thiamine metabolism,H01567,hsa00730,Inherited metabolic disorder,Expanding the clinical and molecular spectrum of thiamine pyrophosphokinase deficiency: a treatable neurological disorder caused by TPK1 mutations.,Mol Genet Metab 113:301-6 (2014),Thiamine metabolism,kegg_id_crossref,1.0
20085714,Autosomal dominant striatal degeneration,Purine metabolism,H01570,hsa00230,Nervous system disease,Autosomal-dominant striatal degeneration is caused by a mutation in the phosphodiesterase 8B gene.,Am J Hum Genet 86:83-7 (2010),Purine catabolism,kegg_id_crossref,1.0
15210883,Autosomal dominant striatal degeneration,Purine metabolism,H01570,hsa00230,Nervous system disease,Autosomal dominant striatal degeneration (ADSD): clinical description and mapping to 5q13-5q14.,Neurology 62:2203-8 (2004),Purine catabolism,kegg_id_crossref,1.0
26475694,Autosomal dominant striatal degeneration,Purine metabolism,H01570,hsa00230,Nervous system disease,Familial striatal degeneration: New mutation and neuroimaging clues.,Neurology 85:1816-8 (2015),Purine catabolism,kegg_id_crossref,1.0
26769607,Autosomal dominant striatal degeneration,Purine metabolism,H01570,hsa00230,Nervous system disease,A novel mutation of PDE8B Gene in a Japanese family with autosomal-dominant striatal degeneration.,Mov Disord 30:1964-7 (2015),Purine catabolism,kegg_id_crossref,1.0
27058447,Autosomal dominant striatal degeneration,Purine metabolism,H01570,hsa00230,Nervous system disease,De Novo Mutations in PDE10A Cause Childhood-Onset Chorea with Bilateral Striatal Lesions.,Am J Hum Genet 98:763-71 (2016),Purine catabolism,kegg_id_crossref,1.0
17334708,Hydroxykynureninuria,Tryptophan metabolism,H01583,hsa00380,Inherited metabolic disorder,Xanthurenic aciduria due to a mutation in KYNU encoding kynureninase.,J Inherit Metab Dis 30:248-55 (2007),Tryptophan metabolism,kegg_id_crossref,0.955
25414046,Gastrotintestinal stromal tumor,Oxidative phosphorylation,H01591,hsa00190,Cancer,Gastrointestinal stromal tumor: recent advances in pathology and genetics.,Pathol Int 65:9-18 (2015),Oxidative phosphorylation,name_exact,1.0
26098203,Gastrotintestinal stromal tumor,Oxidative phosphorylation,H01591,hsa00190,Cancer,Beyond standard therapy: drugs under investigation for the treatment of gastrointestinal stromal tumor.,Expert Opin Investig Drugs 24:1045-58 (2015),Oxidative phosphorylation,name_exact,1.0
26276366,Gastrotintestinal stromal tumor,Oxidative phosphorylation,H01591,hsa00190,Cancer,"The standard diagnosis, treatment, and follow-up of gastrointestinal stromal tumors based on guidelines.",Gastric Cancer 19:3-14 (2016),Oxidative phosphorylation,name_exact,1.0
24384849,Gastrotintestinal stromal tumor,Oxidative phosphorylation,H01591,hsa00190,Cancer,Gastrointestinal stromal tumors: what do we know now?,Mod Pathol 27 Suppl 1:S1-16 (2014),Oxidative phosphorylation,name_exact,1.0
22124674,Gastrotintestinal stromal tumor,Oxidative phosphorylation,H01591,hsa00190,Cancer,Gastrointestinal stromal tumors.,Int J Colorectal Dis 27:689-700 (2012),Oxidative phosphorylation,name_exact,1.0
21173220,Gastrotintestinal stromal tumor,Oxidative phosphorylation,H01591,hsa00190,Cancer,Defects in succinate dehydrogenase in gastrointestinal stromal tumors lacking KIT and PDGFRA mutations.,Proc Natl Acad Sci U S A 108:314-8 (2011),Oxidative phosphorylation,name_exact,1.0
25414046,Gastrotintestinal stromal tumor,Citrate cycle (TCA cycle),H01591,hsa00020,Cancer,Gastrointestinal stromal tumor: recent advances in pathology and genetics.,Pathol Int 65:9-18 (2015),Citric acid cycle,kegg_id_crossref,0.588
26098203,Gastrotintestinal stromal tumor,Citrate cycle (TCA cycle),H01591,hsa00020,Cancer,Beyond standard therapy: drugs under investigation for the treatment of gastrointestinal stromal tumor.,Expert Opin Investig Drugs 24:1045-58 (2015),Citric acid cycle,kegg_id_crossref,0.588
26276366,Gastrotintestinal stromal tumor,Citrate cycle (TCA cycle),H01591,hsa00020,Cancer,"The standard diagnosis, treatment, and follow-up of gastrointestinal stromal tumors based on guidelines.",Gastric Cancer 19:3-14 (2016),Citric acid cycle,kegg_id_crossref,0.588
24384849,Gastrotintestinal stromal tumor,Citrate cycle (TCA cycle),H01591,hsa00020,Cancer,Gastrointestinal stromal tumors: what do we know now?,Mod Pathol 27 Suppl 1:S1-16 (2014),Citric acid cycle,kegg_id_crossref,0.588
22124674,Gastrotintestinal stromal tumor,Citrate cycle (TCA cycle),H01591,hsa00020,Cancer,Gastrointestinal stromal tumors.,Int J Colorectal Dis 27:689-700 (2012),Citric acid cycle,kegg_id_crossref,0.588
21173220,Gastrotintestinal stromal tumor,Citrate cycle (TCA cycle),H01591,hsa00020,Cancer,Defects in succinate dehydrogenase in gastrointestinal stromal tumors lacking KIT and PDGFRA mutations.,Proc Natl Acad Sci U S A 108:314-8 (2011),Citric acid cycle,kegg_id_crossref,0.588
25985735,Alcohol dependence,Glycolysis / Gluconeogenesis,H01611,hsa00010,Mental and behavioural disorder,Pharmacotherapy for alcohol dependence: A stratified approach.,Pharmacol Ther 153:10-24 (2015),Glycolysis/gluconeogenesis,kegg_id_crossref,0.731
23810221,Alcohol dependence,Glycolysis / Gluconeogenesis,H01611,hsa00010,Mental and behavioural disorder,Pharmacotherapy for alcohol dependence: status of current treatments.,Curr Opin Neurobiol 23:692-9 (2013),Glycolysis/gluconeogenesis,kegg_id_crossref,0.731
25359488,Alcohol dependence,Glycolysis / Gluconeogenesis,H01611,hsa00010,Mental and behavioural disorder,Genetics of alcohol dependence: a review of clinical studies.,Neuropsychobiology 70:77-94 (2014),Glycolysis/gluconeogenesis,kegg_id_crossref,0.731
26110981,Alcohol dependence,Glycolysis / Gluconeogenesis,H01611,hsa00010,Mental and behavioural disorder,Alcohol Dependence Genetics: Lessons Learned From Genome-Wide Association Studies (GWAS) and Post-GWAS Analyses.,Alcohol Clin Exp Res 39:1312-27 (2015),Glycolysis/gluconeogenesis,kegg_id_crossref,0.731
25278008,Alcohol dependence,Glycolysis / Gluconeogenesis,H01611,hsa00010,Mental and behavioural disorder,Genome-wide association discoveries of alcohol dependence.,Am J Addict 23:526-39 (2014),Glycolysis/gluconeogenesis,kegg_id_crossref,0.731
24456374,Alcohol dependence,Glycolysis / Gluconeogenesis,H01611,hsa00010,Mental and behavioural disorder,Current pharmacological treatment approaches for alcohol dependence.,Expert Opin Pharmacother 15:471-81 (2014),Glycolysis/gluconeogenesis,kegg_id_crossref,0.731
23170934,Alcohol dependence,Glycolysis / Gluconeogenesis,H01611,hsa00010,Mental and behavioural disorder,The genetics of alcohol dependence.,Ann N Y Acad Sci 1282:39-70 (2013),Glycolysis/gluconeogenesis,kegg_id_crossref,0.731
25408904,Alcohol dependence,Glycolysis / Gluconeogenesis,H01611,hsa00010,Mental and behavioural disorder,Genetics and epigenetics of alcohol dependence.,J Mol Psychiatry 1:11 (2013),Glycolysis/gluconeogenesis,kegg_id_crossref,0.731
16534506,Alcohol dependence,Glycolysis / Gluconeogenesis,H01611,hsa00010,Mental and behavioural disorder,Genomewide linkage study in the Irish affected sib pair study of alcohol dependence: evidence for a susceptibility region for symptoms of alcohol dependence on chromosome 4.,Mol Psychiatry 11:603-11 (2006),Glycolysis/gluconeogenesis,kegg_id_crossref,0.731
25985735,Alcohol dependence,Pyruvate metabolism,H01611,hsa00620,Mental and behavioural disorder,Pharmacotherapy for alcohol dependence: A stratified approach.,Pharmacol Ther 153:10-24 (2015),Pyruvate metabolism,kegg_id_crossref,0.833
23810221,Alcohol dependence,Pyruvate metabolism,H01611,hsa00620,Mental and behavioural disorder,Pharmacotherapy for alcohol dependence: status of current treatments.,Curr Opin Neurobiol 23:692-9 (2013),Pyruvate metabolism,kegg_id_crossref,0.833
25359488,Alcohol dependence,Pyruvate metabolism,H01611,hsa00620,Mental and behavioural disorder,Genetics of alcohol dependence: a review of clinical studies.,Neuropsychobiology 70:77-94 (2014),Pyruvate metabolism,kegg_id_crossref,0.833
26110981,Alcohol dependence,Pyruvate metabolism,H01611,hsa00620,Mental and behavioural disorder,Alcohol Dependence Genetics: Lessons Learned From Genome-Wide Association Studies (GWAS) and Post-GWAS Analyses.,Alcohol Clin Exp Res 39:1312-27 (2015),Pyruvate metabolism,kegg_id_crossref,0.833
25278008,Alcohol dependence,Pyruvate metabolism,H01611,hsa00620,Mental and behavioural disorder,Genome-wide association discoveries of alcohol dependence.,Am J Addict 23:526-39 (2014),Pyruvate metabolism,kegg_id_crossref,0.833
24456374,Alcohol dependence,Pyruvate metabolism,H01611,hsa00620,Mental and behavioural disorder,Current pharmacological treatment approaches for alcohol dependence.,Expert Opin Pharmacother 15:471-81 (2014),Pyruvate metabolism,kegg_id_crossref,0.833
23170934,Alcohol dependence,Pyruvate metabolism,H01611,hsa00620,Mental and behavioural disorder,The genetics of alcohol dependence.,Ann N Y Acad Sci 1282:39-70 (2013),Pyruvate metabolism,kegg_id_crossref,0.833
25408904,Alcohol dependence,Pyruvate metabolism,H01611,hsa00620,Mental and behavioural disorder,Genetics and epigenetics of alcohol dependence.,J Mol Psychiatry 1:11 (2013),Pyruvate metabolism,kegg_id_crossref,0.833
16534506,Alcohol dependence,Pyruvate metabolism,H01611,hsa00620,Mental and behavioural disorder,Genomewide linkage study in the Irish affected sib pair study of alcohol dependence: evidence for a susceptibility region for symptoms of alcohol dependence on chromosome 4.,Mol Psychiatry 11:603-11 (2006),Pyruvate metabolism,kegg_id_crossref,0.833
24687887,Follicular lymphoma,Lysine degradation,H01613,hsa00310,Cancer,Follicular lymphoma: 2014 update on diagnosis and management.,Am J Hematol 89:429-36 (2014),Lysine metabolism,kegg_id_crossref,0.929
24942941,Follicular lymphoma,Lysine degradation,H01613,hsa00310,Cancer,Pathology of follicular lymphoma.,J Clin Exp Hematop 54:3-9 (2014),Lysine metabolism,kegg_id_crossref,0.929
26989204,Follicular lymphoma,Lysine degradation,H01613,hsa00310,Cancer,Follicular lymphoma: evolving therapeutic strategies.,Blood 127:2055-63 (2016),Lysine metabolism,kegg_id_crossref,0.929
24577532,Follicular lymphoma,Lysine degradation,H01613,hsa00310,Cancer,How we manage follicular lymphoma.,Leukemia 28:1388-95 (2014),Lysine metabolism,kegg_id_crossref,0.929
23023713,Follicular lymphoma,Lysine degradation,H01613,hsa00310,Cancer,Pathogenesis of follicular lymphoma.,J Clin Invest 122:3424-31 (2012),Lysine metabolism,kegg_id_crossref,0.929
25804839,Follicular lymphoma,Lysine degradation,H01613,hsa00310,Cancer,"Long-term follow-up of rituximab plus first-line mitoxantrone, chlorambucil, prednisolone and interferon-alpha as maintenance therapy in follicular lymphoma.",J Cancer Res Clin Oncol 141:1689-95 (2015),Lysine metabolism,kegg_id_crossref,0.929
20943608,Follicular lymphoma,Lysine degradation,H01613,hsa00310,Cancer,Follicular lymphoma.,Ann Oncol 21 Suppl 7:vii151-3 (2010),Lysine metabolism,kegg_id_crossref,0.929
15684317,Follicular lymphoma,Lysine degradation,H01613,hsa00310,Cancer,Meta-analysis to evaluate the role of interferon in follicular lymphoma.,J Clin Oncol 23:2215-23 (2005),Lysine metabolism,kegg_id_crossref,0.929
26785838,Multiple system atrophy,Biosynthesis of cofactors,H01614,hsa01240,Neurodegenerative disease,Review: Multiple system atrophy: emerging targets for interventional therapies.,Neuropathol Appl Neurobiol 42:20-32 (2016),Heme synthesis,kegg_id_crossref,0.875
18018485,Multiple system atrophy,Biosynthesis of cofactors,H01614,hsa01240,Neurodegenerative disease,Multiple system atrophy: alpha-synuclein and neuronal degeneration.,Neuropathology 27:484-93 (2007),Heme synthesis,kegg_id_crossref,0.875
27123473,Multiple system atrophy,Biosynthesis of cofactors,H01614,hsa01240,Neurodegenerative disease,New susceptible variant of COQ2 gene in Japanese patients with sporadic multiple system atrophy.,Neurol Genet 2:e54 (2016),Heme synthesis,kegg_id_crossref,0.875
26092297,Multiple system atrophy,Biosynthesis of cofactors,H01614,hsa01240,Neurodegenerative disease,Droxidopa in neurogenic orthostatic hypotension.,Expert Rev Cardiovasc Ther 13:875-91 (2015),Heme synthesis,kegg_id_crossref,0.875
26785838,Multiple system atrophy,Ubiquinone and other terpenoid-quinone biosynthesis,H01614,hsa00130,Neurodegenerative disease,Review: Multiple system atrophy: emerging targets for interventional therapies.,Neuropathol Appl Neurobiol 42:20-32 (2016),Ubiquinone synthesis,kegg_id_crossref,1.0
18018485,Multiple system atrophy,Ubiquinone and other terpenoid-quinone biosynthesis,H01614,hsa00130,Neurodegenerative disease,Multiple system atrophy: alpha-synuclein and neuronal degeneration.,Neuropathology 27:484-93 (2007),Ubiquinone synthesis,kegg_id_crossref,1.0
27123473,Multiple system atrophy,Ubiquinone and other terpenoid-quinone biosynthesis,H01614,hsa00130,Neurodegenerative disease,New susceptible variant of COQ2 gene in Japanese patients with sporadic multiple system atrophy.,Neurol Genet 2:e54 (2016),Ubiquinone synthesis,kegg_id_crossref,1.0
26092297,Multiple system atrophy,Ubiquinone and other terpenoid-quinone biosynthesis,H01614,hsa00130,Neurodegenerative disease,Droxidopa in neurogenic orthostatic hypotension.,Expert Rev Cardiovasc Ther 13:875-91 (2015),Ubiquinone synthesis,kegg_id_crossref,1.0
21333900,Irritable bowel syndrome,Purine metabolism,H01615,hsa00230,Digestive system disease,The role of genetics in IBS.,Gastroenterol Clin North Am 40:45-67 (2011),Purine catabolism,kegg_id_crossref,1.0
27372289,Irritable bowel syndrome,Purine metabolism,H01615,hsa00230,Digestive system disease,Dietary Interventions and Irritable Bowel Syndrome: A Review of the Evidence.,Curr Gastroenterol Rep 18:41 (2016),Purine catabolism,kegg_id_crossref,1.0
27338166,Irritable bowel syndrome,Purine metabolism,H01615,hsa00230,Digestive system disease,An activating gucy2c mutation causes impaired contractility and fluid stagnation in the small bowel.,Scand J Gastroenterol 1-8 (2016),Purine catabolism,kegg_id_crossref,1.0
11488427,Irritable bowel syndrome,Purine metabolism,H01615,hsa00230,Digestive system disease,"Effects of YM905, a novel muscarinic M3-receptor antagonist, on experimental models of bowel dysfunction in vivo.",Jpn J Pharmacol 86:281-8 (2001),Purine catabolism,kegg_id_crossref,1.0
22837880,Irritable bowel syndrome,Purine metabolism,H01615,hsa00230,Digestive system disease,Efficacy of Solifenacin on Irritable Bowel Syndrome With Diarrhea: Open-label Prospective Pilot Trial.,J Neurogastroenterol Motil 18:317-23 (2012),Purine catabolism,kegg_id_crossref,1.0
27497214,Major depressive disorder,Tryptophan metabolism,H01646,hsa00380(N01551),Mental and behavioural disorder,Prognostic value of imbalanced interhemispheric functional coordination in early therapeutic efficacy in major depressive disorder.,Psychiatry Res 255:1-8 (2016),Tryptophan metabolism,kegg_id_crossref,0.955
25602134,Major depressive disorder,Tryptophan metabolism,H01646,hsa00380(N01551),Mental and behavioural disorder,Serotonin deficiency alters susceptibility to the long-term consequences of adverse early life experience.,Psychoneuroendocrinology 53:69-81 (2015),Tryptophan metabolism,kegg_id_crossref,0.955
26885016,Major depressive disorder,Tryptophan metabolism,H01646,hsa00380(N01551),Mental and behavioural disorder,Association between HTR2A T102C polymorphism and major depressive disorder: a meta-analysis in the Chinese population.,Int J Clin Exp Med 8:20897-903 (2015),Tryptophan metabolism,kegg_id_crossref,0.955
24856550,Major depressive disorder,Tryptophan metabolism,H01646,hsa00380(N01551),Mental and behavioural disorder,FKBP5 polymorphism is associated with major depression but not with bipolar disorder.,J Affect Disord 164:33-7 (2014),Tryptophan metabolism,kegg_id_crossref,0.955
25159460,Major depressive disorder,Tryptophan metabolism,H01646,hsa00380(N01551),Mental and behavioural disorder,A systematic review of Chinese randomized clinical trials of SSRI treatment of depression.,BMC Psychiatry 14:245 (2014),Tryptophan metabolism,kegg_id_crossref,0.955
23737423,Major depressive disorder,Tryptophan metabolism,H01646,hsa00380(N01551),Mental and behavioural disorder,The efficacy of psychotherapy and pharmacotherapy in treating depressive and anxiety disorders: a meta-analysis of direct comparisons.,World Psychiatry 12:137-48 (2013),Tryptophan metabolism,kegg_id_crossref,0.955
26572745,Major depressive disorder,Tryptophan metabolism,H01646,hsa00380(N01551),Mental and behavioural disorder,The Role of Levomilnacipran in the Management of Major Depressive Disorder: A Comprehensive Review.,Curr Neuropharmacol 14:191-9 (2016),Tryptophan metabolism,kegg_id_crossref,0.955
24214728,Weaver syndrome,Lysine degradation,H01751,hsa00310,Congenital malformation,Weaver syndrome and EZH2 mutations: Clarifying the clinical phenotype.,Am J Med Genet A 161A:2972-80 (2013),Lysine metabolism,kegg_id_crossref,0.929
23865096,Weaver syndrome,Lysine degradation,H01751,hsa00310,Congenital malformation,EZH2-Related Overgrowth,GeneReviews (1993),Lysine metabolism,kegg_id_crossref,0.929
17552001,Hepatic glycogen storage disease,Glycolysis / Gluconeogenesis,H01760,hsa00010,Inherited metabolic disorder,Glycogen storage diseases: new perspectives.,World J Gastroenterol 13:2541-53 (2007),Glycolysis/gluconeogenesis,kegg_id_crossref,0.731
21646031,Hepatic glycogen storage disease,Glycolysis / Gluconeogenesis,H01760,hsa00010,Inherited metabolic disorder,Liver glycogen storage diseases due to phosphorylase system deficiencies: diagnosis thanks to non invasive blood enzymatic and molecular studies.,Mol Genet Metab 104:137-43 (2011),Glycolysis/gluconeogenesis,kegg_id_crossref,0.731
25633903,Hepatic glycogen storage disease,Glycolysis / Gluconeogenesis,H01760,hsa00010,Inherited metabolic disorder,"Lipids in hepatic glycogen storage diseases: pathophysiology, monitoring of dietary management and future directions.",J Inherit Metab Dis 38:537-43 (2015),Glycolysis/gluconeogenesis,kegg_id_crossref,0.731
17552001,Hepatic glycogen storage disease,Starch and sucrose metabolism,H01760,hsa00500,Inherited metabolic disorder,Glycogen storage diseases: new perspectives.,World J Gastroenterol 13:2541-53 (2007),Starch and sucrose metabolism,kegg_id_crossref,0.875
21646031,Hepatic glycogen storage disease,Starch and sucrose metabolism,H01760,hsa00500,Inherited metabolic disorder,Liver glycogen storage diseases due to phosphorylase system deficiencies: diagnosis thanks to non invasive blood enzymatic and molecular studies.,Mol Genet Metab 104:137-43 (2011),Starch and sucrose metabolism,kegg_id_crossref,0.875
25633903,Hepatic glycogen storage disease,Starch and sucrose metabolism,H01760,hsa00500,Inherited metabolic disorder,"Lipids in hepatic glycogen storage diseases: pathophysiology, monitoring of dietary management and future directions.",J Inherit Metab Dis 38:537-43 (2015),Starch and sucrose metabolism,kegg_id_crossref,0.875
17552001,Muscle glycogen storage disease,Glycolysis / Gluconeogenesis,H01762,hsa00010,Inherited metabolic disorder,Glycogen storage diseases: new perspectives.,World J Gastroenterol 13:2541-53 (2007),Glycolysis/gluconeogenesis,kegg_id_crossref,0.731
17027861,Muscle glycogen storage disease,Glycolysis / Gluconeogenesis,H01762,hsa00010,Inherited metabolic disorder,"Glycogen storage disease: clinical, biochemical, and molecular heterogeneity.",Semin Pediatr Neurol 13:115-20 (2006),Glycolysis/gluconeogenesis,kegg_id_crossref,0.731
25326273,Muscle glycogen storage disease,Glycolysis / Gluconeogenesis,H01762,hsa00010,Inherited metabolic disorder,Exercise in muscle glycogen storage diseases.,J Inherit Metab Dis 38:551-63 (2015),Glycolysis/gluconeogenesis,kegg_id_crossref,0.731
17552001,Muscle glycogen storage disease,Starch and sucrose metabolism,H01762,hsa00500,Inherited metabolic disorder,Glycogen storage diseases: new perspectives.,World J Gastroenterol 13:2541-53 (2007),Starch and sucrose metabolism,kegg_id_crossref,0.875
17027861,Muscle glycogen storage disease,Starch and sucrose metabolism,H01762,hsa00500,Inherited metabolic disorder,"Glycogen storage disease: clinical, biochemical, and molecular heterogeneity.",Semin Pediatr Neurol 13:115-20 (2006),Starch and sucrose metabolism,kegg_id_crossref,0.875
25326273,Muscle glycogen storage disease,Starch and sucrose metabolism,H01762,hsa00500,Inherited metabolic disorder,Exercise in muscle glycogen storage diseases.,J Inherit Metab Dis 38:551-63 (2015),Starch and sucrose metabolism,kegg_id_crossref,0.875
18537592,Porphyria,Porphyrin metabolism,H01763,hsa00860(N00601),Inherited metabolic disorder,Erythropoietic porphyrias: animal models and update in gene-based therapies.,Curr Gene Ther 8:176-86 (2008),Heme degradation,kegg_id_crossref,1.0
12367763,Porphyria,Porphyrin metabolism,H01763,hsa00860(N00601),Inherited metabolic disorder,Human hereditary hepatic porphyrias.,Clin Chim Acta 325:17-37 (2002),Heme degradation,kegg_id_crossref,1.0
1755842,Porphyria,Porphyrin metabolism,H01763,hsa00860(N00601),Inherited metabolic disorder,Human erythropoietic protoporphyria: two point mutations in the ferrochelatase gene.,Biochem Biophys Res Commun 181:594-9 (1991),Heme degradation,kegg_id_crossref,1.0
28874591,Porphyria,Porphyrin metabolism,H01763,hsa00860(N00601),Inherited metabolic disorder,Mutation in human CLPX elevates levels of delta-aminolevulinate synthase and protoporphyrin IX to promote erythropoietic protoporphyria.,Proc Natl Acad Sci U S A 114:E8045-E8052 (2017),Heme degradation,kegg_id_crossref,1.0
8829650,Porphyria,Porphyrin metabolism,H01763,hsa00860(N00601),Inherited metabolic disorder,Molecular basis of congenital erythropoietic porphyria: mutations in the human uroporphyrinogen III synthase gene.,Hum Mutat 7:187-92 (1996),Heme degradation,kegg_id_crossref,1.0
2920211,Porphyria,Porphyrin metabolism,H01763,hsa00860(N00601),Inherited metabolic disorder,A point mutation in the coding region of uroporphyrinogen decarboxylase associated with familial porphyria cutanea tarda.,Blood 73:892-5 (1989),Heme degradation,kegg_id_crossref,1.0
2063868,Porphyria,Porphyrin metabolism,H01763,hsa00860(N00601),Inherited metabolic disorder,delta-Aminolevulinate dehydratase deficient porphyria: identification of the molecular lesions in a severely affected homozygote.,Am J Hum Genet 49:167-74 (1991),Heme degradation,kegg_id_crossref,1.0
2563167,Porphyria,Porphyrin metabolism,H01763,hsa00860(N00601),Inherited metabolic disorder,Tissue-specific splicing mutation in acute intermittent porphyria.,Proc Natl Acad Sci U S A 86:661-4 (1989),Heme degradation,kegg_id_crossref,1.0
8012360,Porphyria,Porphyrin metabolism,H01763,hsa00860(N00601),Inherited metabolic disorder,Homozygous hereditary coproporphyria caused by an arginine to tryptophane substitution in coproporphyrinogen oxidase and common intragenic polymorphisms.,Hum Mol Genet 3:477-80 (1994),Heme degradation,kegg_id_crossref,1.0
8852667,Porphyria,Porphyrin metabolism,H01763,hsa00860(N00601),Inherited metabolic disorder,Mutations in the protoporphyrinogen oxidase gene in patients with variegate porphyria.,Hum Mol Genet 5:407-10 (1996),Heme degradation,kegg_id_crossref,1.0
21653323,Porphyria,Porphyrin metabolism,H01763,hsa00860(N00601),Inherited metabolic disorder,ALAS2 acts as a modifier gene in patients with congenital erythropoietic porphyria.,Blood 118:1443-51 (2011),Heme degradation,kegg_id_crossref,1.0
30615115,Porphyria,Porphyrin metabolism,H01763,hsa00860(N00601),Inherited metabolic disorder,Homozygous hydroxymethylbilane synthase knock-in mice provide pathogenic insights into the severe neurological impairments present in human homozygous dominant  acute intermittent porphyria.,Hum Mol Genet 28:1755-1767 (2019),Heme degradation,kegg_id_crossref,1.0
34089223,Porphyria,Porphyrin metabolism,H01763,hsa00860(N00601),Inherited metabolic disorder,Expanding the clinical and radiological phenotypes of leukoencephalopathy due to biallelic HMBS mutations.,Am J Med Genet A 185:2941-2950 (2021),Heme degradation,kegg_id_crossref,1.0
19243827,Central areolar choroidal dystrophy,Purine metabolism,H01768,hsa00230,Nervous system disease,Central areolar choroidal dystrophy.,"Ophthalmology 116:771-82, 782.e1 (2009)",Purine catabolism,kegg_id_crossref,1.0
19262438,Central areolar choroidal dystrophy,Purine metabolism,H01768,hsa00230,Nervous system disease,Macular dystrophy associated with the Arg172Trp substitution in peripherin/RDS: genotype-phenotype correlation.,Retina 29:682-8 (2009),Purine catabolism,kegg_id_crossref,1.0
22695961,Central areolar choroidal dystrophy,Purine metabolism,H01768,hsa00230,Nervous system disease,"A novel GUCY2D mutation, V933A, causes central areolar choroidal dystrophy.",Invest Ophthalmol Vis Sci 53:4748-53 (2012),Purine catabolism,kegg_id_crossref,1.0
22129523,Primary hyperchylomicronemia,Cholesterol metabolism,H01784,hsa04979,Inherited metabolic disorder,Diagnosis and management of type I and type V hyperlipoproteinemia.,J Atheroscler Thromb 19:1-12 (2012),Cholesterol metabolism,name_exact,1.0
25732519,Primary hyperchylomicronemia,Cholesterol metabolism,H01784,hsa04979,Inherited metabolic disorder,Chylomicronaemia--current diagnosis and future therapies.,Nat Rev Endocrinol 11:352-62 (2015),Cholesterol metabolism,name_exact,1.0
24205717,Primary hyperchylomicronemia,Cholesterol metabolism,H01784,hsa04979,Inherited metabolic disorder,[Primary hyperchylomicronemia].,Nihon Rinsho 71:1578-83 (2013),Cholesterol metabolism,name_exact,1.0
10638209,Primary hyperchylomicronemia,Cholesterol metabolism,H01784,hsa04979,Inherited metabolic disorder,[Primary hyperchylomicronemia and gene defects].,Nihon Rinsho 57:2759-64 (1999),Cholesterol metabolism,name_exact,1.0
21412974,Spondylometaphyseal dysplasia with cone-rod dystrophy,Glycerophospholipid metabolism,H01821,hsa00564,Congenital malformation,Spondylometaphyseal dysplasia with cone-rod dystrophy.,Am J Med Genet A 155A:845-9 (2011),Oxidative phosphorylation,kegg_id_crossref,1.0
24387991,Spondylometaphyseal dysplasia with cone-rod dystrophy,Glycerophospholipid metabolism,H01821,hsa00564,Congenital malformation,Mutations in PCYT1A cause spondylometaphyseal dysplasia with cone-rod dystrophy.,Am J Hum Genet 94:113-9 (2014),Oxidative phosphorylation,kegg_id_crossref,1.0
24387990,Spondylometaphyseal dysplasia with cone-rod dystrophy,Glycerophospholipid metabolism,H01821,hsa00564,Congenital malformation,"Mutations in PCYT1A, encoding a key regulator of phosphatidylcholine metabolism, cause spondylometaphyseal dysplasia with cone-rod dystrophy.",Am J Hum Genet 94:105-12 (2014),Oxidative phosphorylation,kegg_id_crossref,1.0
5249155,Lenz-Majewski syndrome,Glycerophospholipid metabolism,H01832,hsa00564,Congenital malformation,Multiple congenital abnormalities with diaphyseal dysplasia (Camurati-Engelmann's syndrome). Report of a case.,Oral Surg Oral Med Oral Pathol 27:20-6 (1969),Oxidative phosphorylation,kegg_id_crossref,1.0
27044099,Lenz-Majewski syndrome,Glycerophospholipid metabolism,H01832,hsa00564,Congenital malformation,Lenz-Majewski mutations in PTDSS1 affect phosphatidylinositol 4-phosphate metabolism at ER-PM and ER-Golgi junctions.,Proc Natl Acad Sci U S A 113:4314-9 (2016),Oxidative phosphorylation,kegg_id_crossref,1.0
24241535,Lenz-Majewski syndrome,Glycerophospholipid metabolism,H01832,hsa00564,Congenital malformation,Gain-of-function mutations in the phosphatidylserine synthase 1 (PTDSS1) gene cause Lenz-Majewski syndrome.,Nat Genet 46:70-6 (2014),Oxidative phosphorylation,kegg_id_crossref,1.0
26117586,Lenz-Majewski syndrome,Glycerophospholipid metabolism,H01832,hsa00564,Congenital malformation,Lenz-Majewski syndrome: Report of a case with novel mutation in PTDSS1 gene.,Eur J Med Genet 58:392-9 (2015),Oxidative phosphorylation,kegg_id_crossref,1.0
24214656,Attention deficit hyperactivity disorder (ADHD),Tryptophan metabolism,H01895,hsa00380(N01551),Mental and behavioural disorder,Attention deficit hyperactivity disorder.,Curr Top Behav Neurosci 16:235-66 (2014),Tryptophan metabolism,kegg_id_crossref,0.955
24627974,Attention deficit hyperactivity disorder (ADHD),Tryptophan metabolism,H01895,hsa00380(N01551),Mental and behavioural disorder,Systematic evidence synthesis of treatments for ADHD in children and adolescents: indirect treatment comparisons of lisdexamfetamine with methylphenidate and atomoxetine.,Curr Med Res Opin 30:1673-85 (2014),Tryptophan metabolism,kegg_id_crossref,0.955
26170637,Attention deficit hyperactivity disorder (ADHD),Tryptophan metabolism,H01895,hsa00380(N01551),Mental and behavioural disorder,Clinical utility of guanfacine extended release in the treatment of ADHD in children and adolescents.,Patient Prefer Adherence 9:877-85 (2015),Tryptophan metabolism,kegg_id_crossref,0.955
14699430,Attention deficit hyperactivity disorder (ADHD),Tryptophan metabolism,H01895,hsa00380(N01551),Mental and behavioural disorder,Transmission disequilibrium testing of dopamine-related candidate gene polymorphisms in ADHD: confirmation of association of ADHD with DRD4 and DRD5.,Mol Psychiatry 9:711-7 (2004),Tryptophan metabolism,kegg_id_crossref,0.955
16116490,Attention deficit hyperactivity disorder (ADHD),Tryptophan metabolism,H01895,hsa00380(N01551),Mental and behavioural disorder,Transmission disequilibrium of polymorphic variants in the tryptophan hydroxylase-2 gene in attention-deficit/hyperactivity disorder.,Mol Psychiatry 10:1126-32 (2005),Tryptophan metabolism,kegg_id_crossref,0.955
34702855,Attention deficit hyperactivity disorder (ADHD),Tryptophan metabolism,H01895,hsa00380(N01551),Mental and behavioural disorder,CDH2 mutation affecting N-cadherin function causes attention-deficit hyperactivity disorder in humans and mice.,Nat Commun 12:6187 (2021),Tryptophan metabolism,kegg_id_crossref,0.955
24355708,PNPLA6-related disorders,Glycerophospholipid metabolism,H01898,hsa00564,Nervous system disease,PNPLA6 mutations cause Boucher-Neuhauser and Gordon Holmes syndromes as part of a broad neurodegenerative spectrum.,Brain 137:69-77 (2014),Oxidative phosphorylation,kegg_id_crossref,1.0
27866050,PNPLA6-related disorders,Glycerophospholipid metabolism,H01898,hsa00564,Nervous system disease,Boucher Neuhauser Syndrome - A rare cause of inherited hypogonadotropic hypogonadism. A case of two adult siblings with two novel mutations in PNPLA6.,Eur J Med Genet 60:105-109 (2017),Oxidative phosphorylation,kegg_id_crossref,1.0
25480986,PNPLA6-related disorders,Glycerophospholipid metabolism,H01898,hsa00564,Nervous system disease,Neuropathy target esterase impairments cause Oliver-McFarlane and Laurence-Moon syndromes.,J Med Genet 52:85-94 (2015),Oxidative phosphorylation,kegg_id_crossref,1.0
33670341,Microphthalmia with linear skin defects syndrome,Oxidative phosphorylation,H01904,hsa00190,Congenital malformation,Linear Skin Defects with Multiple Congenital Anomalies (LSDMCA): An Unconventional Mitochondrial Disorder.,Genes (Basel) 12:263 (2021),Oxidative phosphorylation,name_exact,1.0
17033964,Microphthalmia with linear skin defects syndrome,Oxidative phosphorylation,H01904,hsa00190,Congenital malformation,Mutations of the mitochondrial holocytochrome c-type synthase in X-linked dominant microphthalmia with linear skin defects syndrome.,Am J Hum Genet 79:878-89 (2006),Oxidative phosphorylation,name_exact,1.0
23122588,Microphthalmia with linear skin defects syndrome,Oxidative phosphorylation,H01904,hsa00190,Congenital malformation,"Mutations in COX7B cause microphthalmia with linear skin lesions, an unconventional mitochondrial disease.",Am J Hum Genet 91:942-9 (2012),Oxidative phosphorylation,name_exact,1.0
25772934,Microphthalmia with linear skin defects syndrome,Oxidative phosphorylation,H01904,hsa00190,Congenital malformation,"Mutations in NDUFB11, encoding a complex I component of the mitochondrial respiratory chain, cause microphthalmia with linear skin defects syndrome.",Am J Hum Genet 96:640-50 (2015),Oxidative phosphorylation,name_exact,1.0
21290788,CK syndrome,Steroid biosynthesis,H01917,hsa00100,Congenital malformation,NSDHL-Related Disorders,GeneReviews (1993),Cholesterol metabolism,kegg_id_crossref,0.312
19842190,CK syndrome,Steroid biosynthesis,H01917,hsa00100,Congenital malformation,"Characterization of a new X-linked mental retardation syndrome with microcephaly, cortical malformation, and thin habitus.",Am J Med Genet A 149A:2469-78 (2009),Cholesterol metabolism,kegg_id_crossref,0.312
21129721,CK syndrome,Steroid biosynthesis,H01917,hsa00100,Congenital malformation,Hypomorphic temperature-sensitive alleles of NSDHL cause CK syndrome.,Am J Hum Genet 87:905-14 (2010),Cholesterol metabolism,kegg_id_crossref,0.312
15599766,Familial autosomal recessive hypercholesterolemia,Cholesterol metabolism,H01918,hsa04979,Inherited metabolic disorder,A novel ARH splice site mutation in a Mexican kindred with autosomal recessive hypercholesterolemia.,Hum Genet 116:114-20 (2005),Cholesterol metabolism,name_exact,1.0
11326085,Familial autosomal recessive hypercholesterolemia,Cholesterol metabolism,H01918,hsa04979,Inherited metabolic disorder,Autosomal recessive hypercholesterolemia caused by mutations in a putative LDL receptor adaptor protein.,Science 292:1394-8 (2001),Cholesterol metabolism,name_exact,1.0
21513517,Familial autosomal recessive hypercholesterolemia,Cholesterol metabolism,H01918,hsa04979,Inherited metabolic disorder,Familial hypercholesterolemia: the lipids or the genes?,Nutr Metab (Lond) 8:23 (2011),Cholesterol metabolism,name_exact,1.0
24847004,"2,4-Dienoyl-CoA reductase deficiency",Nicotinate and nicotinamide metabolism,H01929,hsa00760,"Inherited metabolic disorder, Mitochondrial disease",Mitochondrial NADP(H) deficiency due to a mutation in NADK2 causes dienoyl-CoA reductase deficiency with hyperlysinemia.,Hum Mol Genet 23:5009-16 (2014),NAD metabolism,kegg_id_crossref,1.0
2332510,"2,4-Dienoyl-CoA reductase deficiency",Nicotinate and nicotinamide metabolism,H01929,hsa00760,"Inherited metabolic disorder, Mitochondrial disease","2,4-Dienoyl-coenzyme A reductase deficiency: a possible new disorder of fatty acid oxidation.",J Clin Invest 85:1703-7 (1990),NAD metabolism,kegg_id_crossref,1.0
21929548,Porokeratosis,Terpenoid backbone biosynthesis,H01933,hsa00900,Congenital malformation,Porokeratosis: present concepts.,J Eur Acad Dermatol Venereol 26:404-12 (2012),Squalene and cholesterol synthesis,kegg_id_crossref,1.0
26202976,Porokeratosis,Terpenoid backbone biosynthesis,H01933,hsa00900,Congenital malformation,Genomic variations of the mevalonate pathway in porokeratosis.,Elife 4:e06322 (2015),Squalene and cholesterol synthesis,kegg_id_crossref,1.0
22983302,Porokeratosis,Terpenoid backbone biosynthesis,H01933,hsa00900,Congenital malformation,Exome sequencing identifies MVK mutations in disseminated superficial actinic porokeratosis.,Nat Genet 44:1156-60 (2012),Squalene and cholesterol synthesis,kegg_id_crossref,1.0
25180256,Porokeratosis,Terpenoid backbone biosynthesis,H01933,hsa00900,Congenital malformation,Exome sequencing identifies SLC17A9 pathogenic gene in two Chinese pedigrees with disseminated superficial actinic porokeratosis.,J Med Genet 51:699-704 (2014),Squalene and cholesterol synthesis,kegg_id_crossref,1.0
12704386,Familial hypercholanemia,Primary bile acid biosynthesis,H01935,hsa00120,Inherited metabolic disorder,Complex inheritance of familial hypercholanemia with associated mutations in TJP2 and BAAT.,Nat Genet 34:91-6 (2003),Bile acid synthesis,kegg_id_crossref,0.833
29290974,Familial hypercholanemia,Primary bile acid biosynthesis,H01935,hsa00120,Inherited metabolic disorder,Sodium taurocholate cotransporting polypeptide (NTCP) deficiency: Identification of a novel SLC10A1 mutation in two unrelated infants presenting with neonatal indirect hyperbilirubinemia and remarkable hypercholanemia.,Oncotarget 8:106598-106607 (2017),Bile acid synthesis,kegg_id_crossref,0.833
19580635,Hyperbiliverdinemia,Porphyrin metabolism,H01936,hsa00860,Inherited metabolic disorder,A novel mutation in the biliverdin reductase-A gene combined with liver cirrhosis results in hyperbiliverdinaemia (green jaundice).,Liver Int 29:1116-24 (2009),Heme degradation,kegg_id_crossref,1.0
21278388,Hyperbiliverdinemia,Porphyrin metabolism,H01936,hsa00860,Inherited metabolic disorder,A homozygous nonsense mutation (c.214C-&gt;A) in the biliverdin reductase alpha gene (BLVRA) results in accumulation of biliverdin during episodes of cholestasis.,J Med Genet 48:219-25 (2011),Heme degradation,kegg_id_crossref,1.0
10748407,Glycogen storage disease type I,Starch and sucrose metabolism,H01939,hsa00500(N00718),Inherited metabolic disorder,Glycogen storage disease type Ia: molecular diagnosis of 51 Japanese patients and characterization of splicing mutations by analysis of ectopically transcribed mRNA from lymphoblastoid cells.,Am J Med Genet 91:107-12 (2000),Starch and sucrose metabolism,kegg_id_crossref,0.875
9463334,Glycogen storage disease type I,Starch and sucrose metabolism,H01939,hsa00500(N00718),Inherited metabolic disorder,The gene for glycogen-storage disease type 1b maps to chromosome 11q23.,Am J Hum Genet 62:400-5 (1998),Starch and sucrose metabolism,kegg_id_crossref,0.875
9428641,Glycogen storage disease type I,Starch and sucrose metabolism,H01939,hsa00500(N00718),Inherited metabolic disorder,"Sequence of a putative glucose 6-phosphate translocase, mutated in glycogen storage disease type Ib.",FEBS Lett 419:235-8 (1997),Starch and sucrose metabolism,kegg_id_crossref,0.875
9598717,Glycogen storage disease type I,Starch and sucrose metabolism,H01939,hsa00500(N00718),Inherited metabolic disorder,Localisation of the gene for glycogen storage disease type 1c by homozygosity mapping to 11q.,J Med Genet 35:269-72 (1998),Starch and sucrose metabolism,kegg_id_crossref,0.875
20225018,Glycogen storage disease type II,Starch and sucrose metabolism,H01940,hsa00500(N00720),"Inherited metabolic disorder, Lysosomal disease",Phenotype variations in early onset Pompe disease: diagnosis and treatment results with Myozyme.,Adv Exp Med Biol 652:39-46 (2009),Starch and sucrose metabolism,kegg_id_crossref,0.875
16702877,Glycogen storage disease type II,Starch and sucrose metabolism,H01940,hsa00500(N00720),"Inherited metabolic disorder, Lysosomal disease",Pompe disease diagnosis and management guideline.,Genet Med 8:267-88 (2006),Starch and sucrose metabolism,kegg_id_crossref,0.875
15668445,Glycogen storage disease type II,Starch and sucrose metabolism,H01940,hsa00500(N00720),"Inherited metabolic disorder, Lysosomal disease",Mutations in the acid alpha-glucosidase gene (M. Pompe) in a patient with an unusual phenotype.,Neurology 64:368-70 (2005),Starch and sucrose metabolism,kegg_id_crossref,0.875
20648714,Glycogen storage disease type III,Starch and sucrose metabolism,H01941,hsa00500(N00718),Inherited metabolic disorder,Molecular analysis of the AGL gene: identification of 25 novel mutations and evidence of genetic heterogeneity in patients with Glycogen Storage Disease Type  III.,Genet Med 12:424-30 (2010),Starch and sucrose metabolism,kegg_id_crossref,0.875
10384399,Glycogen storage disease type IV,Starch and sucrose metabolism,H01942,hsa00500(N00713),Inherited metabolic disorder,Glycogen storage disease type IV presenting as hydrops fetalis.,J Inherit Metab Dis 22:330-2 (1999),Starch and sucrose metabolism,kegg_id_crossref,0.875
15452297,Glycogen storage disease type IV,Starch and sucrose metabolism,H01942,hsa00500(N00713),Inherited metabolic disorder,Clinical and genetic heterogeneity of branching enzyme deficiency (glycogenosis type IV).,Neurology 63:1053-8 (2004),Starch and sucrose metabolism,kegg_id_crossref,0.875
36796138,Glycogen storage disease type IV,Starch and sucrose metabolism,H01942,hsa00500(N00713),Inherited metabolic disorder,"Diagnosis and management of glycogen storage disease type IV, including adult polyglucosan body disease: A clinical practice resource.",Mol Genet Metab 138:107525 (2023),Starch and sucrose metabolism,kegg_id_crossref,0.875
16924035,Glycogen storage disease type V,Starch and sucrose metabolism,H01943,hsa00500(N00718),Inherited metabolic disorder,Do carriers of PYGM mutations have symptoms of McArdle disease?,Neurology 67:716-8 (2006),Starch and sucrose metabolism,kegg_id_crossref,0.875
17915571,Glycogen storage disease type V,Starch and sucrose metabolism,H01943,hsa00500(N00718),Inherited metabolic disorder,McArdle disease: molecular genetic update.,Acta Myol 26:53-7 (2007),Starch and sucrose metabolism,kegg_id_crossref,0.875
9529348,Glycogen storage disease type VI,Starch and sucrose metabolism,H01944,hsa00500(N00718),Inherited metabolic disorder,Mutations in the liver glycogen phosphorylase gene (PYGL) underlying glycogenosis type VI.,Am J Hum Genet 62:785-91 (1998),Starch and sucrose metabolism,kegg_id_crossref,0.875
7603526,Glycogen storage disease type VII,Glycolysis / Gluconeogenesis,H01945,hsa00010(N00731),Inherited metabolic disorder,"A new variant case of muscle phosphofructokinase deficiency, coexisting with gastric ulcer, gouty arthritis, and increased hemolysis.",Muscle Nerve Suppl 3:S39-44 (1995),Glycolysis/gluconeogenesis,kegg_id_crossref,0.731
8889589,Glycogen storage disease type VII,Glycolysis / Gluconeogenesis,H01945,hsa00010(N00731),Inherited metabolic disorder,Novel missense mutation (W686C) of the phosphofructokinase-M gene in a Japanese patient with a mild form of glycogenosis VII.,Hum Mutat 8:273-5 (1996),Glycolysis/gluconeogenesis,kegg_id_crossref,0.731
2334430,Glycogen storage disease type XI,Glycolysis / Gluconeogenesis,H01946,hsa00010(N00731),Inherited metabolic disorder,Molecular characterization of genetic mutation in human lactate dehydrogenase-A (M) deficiency.,Biochem Biophys Res Commun 168:677-82 (1990),Glycolysis/gluconeogenesis,kegg_id_crossref,0.731
3383424,Glycogen storage disease type XI,Glycolysis / Gluconeogenesis,H01946,hsa00010(N00731),Inherited metabolic disorder,Lactate dehydrogenase M-subunit deficiency: a new type of hereditary exertional myopathy.,Clin Chim Acta 173:89-98 (1988),Glycolysis/gluconeogenesis,kegg_id_crossref,0.731
19699667,Glycogen storage disease type 0b,Starch and sucrose metabolism,H01949,hsa00500(N00713),Inherited metabolic disorder,"Identification of a novel mutation in GYS1 (muscle-specific glycogen synthase) resulting in sudden cardiac death, that is diagnosable from skin fibroblasts.",Mol Genet Metab 98:378-82 (2009),Starch and sucrose metabolism,kegg_id_crossref,0.875
17928598,Glycogen storage disease type 0b,Starch and sucrose metabolism,H01949,hsa00500(N00713),Inherited metabolic disorder,Cardiomyopathy and exercise intolerance in muscle glycogen storage disease 0.,N Engl J Med 357:1507-14 (2007),Starch and sucrose metabolism,kegg_id_crossref,0.875
17928598,Glycogen storage disease type 0a,Starch and sucrose metabolism,H01950,hsa00500(N00713),Inherited metabolic disorder,Cardiomyopathy and exercise intolerance in muscle glycogen storage disease 0.,N Engl J Med 357:1507-14 (2007),Starch and sucrose metabolism,kegg_id_crossref,0.875
141912,Glycogen storage disease type 0a,Starch and sucrose metabolism,H01950,hsa00500(N00713),Inherited metabolic disorder,Hepatic glycogen synthetase deficiency. Definition of syndrome from metabolic and enzyme studies on a 9-year-old girl.,Arch Dis Child 52:573-9 (1977),Starch and sucrose metabolism,kegg_id_crossref,0.875
8447317,Glycogen storage disease type X,Glycolysis / Gluconeogenesis,H01951,hsa00010(N00731),Inherited metabolic disorder,The molecular genetic basis of muscle phosphoglycerate mutase (PGAM) deficiency.,Am J Hum Genet 52:472-7 (1993),Glycolysis/gluconeogenesis,kegg_id_crossref,0.731
8598869,Glycogen storage disease type XII,Glycolysis / Gluconeogenesis,H01952,hsa00010(N00731),Inherited metabolic disorder,Brief report: inherited metabolic myopathy and hemolysis due to a mutation in aldolase A.,N Engl J Med 334:1100-4 (1996),Glycolysis/gluconeogenesis,kegg_id_crossref,0.731
11506403,Glycogen storage disease type XIII,Glycolysis / Gluconeogenesis,H01953,hsa00010(N00731),Inherited metabolic disorder,"Beta-enolase deficiency, a new metabolic myopathy of distal glycolysis.",Ann Neurol 50:202-7 (2001),Glycolysis/gluconeogenesis,kegg_id_crossref,0.731
19625727,Glycogen storage disease type XIV,Glycolysis / Gluconeogenesis,H01954,hsa00010,Inherited metabolic disorder,Muscle glycogenosis due to phosphoglucomutase 1 deficiency.,N Engl J Med 361:425-7 (2009),Glycolysis/gluconeogenesis,kegg_id_crossref,0.731
24499211,Glycogen storage disease type XIV,Glycolysis / Gluconeogenesis,H01954,hsa00010,Inherited metabolic disorder,Multiple phenotypes in phosphoglucomutase 1 deficiency.,N Engl J Med 370:533-42 (2014),Glycolysis/gluconeogenesis,kegg_id_crossref,0.731
19625727,Glycogen storage disease type XIV,Galactose metabolism,H01954,hsa00052,Inherited metabolic disorder,Muscle glycogenosis due to phosphoglucomutase 1 deficiency.,N Engl J Med 361:425-7 (2009),Galactose metabolism,kegg_id_crossref,1.0
24499211,Glycogen storage disease type XIV,Galactose metabolism,H01954,hsa00052,Inherited metabolic disorder,Multiple phenotypes in phosphoglucomutase 1 deficiency.,N Engl J Med 370:533-42 (2014),Galactose metabolism,kegg_id_crossref,1.0
19625727,Glycogen storage disease type XIV,Pentose phosphate pathway,H01954,hsa00030,Inherited metabolic disorder,Muscle glycogenosis due to phosphoglucomutase 1 deficiency.,N Engl J Med 361:425-7 (2009),Pentose phosphate pathway,kegg_id_crossref,0.45
24499211,Glycogen storage disease type XIV,Pentose phosphate pathway,H01954,hsa00030,Inherited metabolic disorder,Multiple phenotypes in phosphoglucomutase 1 deficiency.,N Engl J Med 370:533-42 (2014),Pentose phosphate pathway,kegg_id_crossref,0.45
19625727,Glycogen storage disease type XIV,Starch and sucrose metabolism,H01954,hsa00500,Inherited metabolic disorder,Muscle glycogenosis due to phosphoglucomutase 1 deficiency.,N Engl J Med 361:425-7 (2009),Starch and sucrose metabolism,kegg_id_crossref,0.875
24499211,Glycogen storage disease type XIV,Starch and sucrose metabolism,H01954,hsa00500,Inherited metabolic disorder,Multiple phenotypes in phosphoglucomutase 1 deficiency.,N Engl J Med 370:533-42 (2014),Starch and sucrose metabolism,kegg_id_crossref,0.875
19625727,Glycogen storage disease type XIV,Amino sugar and nucleotide sugar metabolism,H01954,hsa00520,Inherited metabolic disorder,Muscle glycogenosis due to phosphoglucomutase 1 deficiency.,N Engl J Med 361:425-7 (2009),Nucleotide sugar metabolism,kegg_id_crossref,1.0
24499211,Glycogen storage disease type XIV,Amino sugar and nucleotide sugar metabolism,H01954,hsa00520,Inherited metabolic disorder,Multiple phenotypes in phosphoglucomutase 1 deficiency.,N Engl J Med 370:533-42 (2014),Nucleotide sugar metabolism,kegg_id_crossref,1.0
20357282,Glycogen storage disease type XV,Starch and sucrose metabolism,H01955,hsa00500(N00713),Inherited metabolic disorder,Glycogenin-1 deficiency and inactivated priming of glycogen synthesis.,N Engl J Med 362:1203-10 (2010),Starch and sucrose metabolism,kegg_id_crossref,0.875
11134486,SCAD deficiency,Fatty acid degradation,H01980,hsa00071(N00804),"Inherited metabolic disorder, Mitochondrial disease",Role of common gene variations in the molecular pathogenesis of short-chain acyl-CoA dehydrogenase deficiency.,Pediatr Res 49:18-23 (2001),Fatty acid oxidation,kegg_id_crossref,0.581
11524729,SCAD deficiency,Fatty acid degradation,H01980,hsa00071(N00804),"Inherited metabolic disorder, Mitochondrial disease","Mutation analysis in mitochondrial fatty acid oxidation defects: Exemplified by acyl-CoA dehydrogenase deficiencies, with special focus on genotype-phenotype relationship.",Hum Mutat 18:169-89 (2001),Fatty acid oxidation,kegg_id_crossref,0.581
16602102,Carnitine palmitoyltransferase I deficiency,Fatty acid degradation,H01981,hsa00071(N00765),"Inherited metabolic disorder, Mitochondrial disease",Disorders of carnitine transport and the carnitine cycle.,Am J Med Genet C Semin Med Genet 142C:77-85 (2006),Fatty acid oxidation,kegg_id_crossref,0.581
12189492,Carnitine palmitoyltransferase I deficiency,Fatty acid degradation,H01981,hsa00071(N00765),"Inherited metabolic disorder, Mitochondrial disease",Organization of the human liver carnitine palmitoyltransferase 1 gene ( CPT1A) and identification of novel mutations in hypoketotic hypoglycaemia.,Hum Genet 111:179-89 (2002),Fatty acid oxidation,kegg_id_crossref,0.581
8651281,Carnitine palmitoyltransferase II deficiency,Fatty acid degradation,H01982,hsa00071(N00765),"Inherited metabolic disorder, Mitochondrial disease",Molecular analysis of carnitine palmitoyltransferase II deficiency with hepatocardiomuscular expression.,Am J Hum Genet 58:971-8 (1996),Fatty acid oxidation,kegg_id_crossref,0.581
18550408,Carnitine palmitoyltransferase II deficiency,Fatty acid degradation,H01982,hsa00071(N00765),"Inherited metabolic disorder, Mitochondrial disease",CPT2 gene mutations resulting in lethal neonatal or severe infantile carnitine palmitoyltransferase II deficiency.,Mol Genet Metab 94:422-7 (2008),Fatty acid oxidation,kegg_id_crossref,0.581
9686362,Pyruvate dehydrogenase E1-alpha deficiency,Glycolysis / Gluconeogenesis,H01997,hsa00010,Inherited metabolic disorder,Pyruvate dehydrogenase E1 alpha deficiency in a family: different clinical presentation in two siblings.,J Inherit Metab Dis 21:224-6 (1998),Glycolysis/gluconeogenesis,kegg_id_crossref,0.731
10679936,Pyruvate dehydrogenase E1-alpha deficiency,Glycolysis / Gluconeogenesis,H01997,hsa00010,Inherited metabolic disorder,Mutations in the X-linked pyruvate dehydrogenase (E1) alpha subunit gene (PDHA1) in patients with a pyruvate dehydrogenase complex deficiency.,Hum Mutat 15:209-19 (2000),Glycolysis/gluconeogenesis,kegg_id_crossref,0.731
7887408,Pyruvate dehydrogenase E1-alpha deficiency,Glycolysis / Gluconeogenesis,H01997,hsa00010,Inherited metabolic disorder,Pyruvate dehydrogenase E1 alpha deficiency: males and females differ yet again.,Am J Hum Genet 56:553-7 (1995),Glycolysis/gluconeogenesis,kegg_id_crossref,0.731
9686362,Pyruvate dehydrogenase E1-alpha deficiency,Pyruvate metabolism,H01997,hsa00620,Inherited metabolic disorder,Pyruvate dehydrogenase E1 alpha deficiency in a family: different clinical presentation in two siblings.,J Inherit Metab Dis 21:224-6 (1998),Pyruvate metabolism,kegg_id_crossref,0.833
10679936,Pyruvate dehydrogenase E1-alpha deficiency,Pyruvate metabolism,H01997,hsa00620,Inherited metabolic disorder,Mutations in the X-linked pyruvate dehydrogenase (E1) alpha subunit gene (PDHA1) in patients with a pyruvate dehydrogenase complex deficiency.,Hum Mutat 15:209-19 (2000),Pyruvate metabolism,kegg_id_crossref,0.833
7887408,Pyruvate dehydrogenase E1-alpha deficiency,Pyruvate metabolism,H01997,hsa00620,Inherited metabolic disorder,Pyruvate dehydrogenase E1 alpha deficiency: males and females differ yet again.,Am J Hum Genet 56:553-7 (1995),Pyruvate metabolism,kegg_id_crossref,0.833
15138885,Pyruvate dehydrogenase E1-beta deficiency,Glycolysis / Gluconeogenesis,H01998,hsa00010,Inherited metabolic disorder,Mutations in the gene for the E1beta subunit: a novel cause of pyruvate dehydrogenase deficiency.,Hum Genet 115:123-7 (2004),Glycolysis/gluconeogenesis,kegg_id_crossref,0.731
15138885,Pyruvate dehydrogenase E1-beta deficiency,Pyruvate metabolism,H01998,hsa00620,Inherited metabolic disorder,Mutations in the gene for the E1beta subunit: a novel cause of pyruvate dehydrogenase deficiency.,Hum Genet 115:123-7 (2004),Pyruvate metabolism,kegg_id_crossref,0.833
16049940,Pyruvate dehydrogenase E2 deficiency,Glycolysis / Gluconeogenesis,H01999,hsa00010,Inherited metabolic disorder,Clinical and genetic spectrum of pyruvate dehydrogenase deficiency: dihydrolipoamide acetyltransferase (E2) deficiency.,Ann Neurol 58:234-41 (2005),Glycolysis/gluconeogenesis,kegg_id_crossref,0.731
16049940,Pyruvate dehydrogenase E2 deficiency,Pyruvate metabolism,H01999,hsa00620,Inherited metabolic disorder,Clinical and genetic spectrum of pyruvate dehydrogenase deficiency: dihydrolipoamide acetyltransferase (E2) deficiency.,Ann Neurol 58:234-41 (2005),Pyruvate metabolism,kegg_id_crossref,0.833
27896107,Dihydrolipoamide dehydrogenase deficiency,"Valine, leucine and isoleucine degradation",H02000,hsa00280(N00832),Inherited metabolic disorder,Newborn screening for dihydrolipoamide dehydrogenase deficiency: Citrulline as a useful analyte.,Mol Genet Metab Rep 1:345-349 (2014),"Valine, leucine, and isoleucine metabolism",kegg_id_crossref,0.85
15712224,Dihydrolipoamide dehydrogenase deficiency,"Valine, leucine and isoleucine degradation",H02000,hsa00280(N00832),Inherited metabolic disorder,A novel mutation in the dihydrolipoamide dehydrogenase E3 subunit gene (DLD) resulting in an atypical form of alpha-ketoglutarate dehydrogenase deficiency.,Hum Mutat 25:323-4 (2005),"Valine, leucine, and isoleucine metabolism",kegg_id_crossref,0.85
8200987,Fumarase deficiency,Citrate cycle (TCA cycle),H02004,hsa00020,Inherited metabolic disorder,Mutation of the fumarase gene in two siblings with progressive encephalopathy and fumarase deficiency.,J Clin Invest 93:2514-8 (1994),Citric acid cycle,kegg_id_crossref,0.588
10805328,Fumarase deficiency,Citrate cycle (TCA cycle),H02004,hsa00020,Inherited metabolic disorder,Fumaric aciduria: clinical and imaging features.,Ann Neurol 47:583-8 (2000),Citric acid cycle,kegg_id_crossref,0.588
23322652,Mitochondrial complex II deficiency,Citrate cycle (TCA cycle),H02005,hsa00020,"Inherited metabolic disorder, Mitochondrial disease",Complex II deficiency--a case report and review of the literature.,Am J Med Genet A 161A:285-94 (2013),Citric acid cycle,kegg_id_crossref,0.588
22972948,Mitochondrial complex II deficiency,Citrate cycle (TCA cycle),H02005,hsa00020,"Inherited metabolic disorder, Mitochondrial disease",Recessive germline SDHA and SDHB mutations causing leukodystrophy and isolated mitochondrial complex II deficiency.,J Med Genet 49:569-77 (2012),Citric acid cycle,kegg_id_crossref,0.588
19465911,Mitochondrial complex II deficiency,Citrate cycle (TCA cycle),H02005,hsa00020,"Inherited metabolic disorder, Mitochondrial disease","SDHAF1, encoding a LYR complex-II specific assembly factor, is mutated in SDH-defective infantile leukoencephalopathy.",Nat Genet 41:654-6 (2009),Citric acid cycle,kegg_id_crossref,0.588
24367056,Mitochondrial complex II deficiency,Citrate cycle (TCA cycle),H02005,hsa00020,"Inherited metabolic disorder, Mitochondrial disease",Mutations in SDHD lead to autosomal recessive encephalomyopathy and isolated mitochondrial complex II deficiency.,J Med Genet 51:170-5 (2014),Citric acid cycle,kegg_id_crossref,0.588
23322652,Mitochondrial complex II deficiency,Oxidative phosphorylation,H02005,hsa00190,"Inherited metabolic disorder, Mitochondrial disease",Complex II deficiency--a case report and review of the literature.,Am J Med Genet A 161A:285-94 (2013),Oxidative phosphorylation,name_exact,1.0
22972948,Mitochondrial complex II deficiency,Oxidative phosphorylation,H02005,hsa00190,"Inherited metabolic disorder, Mitochondrial disease",Recessive germline SDHA and SDHB mutations causing leukodystrophy and isolated mitochondrial complex II deficiency.,J Med Genet 49:569-77 (2012),Oxidative phosphorylation,name_exact,1.0
19465911,Mitochondrial complex II deficiency,Oxidative phosphorylation,H02005,hsa00190,"Inherited metabolic disorder, Mitochondrial disease","SDHAF1, encoding a LYR complex-II specific assembly factor, is mutated in SDH-defective infantile leukoencephalopathy.",Nat Genet 41:654-6 (2009),Oxidative phosphorylation,name_exact,1.0
24367056,Mitochondrial complex II deficiency,Oxidative phosphorylation,H02005,hsa00190,"Inherited metabolic disorder, Mitochondrial disease",Mutations in SDHD lead to autosomal recessive encephalomyopathy and isolated mitochondrial complex II deficiency.,J Med Genet 51:170-5 (2014),Oxidative phosphorylation,name_exact,1.0
15712224,Alpha-ketoglutarate dehydrogenase complex deficiency,Citrate cycle (TCA cycle),H02006,hsa00020,"Inherited metabolic disorder, Mitochondrial disease",A novel mutation in the dihydrolipoamide dehydrogenase E3 subunit gene (DLD) resulting in an atypical form of alpha-ketoglutarate dehydrogenase deficiency.,Hum Mutat 25:323-4 (2005),Citric acid cycle,kegg_id_crossref,0.588
10676873,Alpha-ketoglutarate dehydrogenase complex deficiency,Citrate cycle (TCA cycle),H02006,hsa00020,"Inherited metabolic disorder, Mitochondrial disease",The alpha-ketoglutarate dehydrogenase complex in neurodegeneration.,Neurochem Int 36:97-112 (2000),Citric acid cycle,kegg_id_crossref,0.588
8295396,Alpha-ketoglutarate dehydrogenase complex deficiency,Citrate cycle (TCA cycle),H02006,hsa00020,"Inherited metabolic disorder, Mitochondrial disease","2-Ketoglutarate dehydrogenase deficiency, a rare cause of primary hyperlactataemia: report of a new case.",J Inherit Metab Dis 16:821-30 (1993),Citric acid cycle,kegg_id_crossref,0.588
11152465,Galactose-1P uridylyltransferase deficiency,Galactose metabolism,H02008,hsa00052(N00847),Inherited metabolic disorder,"Relationship between genotype, activity, and galactose sensitivity in yeast expressing patient alleles of human galactose-1-phosphate uridylyltransferase.",J Biol Chem 276:10634-40 (2001),Galactose metabolism,kegg_id_crossref,1.0
21960482,Galactose-1P uridylyltransferase deficiency,Galactose metabolism,H02008,hsa00052(N00847),Inherited metabolic disorder,Structural and molecular biology of type I galactosemia: disease-associated mutations.,IUBMB Life 63:949-54 (2011),Galactose metabolism,kegg_id_crossref,1.0
8943248,Galactose-1P uridylyltransferase deficiency,Galactose metabolism,H02008,hsa00052(N00847),Inherited metabolic disorder,The Q188R mutation in human galactose-1-phosphate uridylyltransferase acts as a partial dominant negative.,J Biol Chem 271:32002-7 (1996),Galactose metabolism,kegg_id_crossref,1.0
10570908,Galactokinase deficiency,Galactose metabolism,H02009,hsa00052(N00847),Inherited metabolic disorder,Molecular characterization of galactokinase deficiency in Japanese patients.,J Hum Genet 44:377-82 (1999),Galactose metabolism,kegg_id_crossref,1.0
15024738,Galactokinase deficiency,Galactose metabolism,H02009,hsa00052(N00847),Inherited metabolic disorder,Biochemical characterization of two GALK1 mutations in patients with galactokinase deficiency.,Hum Mutat 23:396 (2004),Galactose metabolism,kegg_id_crossref,1.0
10790206,Galactokinase deficiency,Galactose metabolism,H02009,hsa00052(N00847),Inherited metabolic disorder,Novel mutations in 13 probands with galactokinase deficiency.,Hum Mutat 15:447-53 (2000),Galactose metabolism,kegg_id_crossref,1.0
9326324,Galactose epimerase deficiency,Galactose metabolism,H02010,hsa00052(N00847),Inherited metabolic disorder,"Characterization of two mutations associated with epimerase-deficiency galactosemia, by use of a yeast expression system for human UDP-galactose-4-epimerase.",Am J Hum Genet 61:590-8 (1997),Galactose metabolism,kegg_id_crossref,1.0
22613355,Galactose epimerase deficiency,Galactose metabolism,H02010,hsa00052(N00847),Inherited metabolic disorder,Altered cofactor binding affects stability and activity of human UDP-galactose 4'-epimerase: implications for type III galactosemia.,Biochim Biophys Acta 1822:1516-26 (2012),Galactose metabolism,kegg_id_crossref,1.0
23748068,Aromatase deficiency,Steroid hormone biosynthesis,H02020,hsa00140(N01540),Endocrine and metabolic disease,"Aromatase deficiency, a rare syndrome: case report.",J Clin Res Pediatr Endocrinol 5:129-32 (2013),Steroid metabolism,kegg_id_crossref,1.0
8265607,Aromatase deficiency,Steroid hormone biosynthesis,H02020,hsa00140(N01540),Endocrine and metabolic disease,Molecular basis of aromatase deficiency in an adult female with sexual infantilism and polycystic ovaries.,Proc Natl Acad Sci U S A 90:11673-7 (1993),Steroid metabolism,kegg_id_crossref,1.0
9177373,Aromatase deficiency,Steroid hormone biosynthesis,H02020,hsa00140(N01540),Endocrine and metabolic disease,"Aromatase deficiency in a female who is compound heterozygote for two new point mutations in the P450arom gene: impact of estrogens on hypergonadotropic hypogonadism, multicystic ovaries, and bone densitometry in childhood.",J Clin Endocrinol Metab 82:1739-45 (1997),Steroid metabolism,kegg_id_crossref,1.0
16386929,Crigler-Najjar syndrome,Porphyrin metabolism,H02054,hsa00860,Inherited metabolic disorder,Hematologically important mutations: bilirubin UDP-glucuronosyltransferase gene mutations in Gilbert and Crigler-Najjar syndromes.,Blood Cells Mol Dis 36:77-80 (2006),Heme degradation,kegg_id_crossref,1.0
11013440,Crigler-Najjar syndrome,Porphyrin metabolism,H02054,hsa00860,Inherited metabolic disorder,Genetic lesions of bilirubin uridine-diphosphoglucuronate glucuronosyltransferase (UGT1A1) causing Crigler-Najjar and Gilbert syndromes: correlation of genotype to phenotype.,Hum Mutat 16:297-306 (2000),Heme degradation,kegg_id_crossref,1.0
1634606,Crigler-Najjar syndrome,Porphyrin metabolism,H02054,hsa00860,Inherited metabolic disorder,Identification of a genetic alteration in the code for bilirubin UDP-glucuronosyltransferase in the UGT1 gene complex of a Crigler-Najjar type I patient.,J Clin Invest 90:150-5 (1992),Heme degradation,kegg_id_crossref,1.0
16386929,Gilbert syndrome,Porphyrin metabolism,H02055,hsa00860,Inherited metabolic disorder,Hematologically important mutations: bilirubin UDP-glucuronosyltransferase gene mutations in Gilbert and Crigler-Najjar syndromes.,Blood Cells Mol Dis 36:77-80 (2006),Heme degradation,kegg_id_crossref,1.0
7565971,Gilbert syndrome,Porphyrin metabolism,H02055,hsa00860,Inherited metabolic disorder,The genetic basis of the reduced expression of bilirubin UDP-glucuronosyltransferase 1 in Gilbert's syndrome.,N Engl J Med 333:1171-5 (1995),Heme degradation,kegg_id_crossref,1.0
14616765,Gilbert syndrome,Porphyrin metabolism,H02055,hsa00860,Inherited metabolic disorder,Co-occurrence of three different mutations in the bilirubin UDP-glucuronosyltransferase gene in a Chinese family with Crigler-Najjar syndrome type I and Gilbert's syndrome.,Clin Genet 64:420-3 (2003),Heme degradation,kegg_id_crossref,1.0
18601960,Mitochondrial complex III deficiency,Oxidative phosphorylation,H02086,hsa00190,"Inherited metabolic disorder, Mitochondrial disease",Respiratory-chain diseases related to complex III deficiency.,Biochim Biophys Acta 1793:181-5 (2009),Oxidative phosphorylation,name_exact,1.0
11528392,Mitochondrial complex III deficiency,Oxidative phosphorylation,H02086,hsa00190,"Inherited metabolic disorder, Mitochondrial disease","A mutant mitochondrial respiratory chain assembly protein causes complex III deficiency in patients with tubulopathy, encephalopathy and liver failure.",Nat Genet 29:57-60 (2001),Oxidative phosphorylation,name_exact,1.0
21278747,Mitochondrial complex III deficiency,Oxidative phosphorylation,H02086,hsa00190,"Inherited metabolic disorder, Mitochondrial disease",Mutations in TTC19 cause mitochondrial complex III deficiency and neurological impairment in humans and flies.,Nat Genet 43:259-63 (2011),Oxidative phosphorylation,name_exact,1.0
12709789,Mitochondrial complex III deficiency,Oxidative phosphorylation,H02086,hsa00190,"Inherited metabolic disorder, Mitochondrial disease",A deletion in the human QP-C gene causes a complex III deficiency resulting in hypoglycaemia and lactic acidosis.,Hum Genet 113:118-22 (2003),Oxidative phosphorylation,name_exact,1.0
18439546,Mitochondrial complex III deficiency,Oxidative phosphorylation,H02086,hsa00190,"Inherited metabolic disorder, Mitochondrial disease",Mitochondrial complex III deficiency associated with a homozygous mutation in UQCRQ.,Am J Hum Genet 82:1211-6 (2008),Oxidative phosphorylation,name_exact,1.0
23281071,Mitochondrial complex III deficiency,Oxidative phosphorylation,H02086,hsa00190,"Inherited metabolic disorder, Mitochondrial disease",Mitochondrial complex III deficiency caused by a homozygous UQCRC2 mutation presenting with neonatal-onset recurrent metabolic decompensation.,Hum Mutat 34:446-52 (2013),Oxidative phosphorylation,name_exact,1.0
23910460,Mitochondrial complex III deficiency,Oxidative phosphorylation,H02086,hsa00190,"Inherited metabolic disorder, Mitochondrial disease","Mutations in CYC1, encoding cytochrome c1 subunit of respiratory chain complex III, cause insulin-responsive hyperglycemia.",Am J Hum Genet 93:384-9 (2013),Oxidative phosphorylation,name_exact,1.0
24385928,Mitochondrial complex III deficiency,Oxidative phosphorylation,H02086,hsa00190,"Inherited metabolic disorder, Mitochondrial disease","Mutations in the UQCC1-interacting protein, UQCC2, cause human complex III deficiency associated with perturbed cytochrome b protein expression.",PLoS Genet 9:e1004034 (2013),Oxidative phosphorylation,name_exact,1.0
26912632,Mitochondrial complex III deficiency,Oxidative phosphorylation,H02086,hsa00190,"Inherited metabolic disorder, Mitochondrial disease",LYRM7 mutations cause a multifocal cavitating leukoencephalopathy with distinct MRI appearance.,Brain 139:782-94 (2016),Oxidative phosphorylation,name_exact,1.0
25008109,Mitochondrial complex III deficiency,Oxidative phosphorylation,H02086,hsa00190,"Inherited metabolic disorder, Mitochondrial disease","A mutation in the human CBP4 ortholog UQCC3 impairs complex III assembly, activity and cytochrome b stability.",Hum Mol Genet 23:6356-65 (2014),Oxidative phosphorylation,name_exact,1.0
31883641,Mitochondrial complex III deficiency,Oxidative phosphorylation,H02086,hsa00190,"Inherited metabolic disorder, Mitochondrial disease","Bi-Allelic UQCRFS1 Variants Are Associated with Mitochondrial Complex III Deficiency, Cardiomyopathy, and Alopecia Totalis.",Am J Hum Genet 106:102-111 (2020),Oxidative phosphorylation,name_exact,1.0
34750991,Mitochondrial complex III deficiency,Oxidative phosphorylation,H02086,hsa00190,"Inherited metabolic disorder, Mitochondrial disease",Characterising a homozygous two-exon deletion in UQCRH: comparing human and mouse phenotypes.,EMBO Mol Med 13:e14397 (2021),Oxidative phosphorylation,name_exact,1.0
28792876,"Vertebral, cardiac, renal, and limb defects syndrome",Biosynthesis of cofactors,H02087,hsa01240,Inherited metabolic disorder,"NAD Deficiency, Congenital Malformations, and Niacin Supplementation.",N Engl J Med 377:544-552 (2017),Heme synthesis,kegg_id_crossref,0.875
31883644,"Vertebral, cardiac, renal, and limb defects syndrome",Biosynthesis of cofactors,H02087,hsa01240,Inherited metabolic disorder,Bi-allelic Mutations in NADSYN1 Cause Multiple Organ Defects and Expand the Genotypic Spectrum of Congenital NAD Deficiency Disorders.,Am J Hum Genet 106:129-136 (2020),Heme synthesis,kegg_id_crossref,0.875
28792876,"Vertebral, cardiac, renal, and limb defects syndrome",Tryptophan metabolism,H02087,hsa00380,Inherited metabolic disorder,"NAD Deficiency, Congenital Malformations, and Niacin Supplementation.",N Engl J Med 377:544-552 (2017),Tryptophan metabolism,kegg_id_crossref,0.955
31883644,"Vertebral, cardiac, renal, and limb defects syndrome",Tryptophan metabolism,H02087,hsa00380,Inherited metabolic disorder,Bi-allelic Mutations in NADSYN1 Cause Multiple Organ Defects and Expand the Genotypic Spectrum of Congenital NAD Deficiency Disorders.,Am J Hum Genet 106:129-136 (2020),Tryptophan metabolism,kegg_id_crossref,0.955
3227291,Trehalase deficiency,Starch and sucrose metabolism,H02090,hsa00500,Inherited metabolic disorder,Trehalase deficiency in Greenland.,Scand J Gastroenterol 23:775-8 (1988),Starch and sucrose metabolism,kegg_id_crossref,0.875
28406212,Trehalase deficiency,Starch and sucrose metabolism,H02090,hsa00500,Inherited metabolic disorder,Human knockouts and phenotypic analysis in a cohort with a high rate of consanguinity.,Nature 544:235-239 (2017),Starch and sucrose metabolism,kegg_id_crossref,0.875
10884712,Trehalase deficiency,Starch and sucrose metabolism,H02090,hsa00500,Inherited metabolic disorder,Intestinal trehalase activity in a UK population: establishing a normal range and the effect of disease.,Br J Nutr 83:241-5 (2000),Starch and sucrose metabolism,kegg_id_crossref,0.875
15216544,Perrault syndrome,Primary bile acid biosynthesis,H02095,hsa00120,Congenital malformation,Perrault syndrome: evidence for progressive nervous system involvement.,Am J Med Genet A 128A:246-9 (2004),Bile acid synthesis,kegg_id_crossref,0.833
21464306,Perrault syndrome,Primary bile acid biosynthesis,H02095,hsa00120,Congenital malformation,Mutations in mitochondrial histidyl tRNA synthetase HARS2 cause ovarian dysgenesis and sensorineural hearing loss of Perrault syndrome.,Proc Natl Acad Sci U S A 108:6543-8 (2011),Bile acid synthesis,kegg_id_crossref,0.833
23541340,Perrault syndrome,Primary bile acid biosynthesis,H02095,hsa00120,Congenital malformation,"Perrault syndrome is caused by recessive mutations in CLPP, encoding a mitochondrial ATP-dependent chambered protease.",Am J Hum Genet 92:605-13 (2013),Bile acid synthesis,kegg_id_crossref,0.833
23541342,Perrault syndrome,Primary bile acid biosynthesis,H02095,hsa00120,Congenital malformation,"Mutations in LARS2, encoding mitochondrial leucyl-tRNA synthetase, lead to premature ovarian failure and hearing loss in Perrault syndrome.",Am J Hum Genet 92:614-20 (2013),Bile acid synthesis,kegg_id_crossref,0.833
25355836,Perrault syndrome,Primary bile acid biosynthesis,H02095,hsa00120,Congenital malformation,Mutations in Twinkle primase-helicase cause Perrault syndrome with neurologic features.,Neurology 83:2054-61 (2014),Bile acid synthesis,kegg_id_crossref,0.833
28449065,Perrault syndrome,Primary bile acid biosynthesis,H02095,hsa00120,Congenital malformation,"A homozygous missense mutation in ERAL1, encoding a mitochondrial rRNA chaperone, causes Perrault syndrome.",Hum Mol Genet 26:2541-2550 (2017),Bile acid synthesis,kegg_id_crossref,0.833
39701103,Perrault syndrome,Primary bile acid biosynthesis,H02095,hsa00120,Congenital malformation,Bi-allelic variants in DAP3 result in reduced assembly of the mitoribosomal small subunit with altered apoptosis and a Perrault-syndrome-spectrum phenotype.,Am J Hum Genet 112:59-74 (2025),Bile acid synthesis,kegg_id_crossref,0.833
18536048,Peroxisomal acyl-CoA oxidase deficiency,Biosynthesis of unsaturated fatty acids,H02096,hsa01040(N00776),Inherited metabolic disorder,Peroxisomal acyl-CoA-oxidase deficiency: two new cases.,Am J Med Genet A 146A:1676-81 (2008),Fatty acid synthesis,kegg_id_crossref,1.0
17458872,Peroxisomal acyl-CoA oxidase deficiency,Biosynthesis of unsaturated fatty acids,H02096,hsa01040(N00776),Inherited metabolic disorder,"Clinical, biochemical, and mutational spectrum of peroxisomal acyl-coenzyme A oxidase deficiency.",Hum Mutat 28:904-12 (2007),Fatty acid synthesis,kegg_id_crossref,1.0
16385454,D-bifunctional protein deficiency,Primary bile acid biosynthesis,H02098,hsa00120(N00779),Inherited metabolic disorder,Mutational spectrum of D-bifunctional protein deficiency and structure-based genotype-phenotype analysis.,Am J Hum Genet 78:112-24 (2006),Bile acid synthesis,kegg_id_crossref,0.833
16278854,D-bifunctional protein deficiency,Primary bile acid biosynthesis,H02098,hsa00120(N00779),Inherited metabolic disorder,Clinical and biochemical spectrum of D-bifunctional protein deficiency.,Ann Neurol 59:92-104 (2006),Bile acid synthesis,kegg_id_crossref,0.833
20821052,Alpha-methylacyl-CoA racemase deficiency,Primary bile acid biosynthesis,H02099,hsa00120(N00779),Inherited metabolic disorder,An adult onset case of alpha-methyl-acyl-CoA racemase deficiency.,J Inherit Metab Dis 33 Suppl 3:S349-53 (2010),Bile acid synthesis,kegg_id_crossref,0.833
10655068,Alpha-methylacyl-CoA racemase deficiency,Primary bile acid biosynthesis,H02099,hsa00120(N00779),Inherited metabolic disorder,Mutations in the gene encoding peroxisomal alpha-methylacyl-CoA racemase cause adult-onset sensory motor neuropathy.,Nat Genet 24:188-91 (2000),Bile acid synthesis,kegg_id_crossref,0.833
21841779,Combined malonic and methylmalonic aciduria,"Valine, leucine and isoleucine degradation",H02109,hsa00280,Inherited metabolic disorder,Exome sequencing identifies ACSF3 as a cause of combined malonic and methylmalonic aciduria.,Nat Genet 43:883-6 (2011),"Valine, leucine, and isoleucine metabolism",kegg_id_crossref,0.85
21785126,Combined malonic and methylmalonic aciduria,"Valine, leucine and isoleucine degradation",H02109,hsa00280,Inherited metabolic disorder,Combined malonic and methylmalonic aciduria: exome sequencing reveals mutations in the ACSF3 gene in patients with a non-classic phenotype.,J Med Genet 48:602-5 (2011),"Valine, leucine, and isoleucine metabolism",kegg_id_crossref,0.85
21841779,Combined malonic and methylmalonic aciduria,Fatty acid biosynthesis,H02109,hsa00061,Inherited metabolic disorder,Exome sequencing identifies ACSF3 as a cause of combined malonic and methylmalonic aciduria.,Nat Genet 43:883-6 (2011),Fatty acid synthesis,name_exact,1.0
21785126,Combined malonic and methylmalonic aciduria,Fatty acid biosynthesis,H02109,hsa00061,Inherited metabolic disorder,Combined malonic and methylmalonic aciduria: exome sequencing reveals mutations in the ACSF3 gene in patients with a non-classic phenotype.,J Med Genet 48:602-5 (2011),Fatty acid synthesis,name_exact,1.0
22405087,Infantile cerebellar-retinal degeneration,Citrate cycle (TCA cycle),H02113,hsa00020,Inherited metabolic disorder; Nervous system disease,"Infantile cerebellar-retinal degeneration associated with a mutation in mitochondrial aconitase, ACO2.",Am J Hum Genet 90:518-23 (2012),Citric acid cycle,kegg_id_crossref,0.588
25351951,Infantile cerebellar-retinal degeneration,Citrate cycle (TCA cycle),H02113,hsa00020,Inherited metabolic disorder; Nervous system disease,"Mutations in the tricarboxylic acid cycle enzyme, aconitase 2, cause either isolated or syndromic optic neuropathy with encephalopathy and cerebellar atrophy.",J Med Genet 51:834-8 (2014),Citric acid cycle,kegg_id_crossref,0.588
22405087,Infantile cerebellar-retinal degeneration,Glyoxylate and dicarboxylate metabolism,H02113,hsa00630,Inherited metabolic disorder; Nervous system disease,"Infantile cerebellar-retinal degeneration associated with a mutation in mitochondrial aconitase, ACO2.",Am J Hum Genet 90:518-23 (2012),ROS detoxification,kegg_id_crossref,1.0
25351951,Infantile cerebellar-retinal degeneration,Glyoxylate and dicarboxylate metabolism,H02113,hsa00630,Inherited metabolic disorder; Nervous system disease,"Mutations in the tricarboxylic acid cycle enzyme, aconitase 2, cause either isolated or syndromic optic neuropathy with encephalopathy and cerebellar atrophy.",J Med Genet 51:834-8 (2014),ROS detoxification,kegg_id_crossref,1.0
9222972,Phosphoserine phosphatase deficiency,"Glycine, serine and threonine metabolism",H02116,hsa00260,Inherited metabolic disorder,Phosphoserine phosphatase deficiency in a patient with Williams syndrome.,J Med Genet 34:594-6 (1997),"Glycine, serine, alanine, and threonine metabolism",kegg_id_crossref,0.929
25080166,Phosphoserine phosphatase deficiency,"Glycine, serine and threonine metabolism",H02116,hsa00260,Inherited metabolic disorder,Phosphoserine phosphatase (PSPH) gene mutation in an intellectual disability family from Pakistan.,Clin Genet 87:296-8 (2015),"Glycine, serine, alanine, and threonine metabolism",kegg_id_crossref,0.929
5547878,Neu-Laxova syndrome,"Glycine, serine and threonine metabolism",H02117,hsa00260,Inherited metabolic disorder,A lethal syndrome of microcephaly with multiple congenital anomalies in three siblings.,Pediatrics 47:610-2 (1971),"Glycine, serine, alanine, and threonine metabolism",kegg_id_crossref,0.929
14994231,Neu-Laxova syndrome,"Glycine, serine and threonine metabolism",H02117,hsa00260,Inherited metabolic disorder,Neu-Laxova syndrome: detailed prenatal diagnostic and post-mortem findings and literature review.,Am J Med Genet A 125A:240-9 (2004),"Glycine, serine, alanine, and threonine metabolism",kegg_id_crossref,0.929
24836451,Neu-Laxova syndrome,"Glycine, serine and threonine metabolism",H02117,hsa00260,Inherited metabolic disorder,"Neu-Laxova syndrome, an inborn error of serine metabolism, is caused by mutations in PHGDH.",Am J Hum Genet 94:898-904 (2014),"Glycine, serine, alanine, and threonine metabolism",kegg_id_crossref,0.929
25152457,Neu-Laxova syndrome,"Glycine, serine and threonine metabolism",H02117,hsa00260,Inherited metabolic disorder,Neu-Laxova syndrome is a heterogeneous metabolic disorder caused by defects in enzymes of the L-serine biosynthesis pathway.,Am J Hum Genet 95:285-93 (2014),"Glycine, serine, alanine, and threonine metabolism",kegg_id_crossref,0.929
5547878,Neu-Laxova syndrome,Vitamin B6 metabolism,H02117,hsa00750,Inherited metabolic disorder,A lethal syndrome of microcephaly with multiple congenital anomalies in three siblings.,Pediatrics 47:610-2 (1971),Vitamin B6 metabolism,kegg_id_crossref,1.0
14994231,Neu-Laxova syndrome,Vitamin B6 metabolism,H02117,hsa00750,Inherited metabolic disorder,Neu-Laxova syndrome: detailed prenatal diagnostic and post-mortem findings and literature review.,Am J Med Genet A 125A:240-9 (2004),Vitamin B6 metabolism,kegg_id_crossref,1.0
24836451,Neu-Laxova syndrome,Vitamin B6 metabolism,H02117,hsa00750,Inherited metabolic disorder,"Neu-Laxova syndrome, an inborn error of serine metabolism, is caused by mutations in PHGDH.",Am J Hum Genet 94:898-904 (2014),Vitamin B6 metabolism,kegg_id_crossref,1.0
25152457,Neu-Laxova syndrome,Vitamin B6 metabolism,H02117,hsa00750,Inherited metabolic disorder,Neu-Laxova syndrome is a heterogeneous metabolic disorder caused by defects in enzymes of the L-serine biosynthesis pathway.,Am J Hum Genet 95:285-93 (2014),Vitamin B6 metabolism,kegg_id_crossref,1.0
7395825,Yunis-Varon syndrome,Inositol phosphate metabolism,H02127,hsa00562,Congenital malformation,"Cleidocranial dysostosis, severe micrognathism, bilateral absence of thumbs and first metatarsal bone, and distal aphalangia: a new genetic syndrome.",Am J Dis Child 134:649-53 (1980),Inositol phosphate metabolism,kegg_id_crossref,1.0
23623387,Yunis-Varon syndrome,Inositol phosphate metabolism,H02127,hsa00562,Congenital malformation,"Yunis-Varon syndrome is caused by mutations in FIG4, encoding a phosphoinositide phosphatase.",Am J Hum Genet 92:781-91 (2013),Inositol phosphate metabolism,kegg_id_crossref,1.0
18203163,Yunis-Varon syndrome,Inositol phosphate metabolism,H02127,hsa00562,Congenital malformation,Yunis-Varon syndrome: further delineation of the phenotype.,Am J Med Genet A 146A:532-7 (2008),Inositol phosphate metabolism,kegg_id_crossref,1.0
20286155,Laurence-Moon syndrome,Glycerophospholipid metabolism,H02137,hsa00564,Nervous system disease,Familial eunuchoidism; the Laurence-Moon-Biedl syndrome.,J Urol 57:427-45 (1947),Oxidative phosphorylation,kegg_id_crossref,1.0
25480986,Laurence-Moon syndrome,Glycerophospholipid metabolism,H02137,hsa00564,Nervous system disease,Neuropathy target esterase impairments cause Oliver-McFarlane and Laurence-Moon syndromes.,J Med Genet 52:85-94 (2015),Oxidative phosphorylation,kegg_id_crossref,1.0
5806782,Boucher-Neuhauser syndrome,Glycerophospholipid metabolism,H02140,hsa00564,Nervous system disease,"Familial ataxia, hypogonadism and retinal degeneration.",Acta Neurol Scand 45:507-10 (1969),Oxidative phosphorylation,kegg_id_crossref,1.0
1149314,Boucher-Neuhauser syndrome,Glycerophospholipid metabolism,H02140,hsa00564,Nervous system disease,Autosomal recessive syndrome of cerebellar ataxia and hypogonadotropic hypogonadism.,Clin Genet 7:426-34 (1975),Oxidative phosphorylation,kegg_id_crossref,1.0
25359264,Boucher-Neuhauser syndrome,Glycerophospholipid metabolism,H02140,hsa00564,Nervous system disease,"Boucher-Neuhauser syndrome: cerebellar degeneration, chorioretinal dystrophy and hypogonadotropic hypogonadism: two novel cases and a review of 40 cases from the  literature.",J Neurol 262:194-202 (2015),Oxidative phosphorylation,kegg_id_crossref,1.0
25267340,Boucher-Neuhauser syndrome,Glycerophospholipid metabolism,H02140,hsa00564,Nervous system disease,Compound heterozygous PNPLA6 mutations cause Boucher-Neuhauser syndrome with late-onset ataxia.,J Neurol 261:2411-23 (2014),Oxidative phosphorylation,kegg_id_crossref,1.0
24355708,Boucher-Neuhauser syndrome,Glycerophospholipid metabolism,H02140,hsa00564,Nervous system disease,PNPLA6 mutations cause Boucher-Neuhauser and Gordon Holmes syndromes as part of a broad neurodegenerative spectrum.,Brain 137:69-77 (2014),Oxidative phosphorylation,kegg_id_crossref,1.0
25033069,Boucher-Neuhauser syndrome,Glycerophospholipid metabolism,H02140,hsa00564,Nervous system disease,Loss-of-function mutations in PNPLA6 encoding neuropathy target esterase underlie pubertal failure and neurological deficits in Gordon Holmes syndrome.,J Clin Endocrinol Metab 99:E2067-75 (2014),Oxidative phosphorylation,kegg_id_crossref,1.0
30148122,Benign recurrent intrahepatic cholestasis,Cholesterol metabolism,H02192,hsa04979,Digestive system disease,New Insights in Genetic Cholestasis: From Molecular Mechanisms to Clinical Implications.,Can J Gastroenterol Hepatol 2018:2313675 (2018),Cholesterol metabolism,name_exact,1.0
22229830,Benign recurrent intrahepatic cholestasis,Cholesterol metabolism,H02192,hsa04979,Digestive system disease,Benign recurrent intrahepatic cholestasis: review and long-term follow-up of five cases.,Scand J Gastroenterol 47:482-8 (2012),Cholesterol metabolism,name_exact,1.0
20955958,Benign recurrent intrahepatic cholestasis,Cholesterol metabolism,H02192,hsa04979,Digestive system disease,"Familial cholestasis: progressive familial intrahepatic cholestasis, benign recurrent intrahepatic cholestasis and intrahepatic cholestasis of pregnancy.",Best Pract Res Clin Gastroenterol 24:541-53 (2010),Cholesterol metabolism,name_exact,1.0
9500542,Benign recurrent intrahepatic cholestasis,Cholesterol metabolism,H02192,hsa04979,Digestive system disease,A gene encoding a P-type ATPase mutated in two forms of hereditary cholestasis.,Nat Genet 18:219-24 (1998),Cholesterol metabolism,name_exact,1.0
15300568,Benign recurrent intrahepatic cholestasis,Cholesterol metabolism,H02192,hsa04979,Digestive system disease,Benign recurrent intrahepatic cholestasis type 2 is caused by mutations in ABCB11.,Gastroenterology 127:379-84 (2004),Cholesterol metabolism,name_exact,1.0
7708681,Aceruloplasminemia,Porphyrin metabolism,H02206,hsa00860,Nervous system disease,Aceruloplasminemia: molecular characterization of this disorder of iron metabolism.,Proc Natl Acad Sci U S A 92:2539-43 (1995),Heme degradation,kegg_id_crossref,1.0
7755360,Aceruloplasminemia,Porphyrin metabolism,H02206,hsa00860,Nervous system disease,Hereditary ceruloplasmin deficiency with hemosiderosis: a clinicopathological study of a Japanese family.,Ann Neurol 37:646-56 (1995),Heme degradation,kegg_id_crossref,1.0
16437574,Pantothenate kinase-associated neurodegeneration,Pantothenate and CoA biosynthesis,H02208,hsa00770,Nervous system disease,Genotypic and phenotypic spectrum of PANK2 mutations in patients with neurodegeneration with brain iron accumulation.,Ann Neurol 59:248-56 (2006),CoA synthesis,kegg_id_crossref,0.857
11479594,Pantothenate kinase-associated neurodegeneration,Pantothenate and CoA biosynthesis,H02208,hsa00770,Nervous system disease,A novel pantothenate kinase gene (PANK2) is defective in Hallervorden-Spatz syndrome.,Nat Genet 28:345-9 (2001),CoA synthesis,kegg_id_crossref,0.857
12058097,HARP syndrome,Pantothenate and CoA biosynthesis,H02209,hsa00770,Nervous system disease,HARP syndrome is allelic with pantothenate kinase-associated neurodegeneration.,Neurology 58:1673-4 (2002),CoA synthesis,kegg_id_crossref,0.857
14638969,HARP syndrome,Pantothenate and CoA biosynthesis,H02209,hsa00770,Nervous system disease,Compound heterozygous PANK2 mutations confirm HARP and Hallervorden-Spatz syndromes are allelic.,Neurology 61:1423-6 (2003),CoA synthesis,kegg_id_crossref,0.857
28396750,DDOD syndrome,Oxidative phosphorylation,H02219,hsa00190,Congenital malformation,Dominant deafness-onychodystrophy syndrome caused by an ATP6V1B2 mutation.,Clin Case Rep 5:376-379 (2017),Oxidative phosphorylation,name_exact,1.0
24913193,DDOD syndrome,Oxidative phosphorylation,H02219,hsa00190,Congenital malformation,De novo mutation in ATP6V1B2 impairs lysosome acidification and causes dominant deafness-onychodystrophy syndrome.,Cell Res 24:1370-3 (2014),Oxidative phosphorylation,name_exact,1.0
10996775,AMP deaminase deficiency,Purine metabolism,H02237,hsa00230,Inherited metabolic disorder,Myoadenylate deaminase deficiency with progressive muscle weakness and atrophy caused by new missense mutations in AMPD1 gene: case report in a Japanese patient.,Neuromuscul Disord 10:472-7 (2000),Purine catabolism,kegg_id_crossref,1.0
8004104,AMP deaminase deficiency,Purine metabolism,H02237,hsa00230,Inherited metabolic disorder,A point mutation responsible for human erythrocyte AMP deaminase deficiency.,Hum Mol Genet 3:331-4 (1994),Purine catabolism,kegg_id_crossref,1.0
28882145,"Ehlers-Danlos syndrome, spondylodysplastic type",Glycosaminoglycan biosynthesis - chondroitin sulfate / dermatan sulfate,H02239,hsa00532(N01574),Congenital malformation,Expanding the clinical and mutational spectrum of B4GALT7-spondylodysplastic Ehlers-Danlos syndrome.,Orphanet J Rare Dis 12:153 (2017),Chondroitin synthesis,kegg_id_crossref,1.0
15211654,"Ehlers-Danlos syndrome, spondylodysplastic type",Glycosaminoglycan biosynthesis - chondroitin sulfate / dermatan sulfate,H02239,hsa00532(N01574),Congenital malformation,A novel missense mutation in the galactosyltransferase-I (B4GALT7) gene in a family exhibiting facioskeletal anomalies and Ehlers-Danlos syndrome resembling the progeroid type.,Am J Med Genet A 128A:39-45 (2004),Chondroitin synthesis,kegg_id_crossref,1.0
23664117,"Ehlers-Danlos syndrome, spondylodysplastic type",Glycosaminoglycan biosynthesis - chondroitin sulfate / dermatan sulfate,H02239,hsa00532(N01574),Congenital malformation,"Mutations in B3GALT6, which encodes a glycosaminoglycan linker region enzyme, cause a spectrum of skeletal and connective tissue disorders.",Am J Hum Genet 92:927-34 (2013),Chondroitin synthesis,kegg_id_crossref,1.0
18513683,"Ehlers-Danlos syndrome, spondylodysplastic type",Glycosaminoglycan biosynthesis - chondroitin sulfate / dermatan sulfate,H02239,hsa00532(N01574),Congenital malformation,Spondylocheiro dysplastic form of the Ehlers-Danlos syndrome--an autosomal-recessive entity caused by mutations in the zinc transporter gene SLC39A13.,Am J Hum Genet 82:1290-305 (2008),Chondroitin synthesis,kegg_id_crossref,1.0
28882145,"Ehlers-Danlos syndrome, spondylodysplastic type",Glycosaminoglycan biosynthesis - heparan sulfate / heparin,H02239,hsa00534(N01574),Congenital malformation,Expanding the clinical and mutational spectrum of B4GALT7-spondylodysplastic Ehlers-Danlos syndrome.,Orphanet J Rare Dis 12:153 (2017),Chondroitin synthesis,kegg_id_crossref,1.0
15211654,"Ehlers-Danlos syndrome, spondylodysplastic type",Glycosaminoglycan biosynthesis - heparan sulfate / heparin,H02239,hsa00534(N01574),Congenital malformation,A novel missense mutation in the galactosyltransferase-I (B4GALT7) gene in a family exhibiting facioskeletal anomalies and Ehlers-Danlos syndrome resembling the progeroid type.,Am J Med Genet A 128A:39-45 (2004),Chondroitin synthesis,kegg_id_crossref,1.0
23664117,"Ehlers-Danlos syndrome, spondylodysplastic type",Glycosaminoglycan biosynthesis - heparan sulfate / heparin,H02239,hsa00534(N01574),Congenital malformation,"Mutations in B3GALT6, which encodes a glycosaminoglycan linker region enzyme, cause a spectrum of skeletal and connective tissue disorders.",Am J Hum Genet 92:927-34 (2013),Chondroitin synthesis,kegg_id_crossref,1.0
18513683,"Ehlers-Danlos syndrome, spondylodysplastic type",Glycosaminoglycan biosynthesis - heparan sulfate / heparin,H02239,hsa00534(N01574),Congenital malformation,Spondylocheiro dysplastic form of the Ehlers-Danlos syndrome--an autosomal-recessive entity caused by mutations in the zinc transporter gene SLC39A13.,Am J Hum Genet 82:1290-305 (2008),Chondroitin synthesis,kegg_id_crossref,1.0
25703627,Ehlers-Danlos syndrome musculocontractural type,Glycosaminoglycan biosynthesis - chondroitin sulfate / dermatan sulfate,H02246,hsa00532(N01581),Congenital malformation,Genetic heterogeneity and clinical variability in musculocontractural Ehlers-Danlos syndrome caused by impaired dermatan sulfate biosynthesis.,Hum Mutat 36:535-47 (2015),Chondroitin synthesis,kegg_id_crossref,1.0
20842734,Ehlers-Danlos syndrome musculocontractural type,Glycosaminoglycan biosynthesis - chondroitin sulfate / dermatan sulfate,H02246,hsa00532(N01581),Congenital malformation,Musculocontractural Ehlers-Danlos Syndrome (former EDS type VIB) and adducted thumb clubfoot syndrome (ATCS) represent a single clinical entity caused by mutations in the dermatan-4-sulfotransferase 1 encoding CHST14 gene.,Hum Mutat 31:1233-9 (2010),Chondroitin synthesis,kegg_id_crossref,1.0
23704329,Ehlers-Danlos syndrome musculocontractural type,Glycosaminoglycan biosynthesis - chondroitin sulfate / dermatan sulfate,H02246,hsa00532(N01581),Congenital malformation,Loss of dermatan sulfate epimerase (DSE) function results in musculocontractural Ehlers-Danlos syndrome.,Hum Mol Genet 22:3761-72 (2013),Chondroitin synthesis,kegg_id_crossref,1.0
22229330,MEND syndrome,Steroid biosynthesis,H02248,hsa00100,Congenital malformation,Conradi-Hunermann-Happle syndrome in males vs. MEND syndrome (male EBP disorder with neurological defects).,Br J Dermatol 166:1309-13 (2012),Cholesterol metabolism,kegg_id_crossref,0.312
20949533,MEND syndrome,Steroid biosynthesis,H02248,hsa00100,Congenital malformation,A novel X-linked multiple congenital anomaly syndrome associated with an EBP mutation.,Am J Med Genet A 152A:2838-44 (2010),Cholesterol metabolism,kegg_id_crossref,0.312
4371326,Santavuori-Haltia disease,Fatty acid metabolism,H02277,hsa01212,"Inherited metabolic disorder, Lysosomal disease",Infantile type of so-called neuronal ceroid-lipofuscinosis.,Dev Med Child Neurol 16:644-53 (1974),Fatty acid oxidation,kegg_id_crossref,0.774
16571600,Santavuori-Haltia disease,Fatty acid metabolism,H02277,hsa01212,"Inherited metabolic disorder, Lysosomal disease",Palmitoyl-protein thioesterase-1 deficiency leads to the activation of caspase-9 and contributes to rapid neurodegeneration in INCL.,Hum Mol Genet 15:1580-6 (2006),Fatty acid oxidation,kegg_id_crossref,0.774
4371326,Santavuori-Haltia disease,Fatty acid elongation,H02277,hsa00062,"Inherited metabolic disorder, Lysosomal disease",Infantile type of so-called neuronal ceroid-lipofuscinosis.,Dev Med Child Neurol 16:644-53 (1974),Fatty acid oxidation,kegg_id_crossref,0.645
16571600,Santavuori-Haltia disease,Fatty acid elongation,H02277,hsa00062,"Inherited metabolic disorder, Lysosomal disease",Palmitoyl-protein thioesterase-1 deficiency leads to the activation of caspase-9 and contributes to rapid neurodegeneration in INCL.,Hum Mol Genet 15:1580-6 (2006),Fatty acid oxidation,kegg_id_crossref,0.645
9820300,Leukotriene C4 synthase deficiency,Arachidonic acid metabolism,H02284,hsa00590,Inherited metabolic disorder,Leukotriene C4-synthesis deficiency: a new inborn error of metabolism linked to a fatal developmental syndrome.,Lancet 352:1514-7 (1998),Eicosanoid metabolism,kegg_id_crossref,1.0
10896305,Leukotriene C4 synthase deficiency,Arachidonic acid metabolism,H02284,hsa00590,Inherited metabolic disorder,Defects in the synthesis of cysteinyl leukotrienes: a new group of inborn errors of metabolism.,J Inherit Metab Dis 23:404-8 (2000),Eicosanoid metabolism,kegg_id_crossref,1.0
11079193,Leukotriene C4 synthase deficiency,Arachidonic acid metabolism,H02284,hsa00590,Inherited metabolic disorder,Leukotriene C4 synthesis deficiency: a member of a probably underdiagnosed new group of neurometabolic diseases.,Eur J Pediatr 159:811-8 (2000),Eicosanoid metabolism,kegg_id_crossref,1.0
10947204,Methylmalonate semialdehyde dehydrogenase deficiency,"Valine, leucine and isoleucine degradation",H02285,hsa00280(N00852),Inherited metabolic disorder,Molecular characterization of methylmalonate semialdehyde dehydrogenase deficiency.,J Inherit Metab Dis 23:497-504 (2000),"Valine, leucine, and isoleucine metabolism",kegg_id_crossref,0.85
23835272,Methylmalonate semialdehyde dehydrogenase deficiency,"Valine, leucine and isoleucine degradation",H02285,hsa00280(N00852),Inherited metabolic disorder,Mutations in ALDH6A1 encoding methylmalonate semialdehyde dehydrogenase are associated with dysmyelination and transient methylmalonic aciduria.,Orphanet J Rare Dis 8:98 (2013),"Valine, leucine, and isoleucine metabolism",kegg_id_crossref,0.85
21863277,Methylmalonate semialdehyde dehydrogenase deficiency,"Valine, leucine and isoleucine degradation",H02285,hsa00280(N00852),Inherited metabolic disorder,3-Hydroxyisobutyrate aciduria and mutations in the ALDH6A1 gene coding for methylmalonate semialdehyde dehydrogenase.,J Inherit Metab Dis 35:437-42 (2012),"Valine, leucine, and isoleucine metabolism",kegg_id_crossref,0.85
24916380,"Retinal dystrophy, juvenile cataracts, and short stature syndrome",Retinol metabolism,H02292,hsa00830,Congenital malformation,New syndrome with retinitis pigmentosa is caused by nonsense mutations in retinol dehydrogenase RDH11.,Hum Mol Genet 23:5774-80 (2014),Vitamin A metabolism,kegg_id_crossref,0.8
27991732,Tatton-Brown-Rahman syndrome,Cysteine and methionine metabolism,H02294,hsa00270,Congenital malformation,Acute myeloid leukemia-associated DNMT3A p.Arg882His mutation in a patient with Tatton-Brown-Rahman overgrowth syndrome as a constitutional mutation.,Am J Med Genet A 173:250-253 (2017),Methionine and cysteine metabolism,kegg_id_crossref,0.75
24614070,Tatton-Brown-Rahman syndrome,Cysteine and methionine metabolism,H02294,hsa00270,Congenital malformation,Mutations in the DNA methyltransferase gene DNMT3A cause an overgrowth syndrome with intellectual disability.,Nat Genet 46:385-8 (2014),Methionine and cysteine metabolism,kegg_id_crossref,0.75
28054173,Alopecia-mental retardation syndrome,Steroid biosynthesis,H02303,hsa00100,Congenital malformation,Association of AHSG with alopecia and mental retardation (APMR) syndrome.,Hum Genet 136:287-296 (2017),Cholesterol metabolism,kegg_id_crossref,0.312
30723320,Alopecia-mental retardation syndrome,Steroid biosynthesis,H02303,hsa00100,Congenital malformation,"Biallelic pathogenic variants in the lanosterol synthase gene LSS involved in the cholesterol biosynthesis cause alopecia with intellectual disability, a rare recessive neuroectodermal syndrome.",Genet Med 21:2025-2035 (2019),Cholesterol metabolism,kegg_id_crossref,0.312
9758612,Adenosine deaminase deficiency,Purine metabolism,H02309,hsa00230,Immune system disease,Adenosine deaminase deficiency: genotype-phenotype correlations based on expressed activity of 29 mutant alleles.,Am J Hum Genet 63:1049-59 (1998),Purine catabolism,kegg_id_crossref,1.0
12089448,Adenosine deaminase deficiency,Purine metabolism,H02309,hsa00230,Immune system disease,Correction of ADA-SCID by stem cell gene therapy combined with nonmyeloablative conditioning.,Science 296:2410-3 (2002),Purine catabolism,kegg_id_crossref,1.0
10746556,Molybdenum cofactor deficiency,Folate biosynthesis,H02311,hsa00790(N00890),Inherited metabolic disorder,Genetics of molybdenum cofactor deficiency.,Hum Genet 106:157-63 (2000),Tetrahydrobiopterin metabolism,kegg_id_crossref,0.8
12754701,Molybdenum cofactor deficiency,Folate biosynthesis,H02311,hsa00790(N00890),Inherited metabolic disorder,"Mutations in the molybdenum cofactor biosynthetic genes MOCS1, MOCS2, and GEPH.",Hum Mutat 21:569-76 (2003),Tetrahydrobiopterin metabolism,kegg_id_crossref,0.8
28544736,Molybdenum cofactor deficiency,Folate biosynthesis,H02311,hsa00790(N00890),Inherited metabolic disorder,Molybdenum cofactor deficiency: Identification of a patient with homozygote mutation in the MOCS3 gene.,Am J Med Genet A 173:1601-1606 (2017),Tetrahydrobiopterin metabolism,kegg_id_crossref,0.8
15990954,Glutathione synthetase deficiency,Glutathione metabolism,H02312,hsa00480(N00899),Inherited metabolic disorder,Glutathione synthetase deficiency.,Cell Mol Life Sci 62:1938-45 (2005),Glutathione metabolism,kegg_id_crossref,1.0
8896573,Glutathione synthetase deficiency,Glutathione metabolism,H02312,hsa00480(N00899),Inherited metabolic disorder,Mutations in the glutathione synthetase gene cause 5-oxoprolinuria.,Nat Genet 14:361-5 (1996),Glutathione metabolism,kegg_id_crossref,1.0
21651516,5-Oxoprolinase deficiency,Glutathione metabolism,H02313,hsa00480(N00899),Inherited metabolic disorder,5-Oxoprolinase deficiency: report of the first human OPLAH mutation.,Clin Genet 82:193-6 (2012),Glutathione metabolism,kegg_id_crossref,1.0
23430506,5-Oxoprolinase deficiency,Glutathione metabolism,H02313,hsa00480(N00899),Inherited metabolic disorder,5-Oxoprolinuria in Heterozygous Patients for 5-Oxoprolinase (OPLAH) Missense Changes.,JIMD Rep 7:123-8 (2013),Glutathione metabolism,kegg_id_crossref,1.0
16705068,"Adrenal insufficiency, congenital, with 46XY sex reversal, partial or complete",Steroid hormone biosynthesis,H02314,hsa00140(N00759),Endocrine and metabolic disease,"Homozygous mutation of P450 side-chain cleavage enzyme gene (CYP11A1) in 46, XY patient with adrenal insufficiency, complete sex reversal, and agenesis of corpus callosum.",J Clin Endocrinol Metab 91:2821-6 (2006),Steroid metabolism,kegg_id_crossref,1.0
19116240,"Adrenal insufficiency, congenital, with 46XY sex reversal, partial or complete",Steroid hormone biosynthesis,H02314,hsa00140(N00759),Endocrine and metabolic disease,"A novel homozygous mutation in CYP11A1 gene is associated with late-onset adrenal insufficiency and hypospadias in a 46,XY patient.",J Clin Endocrinol Metab 94:936-9 (2009),Steroid metabolism,kegg_id_crossref,1.0
22968487,"Adrenal insufficiency, congenital, with 46XY sex reversal, partial or complete",Steroid hormone biosynthesis,H02314,hsa00140(N00759),Endocrine and metabolic disease,Delayed diagnosis of adrenal insufficiency in a patient with severe penoscrotal hypospadias due to two novel P450 side-change cleavage enzyme (CYP11A1) mutations (p.R360W; p.R405X).,Eur J Endocrinol 167:881-5 (2012),Steroid metabolism,kegg_id_crossref,1.0
6961921,Hepatic lipase deficiency,Cholesterol metabolism,H02329,hsa04979,Inherited metabolic disorder,Lipoprotein abnormalities associated with a familial deficiency of hepatic lipase.,Atherosclerosis 45:161-79 (1982),Cholesterol metabolism,name_exact,1.0
12777476,Hepatic lipase deficiency,Cholesterol metabolism,H02329,hsa04979,Inherited metabolic disorder,Characterization of a novel mutation causing hepatic lipase deficiency among French Canadians.,J Lipid Res 44:1508-14 (2003),Cholesterol metabolism,name_exact,1.0
2165585,D-glyceric aciduria,Pentose phosphate pathway,H02380,hsa00030,Inherited metabolic disorder,D(+)-glyceric aciduria: etiology and clinical consequences.,Pediatr Res 28:38-41 (1990),Pentose phosphate pathway,kegg_id_crossref,0.45
20949620,D-glyceric aciduria,Pentose phosphate pathway,H02380,hsa00030,Inherited metabolic disorder,D-glyceric aciduria is caused by genetic deficiency of D-glycerate kinase (GLYCTK).,Hum Mutat 31:1280-5 (2010),Pentose phosphate pathway,kegg_id_crossref,0.45
2165585,D-glyceric aciduria,"Glycine, serine and threonine metabolism",H02380,hsa00260,Inherited metabolic disorder,D(+)-glyceric aciduria: etiology and clinical consequences.,Pediatr Res 28:38-41 (1990),"Glycine, serine, alanine, and threonine metabolism",kegg_id_crossref,0.929
20949620,D-glyceric aciduria,"Glycine, serine and threonine metabolism",H02380,hsa00260,Inherited metabolic disorder,D-glyceric aciduria is caused by genetic deficiency of D-glycerate kinase (GLYCTK).,Hum Mutat 31:1280-5 (2010),"Glycine, serine, alanine, and threonine metabolism",kegg_id_crossref,0.929
2165585,D-glyceric aciduria,Glyoxylate and dicarboxylate metabolism,H02380,hsa00630,Inherited metabolic disorder,D(+)-glyceric aciduria: etiology and clinical consequences.,Pediatr Res 28:38-41 (1990),ROS detoxification,kegg_id_crossref,1.0
20949620,D-glyceric aciduria,Glyoxylate and dicarboxylate metabolism,H02380,hsa00630,Inherited metabolic disorder,D-glyceric aciduria is caused by genetic deficiency of D-glycerate kinase (GLYCTK).,Hum Mutat 31:1280-5 (2010),ROS detoxification,kegg_id_crossref,1.0
27058446,Infantile-onset limb and orofacial dyskinesia,Purine metabolism,H02388,hsa00230,Nervous system disease,Biallelic Mutations in PDE10A Lead to Loss of Striatal PDE10A and a Hyperkinetic Movement Disorder with Onset in Infancy.,Am J Hum Genet 98:735-43 (2016),Purine catabolism,kegg_id_crossref,1.0
19839042,Calvarial doughnut lesions with bone fragility,Sphingolipid metabolism,H02395,hsa00600,Musculoskeletal disease,Calvarial doughnut lesions and osteoporosis: a new three-generation family and review.,Am J Med Genet A 149A:2371-7 (2009),Sphingolipid metabolism,kegg_id_crossref,0.714
30779713,Calvarial doughnut lesions with bone fragility,Sphingolipid metabolism,H02395,hsa00600,Musculoskeletal disease,Osteoporosis and skeletal dysplasia caused by pathogenic variants in SGMS2.,JCI Insight 4:126180 (2019),Sphingolipid metabolism,kegg_id_crossref,0.714
29443383,Al-Gazali syndrome,Glycosaminoglycan biosynthesis - chondroitin sulfate / dermatan sulfate,H02436,hsa00532,Congenital malformation,A B3GALT6 variant in patient originally described as Al-Gazali syndrome and implicating the endoplasmic reticulum quality control in the mechanism of some beta3GalT6-pathy mutations.,Clin Genet 93:1148-1158 (2018),Chondroitin synthesis,kegg_id_crossref,1.0
15602085,Al-Gazali syndrome,Glycosaminoglycan biosynthesis - chondroitin sulfate / dermatan sulfate,H02436,hsa00532,Congenital malformation,Further delineation of Al-Gazali syndrome (multiple skeletal abnormalities with anterior segment anomalies of the eye and early lethality) in a Malaysian family.,Clin Dysmorphol 14:1-5 (2005),Chondroitin synthesis,kegg_id_crossref,1.0
29443383,Al-Gazali syndrome,Glycosaminoglycan biosynthesis - heparan sulfate / heparin,H02436,hsa00534,Congenital malformation,A B3GALT6 variant in patient originally described as Al-Gazali syndrome and implicating the endoplasmic reticulum quality control in the mechanism of some beta3GalT6-pathy mutations.,Clin Genet 93:1148-1158 (2018),Chondroitin synthesis,kegg_id_crossref,1.0
15602085,Al-Gazali syndrome,Glycosaminoglycan biosynthesis - heparan sulfate / heparin,H02436,hsa00534,Congenital malformation,Further delineation of Al-Gazali syndrome (multiple skeletal abnormalities with anterior segment anomalies of the eye and early lethality) in a Malaysian family.,Clin Dysmorphol 14:1-5 (2005),Chondroitin synthesis,kegg_id_crossref,1.0
27259054,"Short stature, developmental delay, congenital heart defect",Pentose phosphate pathway,H02439,hsa00030,Inherited metabolic disorder,"Mutations in TKT Are the Cause of a Syndrome Including Short Stature, Developmental Delay, and Congenital Heart Defects.",Am J Hum Genet 98:1235-1242 (2016),Pentose phosphate pathway,kegg_id_crossref,0.45
17502520,"Fleck retina, familial benign",Linoleic acid metabolism,H02440,hsa00591,Nervous system disease,Autofluorescence imaging in a case of benign familial fleck retina.,Arch Ophthalmol 125:714-5 (2007),Linoleate metabolism,kegg_id_crossref,1.0
22137173,"Fleck retina, familial benign",Linoleic acid metabolism,H02440,hsa00591,Nervous system disease,"Biallelic mutations in PLA2G5, encoding group V phospholipase A2, cause benign fleck retina.",Am J Hum Genet 89:782-91 (2011),Linoleate metabolism,kegg_id_crossref,1.0
17502520,"Fleck retina, familial benign",Arachidonic acid metabolism,H02440,hsa00590,Nervous system disease,Autofluorescence imaging in a case of benign familial fleck retina.,Arch Ophthalmol 125:714-5 (2007),Eicosanoid metabolism,kegg_id_crossref,1.0
22137173,"Fleck retina, familial benign",Arachidonic acid metabolism,H02440,hsa00590,Nervous system disease,"Biallelic mutations in PLA2G5, encoding group V phospholipase A2, cause benign fleck retina.",Am J Hum Genet 89:782-91 (2011),Eicosanoid metabolism,kegg_id_crossref,1.0
17502520,"Fleck retina, familial benign",Glycerophospholipid metabolism,H02440,hsa00564,Nervous system disease,Autofluorescence imaging in a case of benign familial fleck retina.,Arch Ophthalmol 125:714-5 (2007),Oxidative phosphorylation,kegg_id_crossref,1.0
22137173,"Fleck retina, familial benign",Glycerophospholipid metabolism,H02440,hsa00564,Nervous system disease,"Biallelic mutations in PLA2G5, encoding group V phospholipase A2, cause benign fleck retina.",Am J Hum Genet 89:782-91 (2011),Oxidative phosphorylation,kegg_id_crossref,1.0
29304374,Congenital disorder of glycosylation with defective fucosylation,Fructose and mannose metabolism,H02451,hsa00051,Inherited metabolic disorder,Biallelic Mutations in FUT8 Cause a Congenital Disorder of Glycosylation with Defective Fucosylation.,Am J Hum Genet 102:188-195 (2018),Fructose and mannose metabolism,kegg_id_crossref,1.0
30503518,Congenital disorder of glycosylation with defective fucosylation,Fructose and mannose metabolism,H02451,hsa00051,Inherited metabolic disorder,Pathogenic Variants in Fucokinase Cause a Congenital Disorder of Glycosylation.,Am J Hum Genet 103:1030-1037 (2018),Fructose and mannose metabolism,kegg_id_crossref,1.0
26792856,Early childhood-onset progressive leukodystrophy,Sphingolipid metabolism,H02468,hsa00600,Inherited metabolic disorder,Deficiency of the alkaline ceramidase ACER3 manifests in early childhood by progressive leukodystrophy.,J Med Genet 53:389-96 (2016),Sphingolipid metabolism,kegg_id_crossref,0.714
28132690,Immunoskeletal dysplasia with neurodevelopmental abnormalities,Glycosaminoglycan biosynthesis - heparan sulfate / heparin,H02491,hsa00534(N01582),Congenital malformation,Mutations in EXTL3 Cause Neuro-immuno-skeletal Dysplasia Syndrome.,Am J Hum Genet 100:281-296 (2017),Chondroitin synthesis,kegg_id_crossref,1.0
28148688,Immunoskeletal dysplasia with neurodevelopmental abnormalities,Glycosaminoglycan biosynthesis - heparan sulfate / heparin,H02491,hsa00534(N01582),Congenital malformation,"EXTL3 mutations cause skeletal dysplasia, immune deficiency, and developmental delay.",J Exp Med 214:623-637 (2017),Chondroitin synthesis,kegg_id_crossref,1.0
18451993,"Gastrointestinal ulceration, recurrent, with dysfunctional platelets",Arachidonic acid metabolism,H02504,hsa00590,Digestive system disease,"Inherited human cPLA(2alpha) deficiency is associated with impaired eicosanoid biosynthesis, small intestinal ulceration, and platelet dysfunction.",J Clin Invest 118:2121-31 (2008),Eicosanoid metabolism,kegg_id_crossref,1.0
25838312,"Gastrointestinal ulceration, recurrent, with dysfunctional platelets",Arachidonic acid metabolism,H02504,hsa00590,Digestive system disease,Cytosolic phospholipase A(2): physiological function and role in disease.,J Lipid Res 56:1386-402 (2015),Eicosanoid metabolism,kegg_id_crossref,1.0
19301036,Atherosclerosis,Cholesterol metabolism,H02505,hsa04979,Cardiovascular disease,Molecular genetics of atherosclerosis.,Hum Genet 125:467-91 (2009),Cholesterol metabolism,name_exact,1.0
15485348,Atherosclerosis,Cholesterol metabolism,H02505,hsa04979,Cardiovascular disease,Genetics of atherosclerosis.,Annu Rev Genomics Hum Genet 5:189-218 (2004),Cholesterol metabolism,name_exact,1.0
30276232,Atherosclerosis,Cholesterol metabolism,H02505,hsa04979,Cardiovascular disease,Molecular mechanisms and genetic regulation in atherosclerosis.,Int J Cardiol Heart Vasc 21:36-44 (2018),Cholesterol metabolism,name_exact,1.0
32378144,Atherosclerosis,Cholesterol metabolism,H02505,hsa04979,Cardiovascular disease,Anti-inflammatory Action of Statins in Cardiovascular Disease: the Role of Inflammasome and Toll-Like Receptor Pathways.,Clin Rev Allergy Immunol 60:175-199 (2021),Cholesterol metabolism,name_exact,1.0
28757203,Neonatal severe encephalopathy with lactic acidosis and brain abnormalities,Biosynthesis of cofactors,H02518,hsa01240,Inherited metabolic disorder,Biallelic Mutations in LIPT2 Cause a Mitochondrial Lipoylation Defect Associated with Severe Neonatal Encephalopathy.,Am J Hum Genet 101:283-290 (2017),Heme synthesis,kegg_id_crossref,0.875
26971250,Phosphoenolpyruvate carboxykinase deficiency,Glycolysis / Gluconeogenesis,H02520,hsa00010,Inherited metabolic disorder,Cytosolic phosphoenolpyruvate carboxykinase deficiency presenting with acute liver failure following gastroenteritis.,Mol Genet Metab 118:21-7 (2016),Glycolysis/gluconeogenesis,kegg_id_crossref,0.731
8394647,Phosphoenolpyruvate carboxykinase deficiency,Glycolysis / Gluconeogenesis,H02520,hsa00010,Inherited metabolic disorder,Nuclear complementation restores mtDNA levels in cultured cells from a patient with mtDNA depletion.,Am J Hum Genet 53:663-9 (1993),Glycolysis/gluconeogenesis,kegg_id_crossref,0.731
23466304,Phosphoenolpyruvate carboxykinase deficiency,Glycolysis / Gluconeogenesis,H02520,hsa00010,Inherited metabolic disorder,"PEPCK-M expression in mouse liver potentiates, not replaces, PEPCK-C mediated gluconeogenesis.",J Hepatol 59:105-13 (2013),Glycolysis/gluconeogenesis,kegg_id_crossref,0.731
24863970,Phosphoenolpyruvate carboxykinase deficiency,Glycolysis / Gluconeogenesis,H02520,hsa00010,Inherited metabolic disorder,"Three rare diseases in one Sib pair: RAI1, PCK1, GRIN2B mutations associated with Smith-Magenis Syndrome, cytosolic PEPCK deficiency and NMDA receptor glutamate  insensitivity.",Mol Genet Metab 113:161-70 (2014),Glycolysis/gluconeogenesis,kegg_id_crossref,0.731
26971250,Phosphoenolpyruvate carboxykinase deficiency,Citrate cycle (TCA cycle),H02520,hsa00020,Inherited metabolic disorder,Cytosolic phosphoenolpyruvate carboxykinase deficiency presenting with acute liver failure following gastroenteritis.,Mol Genet Metab 118:21-7 (2016),Citric acid cycle,kegg_id_crossref,0.588
8394647,Phosphoenolpyruvate carboxykinase deficiency,Citrate cycle (TCA cycle),H02520,hsa00020,Inherited metabolic disorder,Nuclear complementation restores mtDNA levels in cultured cells from a patient with mtDNA depletion.,Am J Hum Genet 53:663-9 (1993),Citric acid cycle,kegg_id_crossref,0.588
23466304,Phosphoenolpyruvate carboxykinase deficiency,Citrate cycle (TCA cycle),H02520,hsa00020,Inherited metabolic disorder,"PEPCK-M expression in mouse liver potentiates, not replaces, PEPCK-C mediated gluconeogenesis.",J Hepatol 59:105-13 (2013),Citric acid cycle,kegg_id_crossref,0.588
24863970,Phosphoenolpyruvate carboxykinase deficiency,Citrate cycle (TCA cycle),H02520,hsa00020,Inherited metabolic disorder,"Three rare diseases in one Sib pair: RAI1, PCK1, GRIN2B mutations associated with Smith-Magenis Syndrome, cytosolic PEPCK deficiency and NMDA receptor glutamate  insensitivity.",Mol Genet Metab 113:161-70 (2014),Citric acid cycle,kegg_id_crossref,0.588
26971250,Phosphoenolpyruvate carboxykinase deficiency,Pyruvate metabolism,H02520,hsa00620,Inherited metabolic disorder,Cytosolic phosphoenolpyruvate carboxykinase deficiency presenting with acute liver failure following gastroenteritis.,Mol Genet Metab 118:21-7 (2016),Pyruvate metabolism,kegg_id_crossref,0.833
8394647,Phosphoenolpyruvate carboxykinase deficiency,Pyruvate metabolism,H02520,hsa00620,Inherited metabolic disorder,Nuclear complementation restores mtDNA levels in cultured cells from a patient with mtDNA depletion.,Am J Hum Genet 53:663-9 (1993),Pyruvate metabolism,kegg_id_crossref,0.833
23466304,Phosphoenolpyruvate carboxykinase deficiency,Pyruvate metabolism,H02520,hsa00620,Inherited metabolic disorder,"PEPCK-M expression in mouse liver potentiates, not replaces, PEPCK-C mediated gluconeogenesis.",J Hepatol 59:105-13 (2013),Pyruvate metabolism,kegg_id_crossref,0.833
24863970,Phosphoenolpyruvate carboxykinase deficiency,Pyruvate metabolism,H02520,hsa00620,Inherited metabolic disorder,"Three rare diseases in one Sib pair: RAI1, PCK1, GRIN2B mutations associated with Smith-Magenis Syndrome, cytosolic PEPCK deficiency and NMDA receptor glutamate  insensitivity.",Mol Genet Metab 113:161-70 (2014),Pyruvate metabolism,kegg_id_crossref,0.833
27259049,Lipid storage myopathy due to FLAD1 deficiency,Riboflavin metabolism,H02527,hsa00740,Inherited metabolic disorder,Riboflavin-Responsive and -Non-responsive Mutations in FAD Synthase Cause Multiple Acyl-CoA Dehydrogenase and Combined Respiratory-Chain Deficiency.,Am J Hum Genet 98:1130-1145 (2016),Vitamin B2 metabolism,kegg_id_crossref,0.778
31392824,Lipid storage myopathy due to FLAD1 deficiency,Riboflavin metabolism,H02527,hsa00740,Inherited metabolic disorder,FLAD1-associated multiple acyl-CoA dehydrogenase deficiency identified by newborn screening.,Mol Genet Genomic Med 7:e915 (2019),Vitamin B2 metabolism,kegg_id_crossref,0.778
27259049,Lipid storage myopathy due to FLAD1 deficiency,Biosynthesis of cofactors,H02527,hsa01240,Inherited metabolic disorder,Riboflavin-Responsive and -Non-responsive Mutations in FAD Synthase Cause Multiple Acyl-CoA Dehydrogenase and Combined Respiratory-Chain Deficiency.,Am J Hum Genet 98:1130-1145 (2016),Heme synthesis,kegg_id_crossref,0.875
31392824,Lipid storage myopathy due to FLAD1 deficiency,Biosynthesis of cofactors,H02527,hsa01240,Inherited metabolic disorder,FLAD1-associated multiple acyl-CoA dehydrogenase deficiency identified by newborn screening.,Mol Genet Genomic Med 7:e915 (2019),Heme synthesis,kegg_id_crossref,0.875
25385035,Pheochromocytoma/paraganglioma syndrome,Citrate cycle (TCA cycle),H02538,hsa00020,Neoplasm,Paraganglioma and phaeochromocytoma: from genetics to personalized medicine.,Nat Rev Endocrinol 11:101-11 (2015),Citric acid cycle,kegg_id_crossref,0.588
15795514,Pheochromocytoma/paraganglioma syndrome,Citrate cycle (TCA cycle),H02538,hsa00020,Neoplasm,Hereditary paraganglioma/pheochromocytoma and inherited succinate dehydrogenase deficiency.,Horm Res 63:171-9 (2005),Citric acid cycle,kegg_id_crossref,0.588
11343322,Pheochromocytoma/paraganglioma syndrome,Citrate cycle (TCA cycle),H02538,hsa00020,Neoplasm,Novel mutations and the emergence of a common mutation in the SDHD gene causing familial paraganglioma.,Am J Med Genet 100:311-4 (2001),Citric acid cycle,kegg_id_crossref,0.588
19628817,Pheochromocytoma/paraganglioma syndrome,Citrate cycle (TCA cycle),H02538,hsa00020,Neoplasm,"SDH5, a gene required for flavination of succinate dehydrogenase, is mutated in paraganglioma.",Science 325:1139-42 (2009),Citric acid cycle,kegg_id_crossref,0.588
11062460,Pheochromocytoma/paraganglioma syndrome,Citrate cycle (TCA cycle),H02538,hsa00020,Neoplasm,"Mutations in SDHC cause autosomal dominant paraganglioma, type 3.",Nat Genet 26:268-70 (2000),Citric acid cycle,kegg_id_crossref,0.588
11404820,Pheochromocytoma/paraganglioma syndrome,Citrate cycle (TCA cycle),H02538,hsa00020,Neoplasm,Gene mutations in the succinate dehydrogenase subunit SDHB cause susceptibility to familial pheochromocytoma and to familial paraganglioma.,Am J Hum Genet 69:49-54 (2001),Citric acid cycle,kegg_id_crossref,0.588
20484225,Pheochromocytoma/paraganglioma syndrome,Citrate cycle (TCA cycle),H02538,hsa00020,Neoplasm,SDHA is a tumor suppressor gene causing paraganglioma.,Hum Mol Genet 19:3011-20 (2010),Citric acid cycle,kegg_id_crossref,0.588
29431636,Pheochromocytoma/paraganglioma syndrome,Citrate cycle (TCA cycle),H02538,hsa00020,Neoplasm,Germline Mutations in the Mitochondrial 2-Oxoglutarate/Malate Carrier SLC25A11 Gene Confer a Predisposition to Metastatic Paragangliomas.,Cancer Res 78:1914-1922 (2018),Citric acid cycle,kegg_id_crossref,0.588
30929736,Pheochromocytoma/paraganglioma syndrome,Citrate cycle (TCA cycle),H02538,hsa00020,Neoplasm,Recurrent Germline DLST Mutations in Individuals with Multiple Pheochromocytomas and Paragangliomas.,Am J Hum Genet 104:651-664 (2019),Citric acid cycle,kegg_id_crossref,0.588
25385035,Pheochromocytoma/paraganglioma syndrome,Oxidative phosphorylation,H02538,hsa00190,Neoplasm,Paraganglioma and phaeochromocytoma: from genetics to personalized medicine.,Nat Rev Endocrinol 11:101-11 (2015),Oxidative phosphorylation,name_exact,1.0
15795514,Pheochromocytoma/paraganglioma syndrome,Oxidative phosphorylation,H02538,hsa00190,Neoplasm,Hereditary paraganglioma/pheochromocytoma and inherited succinate dehydrogenase deficiency.,Horm Res 63:171-9 (2005),Oxidative phosphorylation,name_exact,1.0
11343322,Pheochromocytoma/paraganglioma syndrome,Oxidative phosphorylation,H02538,hsa00190,Neoplasm,Novel mutations and the emergence of a common mutation in the SDHD gene causing familial paraganglioma.,Am J Med Genet 100:311-4 (2001),Oxidative phosphorylation,name_exact,1.0
19628817,Pheochromocytoma/paraganglioma syndrome,Oxidative phosphorylation,H02538,hsa00190,Neoplasm,"SDH5, a gene required for flavination of succinate dehydrogenase, is mutated in paraganglioma.",Science 325:1139-42 (2009),Oxidative phosphorylation,name_exact,1.0
11062460,Pheochromocytoma/paraganglioma syndrome,Oxidative phosphorylation,H02538,hsa00190,Neoplasm,"Mutations in SDHC cause autosomal dominant paraganglioma, type 3.",Nat Genet 26:268-70 (2000),Oxidative phosphorylation,name_exact,1.0
11404820,Pheochromocytoma/paraganglioma syndrome,Oxidative phosphorylation,H02538,hsa00190,Neoplasm,Gene mutations in the succinate dehydrogenase subunit SDHB cause susceptibility to familial pheochromocytoma and to familial paraganglioma.,Am J Hum Genet 69:49-54 (2001),Oxidative phosphorylation,name_exact,1.0
20484225,Pheochromocytoma/paraganglioma syndrome,Oxidative phosphorylation,H02538,hsa00190,Neoplasm,SDHA is a tumor suppressor gene causing paraganglioma.,Hum Mol Genet 19:3011-20 (2010),Oxidative phosphorylation,name_exact,1.0
29431636,Pheochromocytoma/paraganglioma syndrome,Oxidative phosphorylation,H02538,hsa00190,Neoplasm,Germline Mutations in the Mitochondrial 2-Oxoglutarate/Malate Carrier SLC25A11 Gene Confer a Predisposition to Metastatic Paragangliomas.,Cancer Res 78:1914-1922 (2018),Oxidative phosphorylation,name_exact,1.0
30929736,Pheochromocytoma/paraganglioma syndrome,Oxidative phosphorylation,H02538,hsa00190,Neoplasm,Recurrent Germline DLST Mutations in Individuals with Multiple Pheochromocytomas and Paragangliomas.,Am J Hum Genet 104:651-664 (2019),Oxidative phosphorylation,name_exact,1.0
6883719,Hypertryptophanemia,Tryptophan metabolism,H02545,hsa00380,Inherited metabolic disorder,"Familial hypertryptophanemia, tryptophanuria and indoleketonuria.",Clin Chim Acta 131:247-56 (1983),Tryptophan metabolism,kegg_id_crossref,0.955
28285122,Hypertryptophanemia,Tryptophan metabolism,H02545,hsa00380,Inherited metabolic disorder,"Hypertryptophanemia due to tryptophan 2,3-dioxygenase deficiency.",Mol Genet Metab 120:317-324 (2017),Tryptophan metabolism,kegg_id_crossref,0.955
6883719,Hypertryptophanemia,Biosynthesis of cofactors,H02545,hsa01240,Inherited metabolic disorder,"Familial hypertryptophanemia, tryptophanuria and indoleketonuria.",Clin Chim Acta 131:247-56 (1983),Heme synthesis,kegg_id_crossref,0.875
28285122,Hypertryptophanemia,Biosynthesis of cofactors,H02545,hsa01240,Inherited metabolic disorder,"Hypertryptophanemia due to tryptophan 2,3-dioxygenase deficiency.",Mol Genet Metab 120:317-324 (2017),Heme synthesis,kegg_id_crossref,0.875
25653144,Hypervalinemia and hyperleucine-isoleucinemia,"Valine, leucine and isoleucine degradation",H02546,hsa00280,Inherited metabolic disorder,Hypervalinemia and hyperleucine-isoleucinemia caused by mutations in the branched-chain-amino-acid aminotransferase gene.,J Inherit Metab Dis 38:855-61 (2015),"Valine, leucine, and isoleucine metabolism",kegg_id_crossref,0.85
28417264,Hypervalinemia and hyperleucine-isoleucinemia,"Valine, leucine and isoleucine degradation",H02546,hsa00280,Inherited metabolic disorder,Branched-Chain Amino Acids and Brain Metabolism.,Neurochem Res 42:1697-1709 (2017),"Valine, leucine, and isoleucine metabolism",kegg_id_crossref,0.85
31177572,Hypervalinemia and hyperleucine-isoleucinemia,"Valine, leucine and isoleucine degradation",H02546,hsa00280,Inherited metabolic disorder,Expanding the genetic and phenotypic spectrum of branched-chain amino acid transferase 2 deficiency.,J Inherit Metab Dis 42:809-817 (2019),"Valine, leucine, and isoleucine metabolism",kegg_id_crossref,0.85
25653144,Hypervalinemia and hyperleucine-isoleucinemia,"Valine, leucine and isoleucine biosynthesis",H02546,hsa00290,Inherited metabolic disorder,Hypervalinemia and hyperleucine-isoleucinemia caused by mutations in the branched-chain-amino-acid aminotransferase gene.,J Inherit Metab Dis 38:855-61 (2015),"Valine, leucine, and isoleucine metabolism",kegg_id_crossref,0.3
28417264,Hypervalinemia and hyperleucine-isoleucinemia,"Valine, leucine and isoleucine biosynthesis",H02546,hsa00290,Inherited metabolic disorder,Branched-Chain Amino Acids and Brain Metabolism.,Neurochem Res 42:1697-1709 (2017),"Valine, leucine, and isoleucine metabolism",kegg_id_crossref,0.3
31177572,Hypervalinemia and hyperleucine-isoleucinemia,"Valine, leucine and isoleucine biosynthesis",H02546,hsa00290,Inherited metabolic disorder,Expanding the genetic and phenotypic spectrum of branched-chain amino acid transferase 2 deficiency.,J Inherit Metab Dis 42:809-817 (2019),"Valine, leucine, and isoleucine metabolism",kegg_id_crossref,0.3
25653144,Hypervalinemia and hyperleucine-isoleucinemia,2-Oxocarboxylic acid metabolism,H02546,hsa01210,Inherited metabolic disorder,Hypervalinemia and hyperleucine-isoleucinemia caused by mutations in the branched-chain-amino-acid aminotransferase gene.,J Inherit Metab Dis 38:855-61 (2015),Citric acid cycle,kegg_id_crossref,0.529
28417264,Hypervalinemia and hyperleucine-isoleucinemia,2-Oxocarboxylic acid metabolism,H02546,hsa01210,Inherited metabolic disorder,Branched-Chain Amino Acids and Brain Metabolism.,Neurochem Res 42:1697-1709 (2017),Citric acid cycle,kegg_id_crossref,0.529
31177572,Hypervalinemia and hyperleucine-isoleucinemia,2-Oxocarboxylic acid metabolism,H02546,hsa01210,Inherited metabolic disorder,Expanding the genetic and phenotypic spectrum of branched-chain amino acid transferase 2 deficiency.,J Inherit Metab Dis 42:809-817 (2019),Citric acid cycle,kegg_id_crossref,0.529
31325655,Skeletal dysplasia with joint laxity and advanced bone age,Glycosaminoglycan biosynthesis - chondroitin sulfate / dermatan sulfate,H02551,hsa00532(N01580),Congenital malformation,Biallelic CSGALNACT1-mutations cause a mild skeletal dysplasia.,Bone 127:446-451 (2019),Chondroitin synthesis,kegg_id_crossref,1.0
31705726,Skeletal dysplasia with joint laxity and advanced bone age,Glycosaminoglycan biosynthesis - chondroitin sulfate / dermatan sulfate,H02551,hsa00532(N01580),Congenital malformation,CSGALNACT1-congenital disorder of glycosylation: A mild skeletal dysplasia with advanced bone age.,Hum Mutat 41:655-667 (2020),Chondroitin synthesis,kegg_id_crossref,1.0
26100751,Dopa-responsive dystonia,Folate biosynthesis,H02557,hsa00790(N00702),Nervous system disease,Dopa-responsive dystonia--clinical and genetic heterogeneity.,Nat Rev Neurol 11:414-24 (2015),Tetrahydrobiopterin metabolism,kegg_id_crossref,0.8
19292934,Dopa-responsive dystonia,Folate biosynthesis,H02557,hsa00790(N00702),Nervous system disease,"Autosomal dominant GTP cyclohydrolase I (AD GCH 1) deficiency (Segawa disease, dystonia 5; DYT 5).",Chang Gung Med J 32:1-11 (2009),Tetrahydrobiopterin metabolism,kegg_id_crossref,0.8
7814018,Dopa-responsive dystonia,Folate biosynthesis,H02557,hsa00790(N00702),Nervous system disease,A point mutation in the tyrosine hydroxylase gene associated with Segawa's syndrome.,Hum Genet 95:123-5 (1995),Tetrahydrobiopterin metabolism,kegg_id_crossref,0.8
26100751,Dopa-responsive dystonia,Tyrosine metabolism,H02557,hsa00350(N01530),Nervous system disease,Dopa-responsive dystonia--clinical and genetic heterogeneity.,Nat Rev Neurol 11:414-24 (2015),Tyrosine metabolism,kegg_id_crossref,0.941
19292934,Dopa-responsive dystonia,Tyrosine metabolism,H02557,hsa00350(N01530),Nervous system disease,"Autosomal dominant GTP cyclohydrolase I (AD GCH 1) deficiency (Segawa disease, dystonia 5; DYT 5).",Chang Gung Med J 32:1-11 (2009),Tyrosine metabolism,kegg_id_crossref,0.941
7814018,Dopa-responsive dystonia,Tyrosine metabolism,H02557,hsa00350(N01530),Nervous system disease,A point mutation in the tyrosine hydroxylase gene associated with Segawa's syndrome.,Hum Genet 95:123-5 (1995),Tyrosine metabolism,kegg_id_crossref,0.941
34800363,Yoon-Bellen neurodevelopmental syndrome,Citrate cycle (TCA cycle),H02562,hsa00020,"Inherited metabolic disorder, Mitochondrial disease","Bi-allelic variants in OGDHL cause a neurodevelopmental spectrum disease featuring epilepsy, hearing loss, visual impairment, and ataxia.",Am J Hum Genet 108:2368-2384 (2021),Citric acid cycle,kegg_id_crossref,0.588
32367058,Sorbitol dehydrogenase deficiency with peripheral neuropathy,Fructose and mannose metabolism,H02567,hsa00051,Inherited metabolic disorder,Biallelic mutations in SORD cause a common and potentially treatable hereditary neuropathy with implications for diabetes.,Nat Genet 52:473-481 (2020),Fructose and mannose metabolism,kegg_id_crossref,1.0
32367058,Sorbitol dehydrogenase deficiency with peripheral neuropathy,Pentose and glucuronate interconversions,H02567,hsa00040,Inherited metabolic disorder,Biallelic mutations in SORD cause a common and potentially treatable hereditary neuropathy with implications for diabetes.,Nat Genet 52:473-481 (2020),Pentose phosphate pathway,kegg_id_crossref,0.55
31034465,Oculoskeletodental syndrome,Inositol phosphate metabolism,H02595,hsa00562,Congenital malformation,"Mutations in PIK3C2A cause syndromic short stature, skeletal abnormalities, and cataracts associated with ciliary dysfunction.",PLoS Genet 15:e1008088 (2019),Inositol phosphate metabolism,kegg_id_crossref,1.0
16602102,Disorders of carnitine transport and the carnitine cycle,Fatty acid metabolism,H02596,hsa01212,Inherited metabolic disorder,Disorders of carnitine transport and the carnitine cycle.,Am J Med Genet C Semin Med Genet 142C:77-85 (2006),Fatty acid oxidation,kegg_id_crossref,0.774
21431957,Sepiapterin reductase deficiency,Folate biosynthesis,H02597,hsa00790(N00702),Inherited metabolic disorder,Genotype-phenotype correlations in sepiapterin reductase deficiency. A splicing defect accounts for a new phenotypic variant.,Neurogenetics 12:183-91 (2011),Tetrahydrobiopterin metabolism,kegg_id_crossref,0.8
11443547,Sepiapterin reductase deficiency,Folate biosynthesis,H02597,hsa00790(N00702),Inherited metabolic disorder,Mutations in the sepiapterin reductase gene cause a novel tetrahydrobiopterin-dependent monoamine-neurotransmitter deficiency without hyperphenylalaninemia.,Am J Hum Genet 69:269-77 (2001),Tetrahydrobiopterin metabolism,kegg_id_crossref,0.8
23141293,Alpha-aminoadipic and alpha-ketoadipic aciduria,Lysine degradation,H02644,hsa00310,Inherited metabolic disorder,DHTKD1 mutations cause 2-aminoadipic and 2-oxoadipic aciduria.,Am J Hum Genet 91:1082-7 (2012),Lysine metabolism,kegg_id_crossref,0.929
25860818,Alpha-aminoadipic and alpha-ketoadipic aciduria,Lysine degradation,H02644,hsa00310,Inherited metabolic disorder,Genetic basis of alpha-aminoadipic and alpha-ketoadipic aciduria.,J Inherit Metab Dis 38:873-9 (2015),Lysine metabolism,kegg_id_crossref,0.929
23141293,Alpha-aminoadipic and alpha-ketoadipic aciduria,Tryptophan metabolism,H02644,hsa00380,Inherited metabolic disorder,DHTKD1 mutations cause 2-aminoadipic and 2-oxoadipic aciduria.,Am J Hum Genet 91:1082-7 (2012),Tryptophan metabolism,kegg_id_crossref,0.955
25860818,Alpha-aminoadipic and alpha-ketoadipic aciduria,Tryptophan metabolism,H02644,hsa00380,Inherited metabolic disorder,Genetic basis of alpha-aminoadipic and alpha-ketoadipic aciduria.,J Inherit Metab Dis 38:873-9 (2015),Tryptophan metabolism,kegg_id_crossref,0.955
22825317,Sarcosinemia,"Glycine, serine and threonine metabolism",H02657,hsa00260,Inherited metabolic disorder,Mutations in the sarcosine dehydrogenase gene in patients with sarcosinemia.,Hum Genet 131:1805-10 (2012),"Glycine, serine, alanine, and threonine metabolism",kegg_id_crossref,0.929
23430553,Sarcosinemia,"Glycine, serine and threonine metabolism",H02657,hsa00260,Inherited metabolic disorder,A young adult with sarcosinemia. No benefit from long duration treatment with memantine.,JIMD Rep 9:93-96 (2013),"Glycine, serine, alanine, and threonine metabolism",kegg_id_crossref,0.929
29496980,"Ichthyotic keratoderma, spasticity, hypomyelination, and dysmorphic facial features",Fatty acid elongation,H02675,hsa00062,Congenital malformation,"Dominant ELOVL1 mutation causes neurological disorder with ichthyotic keratoderma, spasticity, hypomyelination and dysmorphic features.",J Med Genet 55:408-414 (2018),Fatty acid oxidation,kegg_id_crossref,0.645
35379526,"Ichthyotic keratoderma, spasticity, hypomyelination, and dysmorphic facial features",Fatty acid elongation,H02675,hsa00062,Congenital malformation,Hypomyelinating spastic dyskinesia and ichthyosis caused by a homozygous splice site mutation leading to exon skipping in ELOVL1.,Brain Dev 44:391-400 (2022),Fatty acid oxidation,kegg_id_crossref,0.645
11857564,Orthostatic hypotension,Tyrosine metabolism,H02751,hsa00350(N01919),Cardiovascular disease,Mutations in the dopamine beta-hydroxylase gene are associated with human norepinephrine deficiency.,Am J Med Genet 108:140-7 (2002),Tyrosine metabolism,kegg_id_crossref,0.941
29343526,Orthostatic hypotension,Tyrosine metabolism,H02751,hsa00350(N01919),Cardiovascular disease,Mutations in CYB561 Causing a Novel Orthostatic Hypotension Syndrome.,Circ Res 122:846-854 (2018),Tyrosine metabolism,kegg_id_crossref,0.941
37460866,Orthostatic hypotension,Tyrosine metabolism,H02751,hsa00350(N01919),Cardiovascular disease,Early-onset hereditary isolated non-neurogenic orthostatic hypotension in a Swedish family.,Clin Auton Res 33:421-432 (2023),Tyrosine metabolism,kegg_id_crossref,0.941
21431947,Orthostatic hypotension,Tyrosine metabolism,H02751,hsa00350(N01919),Cardiovascular disease,"Consensus statement on the definition of orthostatic hypotension, neurally mediated syncope and the postural tachycardia syndrome.",Clin Auton Res 21:69-72 (2011),Tyrosine metabolism,kegg_id_crossref,0.941
33015733,"Neurodevelopmental disorder with cardiomyopathy, spasticity, and brain abnormalities","Glycine, serine and threonine metabolism",H02918,hsa00260(N01791),Congenital malformation,Impairment of the mitochondrial one-carbon metabolism enzyme SHMT2 causes a novel brain and heart developmental syndrome.,Acta Neuropathol 140:971-975 (2020),"Glycine, serine, alanine, and threonine metabolism",kegg_id_crossref,0.929
30475435,Bachmann-Bupp syndrome,Arginine and proline metabolism,H02919,hsa00330(N01623),Inherited metabolic disorder,"Gain-of-function variants in the ODC1 gene cause a syndromic neurodevelopmental disorder associated with macrocephaly, alopecia, dysmorphic features, and  neuroimaging abnormalities.",Am J Med Genet A 176:2554-2560 (2018),Arginine and proline metabolism,kegg_id_crossref,0.69
